-- MySQL Script generated by MySQL Workbench
-- Wed May 27 21:05:37 2020
-- Model: New Model    Version: 1.0
-- MySQL Workbench Forward Engineering

SET @OLD_UNIQUE_CHECKS=@@UNIQUE_CHECKS, UNIQUE_CHECKS=0;
SET @OLD_FOREIGN_KEY_CHECKS=@@FOREIGN_KEY_CHECKS, FOREIGN_KEY_CHECKS=0;
SET @OLD_SQL_MODE=@@SQL_MODE, SQL_MODE='ONLY_FULL_GROUP_BY,STRICT_TRANS_TABLES,NO_ZERO_IN_DATE,NO_ZERO_DATE,ERROR_FOR_DIVISION_BY_ZERO,NO_ENGINE_SUBSTITUTION';

-- -----------------------------------------------------
-- Schema ModulerDatabase
-- -----------------------------------------------------
DROP SCHEMA IF EXISTS `ModulerDatabase` ;

-- -----------------------------------------------------
-- Schema ModulerDatabase
-- -----------------------------------------------------
CREATE SCHEMA IF NOT EXISTS `ModulerDatabase` DEFAULT CHARACTER SET utf8 ;
USE `ModulerDatabase` ;

-- -----------------------------------------------------
-- Table `ModulerDatabase`.`Staff`
-- -----------------------------------------------------
DROP TABLE IF EXISTS `ModulerDatabase`.`Staff` ;

CREATE TABLE IF NOT EXISTS `ModulerDatabase`.`Staff` (
  `staff_ID` INT NOT NULL AUTO_INCREMENT,
  `staff_name` VARCHAR(45) NOT NULL,
  `staff_email` VARCHAR(45) NULL,
  PRIMARY KEY (`staff_ID`),
  UNIQUE INDEX `ID_UNIQUE` (`staff_ID` ASC) VISIBLE)
ENGINE = InnoDB;


-- -----------------------------------------------------
-- Table `ModulerDatabase`.`Courses`
-- -----------------------------------------------------
DROP TABLE IF EXISTS `ModulerDatabase`.`Courses` ;

CREATE TABLE IF NOT EXISTS `ModulerDatabase`.`Courses` (
  `course_ID` INT NOT NULL AUTO_INCREMENT,
  `course_name` VARCHAR(40) NOT NULL,
  `staff_ID` INT NOT NULL,
  PRIMARY KEY (`course_ID`),
  UNIQUE INDEX `idCourses_UNIQUE` (`course_ID` ASC) VISIBLE,
  UNIQUE INDEX `Name_UNIQUE` (`course_name` ASC) VISIBLE,
  UNIQUE INDEX `Coordinator_UNIQUE` (`staff_ID` ASC) VISIBLE,
  CONSTRAINT `coordinator`
    FOREIGN KEY (`staff_ID`)
    REFERENCES `ModulerDatabase`.`Staff` (`staff_ID`)
    ON DELETE NO ACTION
    ON UPDATE NO ACTION)
ENGINE = InnoDB;


-- -----------------------------------------------------
-- Table `ModulerDatabase`.`Modules`
-- -----------------------------------------------------
DROP TABLE IF EXISTS `ModulerDatabase`.`Modules` ;

CREATE TABLE IF NOT EXISTS `ModulerDatabase`.`Modules` (
  `module_ID` INT NOT NULL AUTO_INCREMENT,
  `module_code` VARCHAR(15) NOT NULL,
  `module_name` VARCHAR(45) NOT NULL,
  `staff_ID` INT NOT NULL,
  `module_credits` INT NOT NULL,
  PRIMARY KEY (`module_ID`),
  UNIQUE INDEX `idModules_UNIQUE` (`module_ID` ASC) VISIBLE,
  UNIQUE INDEX `name_UNIQUE` (`module_name` ASC) VISIBLE,
  INDEX `staff_idx` (`staff_ID` ASC) VISIBLE,
  CONSTRAINT `staff`
    FOREIGN KEY (`staff_ID`)
    REFERENCES `ModulerDatabase`.`Staff` (`staff_ID`)
    ON DELETE NO ACTION
    ON UPDATE NO ACTION)
ENGINE = InnoDB;


-- -----------------------------------------------------
-- Table `ModulerDatabase`.`Activity_Type`
-- -----------------------------------------------------
DROP TABLE IF EXISTS `ModulerDatabase`.`Activity_Type` ;

CREATE TABLE IF NOT EXISTS `ModulerDatabase`.`Activity_Type` (
  `activity_type_ID` INT NOT NULL AUTO_INCREMENT,
  `activity_type` VARCHAR(45) NOT NULL,
  PRIMARY KEY (`activity_type_ID`))
ENGINE = InnoDB;


-- -----------------------------------------------------
-- Table `ModulerDatabase`.`Class_Details`
-- -----------------------------------------------------
DROP TABLE IF EXISTS `ModulerDatabase`.`Class_Details` ;

CREATE TABLE IF NOT EXISTS `ModulerDatabase`.`Class_Details` (
  `class_details_ID` INT NOT NULL AUTO_INCREMENT,
  `class_ID` INT NOT NULL,
  `module_ID` INT NOT NULL,
  `class_date` DATE NOT NULL,
  `class_name` VARCHAR(45) NULL,
  `class_description` VARCHAR(45) NULL,
  `staff_ID` INT NULL,
  PRIMARY KEY (`class_details_ID`),
  INDEX `staffclass_idx` (`staff_ID` ASC) VISIBLE,
  CONSTRAINT `staffclass`
    FOREIGN KEY (`staff_ID`)
    REFERENCES `ModulerDatabase`.`Staff` (`staff_ID`)
    ON DELETE NO ACTION
    ON UPDATE NO ACTION)
ENGINE = InnoDB;


-- -----------------------------------------------------
-- Table `ModulerDatabase`.`Activities`
-- -----------------------------------------------------
DROP TABLE IF EXISTS `ModulerDatabase`.`Activities` ;

CREATE TABLE IF NOT EXISTS `ModulerDatabase`.`Activities` (
  `activity_ID` INT NOT NULL AUTO_INCREMENT,
  `module_ID` INT NOT NULL,
  `activity_name` VARCHAR(100) NOT NULL,
  `activity_description` VARCHAR(225) NULL,
  `activity_type_ID` INT NOT NULL,
  `start_date` DATETIME NOT NULL,
  `end_date` DATETIME NOT NULL,
  `hours` DECIMAL(4,1) NULL,
  `module_value` DECIMAL(4,1) NOT NULL,
  `student_hours` DECIMAL(4,1) NULL,
  `grading` VARCHAR(225) NULL,
  `lecture_ID` INT NULL,
  `distribution_ID` INT NULL,
  INDEX `module_idx` (`module_ID` ASC) VISIBLE,
  INDEX `type_idx` (`activity_type_ID` ASC) VISIBLE,
  UNIQUE INDEX `activity_ID_UNIQUE` (`activity_ID` ASC) VISIBLE,
  PRIMARY KEY (`activity_ID`),
  INDEX `lecture_idx` (`lecture_ID` ASC) VISIBLE,
  CONSTRAINT `module`
    FOREIGN KEY (`module_ID`)
    REFERENCES `ModulerDatabase`.`Modules` (`module_ID`)
    ON DELETE NO ACTION
    ON UPDATE NO ACTION,
  CONSTRAINT `type`
    FOREIGN KEY (`activity_type_ID`)
    REFERENCES `ModulerDatabase`.`Activity_Type` (`activity_type_ID`)
    ON DELETE NO ACTION
    ON UPDATE NO ACTION,
  CONSTRAINT `lecture`
    FOREIGN KEY (`lecture_ID`)
    REFERENCES `ModulerDatabase`.`Class_Details` (`class_details_ID`)
    ON DELETE NO ACTION
    ON UPDATE NO ACTION)
ENGINE = InnoDB;


-- -----------------------------------------------------
-- Table `ModulerDatabase`.`Classes`
-- -----------------------------------------------------
DROP TABLE IF EXISTS `ModulerDatabase`.`Classes` ;

CREATE TABLE IF NOT EXISTS `ModulerDatabase`.`Classes` (
  `class_ID` INT NOT NULL AUTO_INCREMENT,
  `module_ID` INT NULL,
  `activity_type_ID` INT NULL,
  `start_time` TIME NULL,
  `end_time` TIME NULL,
  `class_semester` INT NULL,
  `class_day` INT NULL,
  `class_location` VARCHAR(10) NULL,
  PRIMARY KEY (`class_ID`))
ENGINE = InnoDB;


-- -----------------------------------------------------
-- Table `ModulerDatabase`.`Students`
-- -----------------------------------------------------
DROP TABLE IF EXISTS `ModulerDatabase`.`Students` ;

CREATE TABLE IF NOT EXISTS `ModulerDatabase`.`Students` (
  `student_ID` INT NOT NULL AUTO_INCREMENT,
  `student_name` VARCHAR(45) NULL,
  `course_ID` INT NULL,
  `student_email` VARCHAR(45) NULL,
  `student_number` INT NULL,
  PRIMARY KEY (`student_ID`))
ENGINE = InnoDB;


-- -----------------------------------------------------
-- Table `ModulerDatabase`.`Days`
-- -----------------------------------------------------
DROP TABLE IF EXISTS `ModulerDatabase`.`Days` ;

CREATE TABLE IF NOT EXISTS `ModulerDatabase`.`Days` (
  `day_ID` INT NOT NULL,
  `day` VARCHAR(10) NULL,
  PRIMARY KEY (`day_ID`))
ENGINE = InnoDB;


-- -----------------------------------------------------
-- Table `ModulerDatabase`.`Student_Progress`
-- -----------------------------------------------------
DROP TABLE IF EXISTS `ModulerDatabase`.`Student_Progress` ;

CREATE TABLE IF NOT EXISTS `ModulerDatabase`.`Student_Progress` (
  `progress_ID` INT NOT NULL AUTO_INCREMENT,
  `student_ID` INT NULL,
  `activity_ID` INT NULL,
  `hours` DECIMAL(3,1) NULL,
  `submitted` INT NULL,
  INDEX `Activity_idx` (`activity_ID` ASC) VISIBLE,
  PRIMARY KEY (`progress_ID`),
  CONSTRAINT `ActivityProgress`
    FOREIGN KEY (`activity_ID`)
    REFERENCES `ModulerDatabase`.`Activities` (`activity_ID`)
    ON DELETE NO ACTION
    ON UPDATE NO ACTION)
ENGINE = InnoDB;


-- -----------------------------------------------------
-- Table `ModulerDatabase`.`Module_Course`
-- -----------------------------------------------------
DROP TABLE IF EXISTS `ModulerDatabase`.`Module_Course` ;

CREATE TABLE IF NOT EXISTS `ModulerDatabase`.`Module_Course` (
  `module_ID` INT NOT NULL,
  `course_ID` INT NOT NULL,
  PRIMARY KEY (`module_ID`, `course_ID`))
ENGINE = InnoDB;


-- -----------------------------------------------------
-- Table `ModulerDatabase`.`Feedback_Details`
-- -----------------------------------------------------
DROP TABLE IF EXISTS `ModulerDatabase`.`Feedback_Details` ;

CREATE TABLE IF NOT EXISTS `ModulerDatabase`.`Feedback_Details` (
  `feedback_ID` INT NOT NULL AUTO_INCREMENT,
  `feedback_name` VARCHAR(45) NULL,
  `feedback_description` VARCHAR(225) NULL,
  PRIMARY KEY (`feedback_ID`))
ENGINE = InnoDB;


-- -----------------------------------------------------
-- Table `ModulerDatabase`.`Feedback_Type`
-- -----------------------------------------------------
DROP TABLE IF EXISTS `ModulerDatabase`.`Feedback_Type` ;

CREATE TABLE IF NOT EXISTS `ModulerDatabase`.`Feedback_Type` (
  `feedback_type_ID` INT NOT NULL AUTO_INCREMENT,
  `feedback_type` VARCHAR(45) NULL,
  PRIMARY KEY (`feedback_type_ID`))
ENGINE = InnoDB;


-- -----------------------------------------------------
-- Table `ModulerDatabase`.`Feedback_Set`
-- -----------------------------------------------------
DROP TABLE IF EXISTS `ModulerDatabase`.`Feedback_Set` ;

CREATE TABLE IF NOT EXISTS `ModulerDatabase`.`Feedback_Set` (
  `feedback_set_ID` INT NOT NULL AUTO_INCREMENT,
  `feedback_activity_ID` INT NOT NULL,
  `feedback_type_ID` INT NOT NULL,
  `feedback_details_ID` INT NOT NULL,
  PRIMARY KEY (`feedback_set_ID`),
  INDEX `fdetails_idx` (`feedback_details_ID` ASC) VISIBLE,
  INDEX `ftype_idx` (`feedback_type_ID` ASC) VISIBLE,
  CONSTRAINT `fdetails`
    FOREIGN KEY (`feedback_details_ID`)
    REFERENCES `ModulerDatabase`.`Feedback_Details` (`feedback_ID`)
    ON DELETE NO ACTION
    ON UPDATE NO ACTION,
  CONSTRAINT `ftype`
    FOREIGN KEY (`feedback_type_ID`)
    REFERENCES `ModulerDatabase`.`Feedback_Type` (`feedback_type_ID`)
    ON DELETE NO ACTION
    ON UPDATE NO ACTION)
ENGINE = InnoDB;


-- -----------------------------------------------------
-- Table `ModulerDatabase`.`Feedback`
-- -----------------------------------------------------
DROP TABLE IF EXISTS `ModulerDatabase`.`Feedback` ;

CREATE TABLE IF NOT EXISTS `ModulerDatabase`.`Feedback` (
  `feedback_ID` INT NOT NULL AUTO_INCREMENT,
  `feedback_set_ID` INT NULL,
  `feedback_score` INT NULL,
  PRIMARY KEY (`feedback_ID`),
  INDEX `feedbackset_idx` (`feedback_set_ID` ASC) VISIBLE,
  CONSTRAINT `feedbackset`
    FOREIGN KEY (`feedback_set_ID`)
    REFERENCES `ModulerDatabase`.`Feedback_Set` (`feedback_set_ID`)
    ON DELETE NO ACTION
    ON UPDATE NO ACTION)
ENGINE = InnoDB;


-- -----------------------------------------------------
-- Table `ModulerDatabase`.`Lecture_Notes`
-- -----------------------------------------------------
DROP TABLE IF EXISTS `ModulerDatabase`.`Lecture_Notes` ;

CREATE TABLE IF NOT EXISTS `ModulerDatabase`.`Lecture_Notes` (
  `note_ID` INT NOT NULL AUTO_INCREMENT,
  `note_lecture_ID` INT NOT NULL,
  `note_lecture_date` DATE NULL,
  `note_text` VARCHAR(325) NULL,
  PRIMARY KEY (`note_ID`, `note_lecture_ID`),
  INDEX `classdetailsnotes_idx` (`note_lecture_ID` ASC) VISIBLE,
  CONSTRAINT `classdetailsnotes`
    FOREIGN KEY (`note_lecture_ID`)
    REFERENCES `ModulerDatabase`.`Classes` (`class_ID`)
    ON DELETE NO ACTION
    ON UPDATE NO ACTION)
ENGINE = InnoDB;


-- -----------------------------------------------------
-- Table `ModulerDatabase`.`Activity_Notes`
-- -----------------------------------------------------
DROP TABLE IF EXISTS `ModulerDatabase`.`Activity_Notes` ;

CREATE TABLE IF NOT EXISTS `ModulerDatabase`.`Activity_Notes` (
  `note_ID` INT NOT NULL AUTO_INCREMENT,
  `note_activity_ID` INT NULL,
  `note_text` VARCHAR(325) NULL,
  PRIMARY KEY (`note_ID`))
ENGINE = InnoDB;


-- -----------------------------------------------------
-- Table `ModulerDatabase`.`Module_Contributors`
-- -----------------------------------------------------
DROP TABLE IF EXISTS `ModulerDatabase`.`Module_Contributors` ;

CREATE TABLE IF NOT EXISTS `ModulerDatabase`.`Module_Contributors` (
  `staff_ID` INT NOT NULL,
  `module_ID` INT NOT NULL,
  PRIMARY KEY (`staff_ID`, `module_ID`))
ENGINE = InnoDB;


-- -----------------------------------------------------
-- Table `ModulerDatabase`.`Module_Notes`
-- -----------------------------------------------------
DROP TABLE IF EXISTS `ModulerDatabase`.`Module_Notes` ;

CREATE TABLE IF NOT EXISTS `ModulerDatabase`.`Module_Notes` (
  `note_ID` INT NOT NULL AUTO_INCREMENT,
  `note_module_ID` INT NOT NULL,
  `note_text` VARCHAR(325) NULL,
  PRIMARY KEY (`note_ID`))
ENGINE = InnoDB;


-- -----------------------------------------------------
-- Table `ModulerDatabase`.`Course_Notes`
-- -----------------------------------------------------
DROP TABLE IF EXISTS `ModulerDatabase`.`Course_Notes` ;

CREATE TABLE IF NOT EXISTS `ModulerDatabase`.`Course_Notes` (
  `note_ID` INT NOT NULL AUTO_INCREMENT,
  `note_course_ID` INT NOT NULL,
  `note_text` VARCHAR(325) NULL,
  PRIMARY KEY (`note_ID`))
ENGINE = InnoDB;


-- -----------------------------------------------------
-- Table `ModulerDatabase`.`Distribution`
-- -----------------------------------------------------
DROP TABLE IF EXISTS `ModulerDatabase`.`Distribution` ;

CREATE TABLE IF NOT EXISTS `ModulerDatabase`.`Distribution` (
  `distribution_ID` INT NOT NULL,
  `distribution` VARCHAR(45) NULL,
  PRIMARY KEY (`distribution_ID`))
ENGINE = InnoDB;


SET SQL_MODE=@OLD_SQL_MODE;
SET FOREIGN_KEY_CHECKS=@OLD_FOREIGN_KEY_CHECKS;
SET UNIQUE_CHECKS=@OLD_UNIQUE_CHECKS;

-- -----------------------------------------------------
-- Data for table `ModulerDatabase`.`Staff`
-- -----------------------------------------------------
START TRANSACTION;
USE `ModulerDatabase`;
INSERT INTO `ModulerDatabase`.`Staff` (`staff_ID`, `staff_name`, `staff_email`) VALUES (11, 'Joe', 'joe@joe.com');
INSERT INTO `ModulerDatabase`.`Staff` (`staff_ID`, `staff_name`, `staff_email`) VALUES (1, 'Mary Sharp', 'marysharp@tcd.ie');
INSERT INTO `ModulerDatabase`.`Staff` (`staff_ID`, `staff_name`, `staff_email`) VALUES (2, 'Robbie Fryers', 'robbiefryers@tcd.ie');
INSERT INTO `ModulerDatabase`.`Staff` (`staff_ID`, `staff_name`, `staff_email`) VALUES (3, 'Rocco Lupoi', 'roccol@tcd.ie');
INSERT INTO `ModulerDatabase`.`Staff` (`staff_ID`, `staff_name`, `staff_email`) VALUES (4, 'Gareth Bennett', 'gbennett@tcd.ie');
INSERT INTO `ModulerDatabase`.`Staff` (`staff_ID`, `staff_name`, `staff_email`) VALUES (5, 'Dermot O`Dwyer', 'dodwyer@tcd.ie');
INSERT INTO `ModulerDatabase`.`Staff` (`staff_ID`, `staff_name`, `staff_email`) VALUES (6, 'Naomi Harte', 'nharte@tcd.ie');
INSERT INTO `ModulerDatabase`.`Staff` (`staff_ID`, `staff_name`, `staff_email`) VALUES (7, 'Niall McEvoy', 'nmcevoy@tcd.ie');
INSERT INTO `ModulerDatabase`.`Staff` (`staff_ID`, `staff_name`, `staff_email`) VALUES (8, 'Stefan Hutzler', 'shutzler@tcd.ie');
INSERT INTO `ModulerDatabase`.`Staff` (`staff_ID`, `staff_name`, `staff_email`) VALUES (9, 'Richard M. Timony', 'rtimony@tcd.ie');
INSERT INTO `ModulerDatabase`.`Staff` (`staff_ID`, `staff_name`, `staff_email`) VALUES (10, 'Alberto Ramos', 'aramos@tcd.ie');

COMMIT;


-- -----------------------------------------------------
-- Data for table `ModulerDatabase`.`Courses`
-- -----------------------------------------------------
START TRANSACTION;
USE `ModulerDatabase`;
INSERT INTO `ModulerDatabase`.`Courses` (`course_ID`, `course_name`, `staff_ID`) VALUES (1, 'Engineering Year I', 1);
INSERT INTO `ModulerDatabase`.`Courses` (`course_ID`, `course_name`, `staff_ID`) VALUES (2, 'Computer Science Year II', 2);
INSERT INTO `ModulerDatabase`.`Courses` (`course_ID`, `course_name`, `staff_ID`) VALUES (3, 'Maths Year I', 3);

COMMIT;


-- -----------------------------------------------------
-- Data for table `ModulerDatabase`.`Modules`
-- -----------------------------------------------------
START TRANSACTION;
USE `ModulerDatabase`;
INSERT INTO `ModulerDatabase`.`Modules` (`module_ID`, `module_code`, `module_name`, `staff_ID`, `module_credits`) VALUES (4, 'ME1E10', 'Engineering Design II', 4, 10);
INSERT INTO `ModulerDatabase`.`Modules` (`module_ID`, `module_code`, `module_name`, `staff_ID`, `module_credits`) VALUES (5, 'ME1E07', 'Mechanics', 5, 5);
INSERT INTO `ModulerDatabase`.`Modules` (`module_ID`, `module_code`, `module_name`, `staff_ID`, `module_credits`) VALUES (6, 'EE1E06', 'Electrical Engineering', 6, 5);
INSERT INTO `ModulerDatabase`.`Modules` (`module_ID`, `module_code`, `module_name`, `staff_ID`, `module_credits`) VALUES (7, 'CH1E05', 'Chemistry', 7, 5);
INSERT INTO `ModulerDatabase`.`Modules` (`module_ID`, `module_code`, `module_name`, `staff_ID`, `module_credits`) VALUES (8, 'PY1E04', 'Physics', 8, 5);
INSERT INTO `ModulerDatabase`.`Modules` (`module_ID`, `module_code`, `module_name`, `staff_ID`, `module_credits`) VALUES (9, 'MA1E02', 'Engineering Maths II', 9, 5);
INSERT INTO `ModulerDatabase`.`Modules` (`module_ID`, `module_code`, `module_name`, `staff_ID`, `module_credits`) VALUES (10, 'MA1E01', 'Engineering Maths 1', 10, 5);
INSERT INTO `ModulerDatabase`.`Modules` (`module_ID`, `module_code`, `module_name`, `staff_ID`, `module_credits`) VALUES (11, 'ME1E11', 'Experimental Methods', 9, 5);
INSERT INTO `ModulerDatabase`.`Modules` (`module_ID`, `module_code`, `module_name`, `staff_ID`, `module_credits`) VALUES (12, 'ME1E08', 'Professional Engineering', 9, 5);
INSERT INTO `ModulerDatabase`.`Modules` (`module_ID`, `module_code`, `module_name`, `staff_ID`, `module_credits`) VALUES (13, 'CS1E03', 'Computer Engineering I', 9, 5);
INSERT INTO `ModulerDatabase`.`Modules` (`module_ID`, `module_code`, `module_name`, `staff_ID`, `module_credits`) VALUES (14, 'ME1E09', 'Engineering Design I', 9, 5);

COMMIT;


-- -----------------------------------------------------
-- Data for table `ModulerDatabase`.`Activity_Type`
-- -----------------------------------------------------
START TRANSACTION;
USE `ModulerDatabase`;
INSERT INTO `ModulerDatabase`.`Activity_Type` (`activity_type_ID`, `activity_type`) VALUES (1, 'Examination');
INSERT INTO `ModulerDatabase`.`Activity_Type` (`activity_type_ID`, `activity_type`) VALUES (2, 'MCQ');
INSERT INTO `ModulerDatabase`.`Activity_Type` (`activity_type_ID`, `activity_type`) VALUES (3, 'Report');
INSERT INTO `ModulerDatabase`.`Activity_Type` (`activity_type_ID`, `activity_type`) VALUES (4, 'Homework Question');
INSERT INTO `ModulerDatabase`.`Activity_Type` (`activity_type_ID`, `activity_type`) VALUES (5, 'Performance');
INSERT INTO `ModulerDatabase`.`Activity_Type` (`activity_type_ID`, `activity_type`) VALUES (6, 'Software');
INSERT INTO `ModulerDatabase`.`Activity_Type` (`activity_type_ID`, `activity_type`) VALUES (7, 'Presentation');
INSERT INTO `ModulerDatabase`.`Activity_Type` (`activity_type_ID`, `activity_type`) VALUES (8, 'Other');
INSERT INTO `ModulerDatabase`.`Activity_Type` (`activity_type_ID`, `activity_type`) VALUES (9, 'Artefact');
INSERT INTO `ModulerDatabase`.`Activity_Type` (`activity_type_ID`, `activity_type`) VALUES (10, 'Lab Report');
INSERT INTO `ModulerDatabase`.`Activity_Type` (`activity_type_ID`, `activity_type`) VALUES (11, 'Poster');
INSERT INTO `ModulerDatabase`.`Activity_Type` (`activity_type_ID`, `activity_type`) VALUES (12, 'Simulation');
INSERT INTO `ModulerDatabase`.`Activity_Type` (`activity_type_ID`, `activity_type`) VALUES (13, 'Lecture');
INSERT INTO `ModulerDatabase`.`Activity_Type` (`activity_type_ID`, `activity_type`) VALUES (14, 'Tutorial');
INSERT INTO `ModulerDatabase`.`Activity_Type` (`activity_type_ID`, `activity_type`) VALUES (15, 'Laboratory');

COMMIT;


-- -----------------------------------------------------
-- Data for table `ModulerDatabase`.`Class_Details`
-- -----------------------------------------------------
START TRANSACTION;
USE `ModulerDatabase`;
INSERT INTO `ModulerDatabase`.`Class_Details` (`class_details_ID`, `class_ID`, `module_ID`, `class_date`, `class_name`, `class_description`, `staff_ID`) VALUES (1, 1, 9, '2019-02-18', 'Class Name Test', 'This is the lecture description', 9);
INSERT INTO `ModulerDatabase`.`Class_Details` (`class_details_ID`, `class_ID`, `module_ID`, `class_date`, `class_name`, `class_description`, `staff_ID`) VALUES (2, 1, 9, '2019-02-25', 'T2', 'Desc2', 1);

COMMIT;


-- -----------------------------------------------------
-- Data for table `ModulerDatabase`.`Activities`
-- -----------------------------------------------------
START TRANSACTION;
USE `ModulerDatabase`;
INSERT INTO `ModulerDatabase`.`Activities` (`activity_ID`, `module_ID`, `activity_name`, `activity_description`, `activity_type_ID`, `start_date`, `end_date`, `hours`, `module_value`, `student_hours`, `grading`, `lecture_ID`, `distribution_ID`) VALUES (1, 4, 'In class test', 'This is the activity description', 2, '2018-10-23', '2018-10-23', 2, 10, 5.5, 'This is the grading description', 1, 1);
INSERT INTO `ModulerDatabase`.`Activities` (`activity_ID`, `module_ID`, `activity_name`, `activity_description`, `activity_type_ID`, `start_date`, `end_date`, `hours`, `module_value`, `student_hours`, `grading`, `lecture_ID`, `distribution_ID`) VALUES (2, 4, 'In class test', NULL, 2, '2018-11-21', '2018-11-21', 2, 10, NULL, NULL, NULL, 1);
INSERT INTO `ModulerDatabase`.`Activities` (`activity_ID`, `module_ID`, `activity_name`, `activity_description`, `activity_type_ID`, `start_date`, `end_date`, `hours`, `module_value`, `student_hours`, `grading`, `lecture_ID`, `distribution_ID`) VALUES (3, 4, 'Final Exam', NULL, 1, '2019-05-03', '2019-05-03', 2, 80, NULL, NULL, NULL, 1);
INSERT INTO `ModulerDatabase`.`Activities` (`activity_ID`, `module_ID`, `activity_name`, `activity_description`, `activity_type_ID`, `start_date`, `end_date`, `hours`, `module_value`, `student_hours`, `grading`, `lecture_ID`, `distribution_ID`) VALUES (4, 5, 'Software Assignment', NULL, 4, '2019-02-04', '2019-02-11', 2, 4.3, NULL, NULL, NULL, 1);
INSERT INTO `ModulerDatabase`.`Activities` (`activity_ID`, `module_ID`, `activity_name`, `activity_description`, `activity_type_ID`, `start_date`, `end_date`, `hours`, `module_value`, `student_hours`, `grading`, `lecture_ID`, `distribution_ID`) VALUES (5, 5, 'Software Assignment', NULL, 4, '2019-02-12', '2019-02-19', 2, 4.3, NULL, NULL, NULL, 1);
INSERT INTO `ModulerDatabase`.`Activities` (`activity_ID`, `module_ID`, `activity_name`, `activity_description`, `activity_type_ID`, `start_date`, `end_date`, `hours`, `module_value`, `student_hours`, `grading`, `lecture_ID`, `distribution_ID`) VALUES (6, 5, 'Software Assignment', NULL, 4, '2019-02-21', '2019-02-28', 2, 4.3, NULL, NULL, NULL, 2);
INSERT INTO `ModulerDatabase`.`Activities` (`activity_ID`, `module_ID`, `activity_name`, `activity_description`, `activity_type_ID`, `start_date`, `end_date`, `hours`, `module_value`, `student_hours`, `grading`, `lecture_ID`, `distribution_ID`) VALUES (7, 5, 'Software Assignment', NULL, 4, '2019-03-01', '2019-03-08', 2, 4.3, NULL, NULL, NULL, 1);
INSERT INTO `ModulerDatabase`.`Activities` (`activity_ID`, `module_ID`, `activity_name`, `activity_description`, `activity_type_ID`, `start_date`, `end_date`, `hours`, `module_value`, `student_hours`, `grading`, `lecture_ID`, `distribution_ID`) VALUES (8, 5, 'Software Assignment', NULL, 4, '2019-03-05', '2019-03-19', 3, 4.3, NULL, NULL, NULL, 2);
INSERT INTO `ModulerDatabase`.`Activities` (`activity_ID`, `module_ID`, `activity_name`, `activity_description`, `activity_type_ID`, `start_date`, `end_date`, `hours`, `module_value`, `student_hours`, `grading`, `lecture_ID`, `distribution_ID`) VALUES (9, 5, 'Software Assignment', NULL, 4, '2019-03-18', '2019-03-25', 3, 4.3, NULL, NULL, NULL, 1);
INSERT INTO `ModulerDatabase`.`Activities` (`activity_ID`, `module_ID`, `activity_name`, `activity_description`, `activity_type_ID`, `start_date`, `end_date`, `hours`, `module_value`, `student_hours`, `grading`, `lecture_ID`, `distribution_ID`) VALUES (10, 5, 'Software Assignment', NULL, 4, '2019-03-29', '2019-03-29', 3, 4.3, NULL, NULL, NULL, 1);
INSERT INTO `ModulerDatabase`.`Activities` (`activity_ID`, `module_ID`, `activity_name`, `activity_description`, `activity_type_ID`, `start_date`, `end_date`, `hours`, `module_value`, `student_hours`, `grading`, `lecture_ID`, `distribution_ID`) VALUES (11, 5, 'Final Assignment', NULL, 6, '2019-04-02', '2019-04-02', 20, 60, NULL, NULL, NULL, 1);
INSERT INTO `ModulerDatabase`.`Activities` (`activity_ID`, `module_ID`, `activity_name`, `activity_description`, `activity_type_ID`, `start_date`, `end_date`, `hours`, `module_value`, `student_hours`, `grading`, `lecture_ID`, `distribution_ID`) VALUES (13, 6, 'Final Exam', NULL, 1, '2018-12-14', '2018-12-14', 2, 2, NULL, NULL, NULL, 2);
INSERT INTO `ModulerDatabase`.`Activities` (`activity_ID`, `module_ID`, `activity_name`, `activity_description`, `activity_type_ID`, `start_date`, `end_date`, `hours`, `module_value`, `student_hours`, `grading`, `lecture_ID`, `distribution_ID`) VALUES (14, 6, 'Technical Drawing Test', NULL, 1, '2018-10-23', '2018-10-23', 2, 1, NULL, NULL, NULL, 1);
INSERT INTO `ModulerDatabase`.`Activities` (`activity_ID`, `module_ID`, `activity_name`, `activity_description`, `activity_type_ID`, `start_date`, `end_date`, `hours`, `module_value`, `student_hours`, `grading`, `lecture_ID`, `distribution_ID`) VALUES (15, 6, 'Report', NULL, 3, '2018-11-09', '2018-12-07', 10, 8, NULL, NULL, NULL, 1);
INSERT INTO `ModulerDatabase`.`Activities` (`activity_ID`, `module_ID`, `activity_name`, `activity_description`, `activity_type_ID`, `start_date`, `end_date`, `hours`, `module_value`, `student_hours`, `grading`, `lecture_ID`, `distribution_ID`) VALUES (16, 6, 'Presentation', NULL, 7, '2018-11-07', '2018-12-05', 10, 2, NULL, NULL, NULL, 2);
INSERT INTO `ModulerDatabase`.`Activities` (`activity_ID`, `module_ID`, `activity_name`, `activity_description`, `activity_type_ID`, `start_date`, `end_date`, `hours`, `module_value`, `student_hours`, `grading`, `lecture_ID`, `distribution_ID`) VALUES (17, 4, 'Mechanics Report', NULL, 3, '2018-09-21', '2018-10-05', 2, 10, NULL, NULL, NULL, 1);
INSERT INTO `ModulerDatabase`.`Activities` (`activity_ID`, `module_ID`, `activity_name`, `activity_description`, `activity_type_ID`, `start_date`, `end_date`, `hours`, `module_value`, `student_hours`, `grading`, `lecture_ID`, `distribution_ID`) VALUES (18, 4, 'Mechanics Report', NULL, 3, '2018-09-27', '2018-10-11', 2, 10, NULL, NULL, NULL, 2);
INSERT INTO `ModulerDatabase`.`Activities` (`activity_ID`, `module_ID`, `activity_name`, `activity_description`, `activity_type_ID`, `start_date`, `end_date`, `hours`, `module_value`, `student_hours`, `grading`, `lecture_ID`, `distribution_ID`) VALUES (19, 4, 'Civil Lab Report', NULL, 10, '2018-10-01', '2018-10-15', 2, 10, NULL, NULL, NULL, 2);
INSERT INTO `ModulerDatabase`.`Activities` (`activity_ID`, `module_ID`, `activity_name`, `activity_description`, `activity_type_ID`, `start_date`, `end_date`, `hours`, `module_value`, `student_hours`, `grading`, `lecture_ID`, `distribution_ID`) VALUES (20, 4, 'Civil Lab Report', NULL, 10, '2018-10-10', '2018-10-24', 2, 10, NULL, NULL, NULL, 1);
INSERT INTO `ModulerDatabase`.`Activities` (`activity_ID`, `module_ID`, `activity_name`, `activity_description`, `activity_type_ID`, `start_date`, `end_date`, `hours`, `module_value`, `student_hours`, `grading`, `lecture_ID`, `distribution_ID`) VALUES (21, 4, 'Software Assignment', NULL, 6, '2018-10-18', '2018-11-08', 1.5, 15, NULL, NULL, NULL, 1);
INSERT INTO `ModulerDatabase`.`Activities` (`activity_ID`, `module_ID`, `activity_name`, `activity_description`, `activity_type_ID`, `start_date`, `end_date`, `hours`, `module_value`, `student_hours`, `grading`, `lecture_ID`, `distribution_ID`) VALUES (22, 4, 'Hardware Assignment', NULL, 9, '2018-11-05', '2018-11-19', 0.5, 15, NULL, NULL, NULL, 1);
INSERT INTO `ModulerDatabase`.`Activities` (`activity_ID`, `module_ID`, `activity_name`, `activity_description`, `activity_type_ID`, `start_date`, `end_date`, `hours`, `module_value`, `student_hours`, `grading`, `lecture_ID`, `distribution_ID`) VALUES (23, 4, 'Hardware Assignment', NULL, 10, '2018-11-12', '2018-11-26', 2, 10, NULL, NULL, NULL, 2);
INSERT INTO `ModulerDatabase`.`Activities` (`activity_ID`, `module_ID`, `activity_name`, `activity_description`, `activity_type_ID`, `start_date`, `end_date`, `hours`, `module_value`, `student_hours`, `grading`, `lecture_ID`, `distribution_ID`) VALUES (24, 4, 'Mechanics Test', NULL, 2, '2018-10-22', '2018-10-22', 1, 10, NULL, NULL, NULL, 1);
INSERT INTO `ModulerDatabase`.`Activities` (`activity_ID`, `module_ID`, `activity_name`, `activity_description`, `activity_type_ID`, `start_date`, `end_date`, `hours`, `module_value`, `student_hours`, `grading`, `lecture_ID`, `distribution_ID`) VALUES (25, 4, 'Electronics Test', NULL, 2, '2018-11-29', '2018-11-29', 1, 10, NULL, NULL, NULL, 1);
INSERT INTO `ModulerDatabase`.`Activities` (`activity_ID`, `module_ID`, `activity_name`, `activity_description`, `activity_type_ID`, `start_date`, `end_date`, `hours`, `module_value`, `student_hours`, `grading`, `lecture_ID`, `distribution_ID`) VALUES (26, 4, 'Mangonel Design & Test', NULL, 12, '2018-11-13', '2018-12-04', 1, 0, NULL, NULL, NULL, 2);
INSERT INTO `ModulerDatabase`.`Activities` (`activity_ID`, `module_ID`, `activity_name`, `activity_description`, `activity_type_ID`, `start_date`, `end_date`, `hours`, `module_value`, `student_hours`, `grading`, `lecture_ID`, `distribution_ID`) VALUES (27, 4, 'Mangonel Assembly', NULL, 8, '2018-11-16', '2018-11-16', 1, 0, NULL, NULL, NULL, 2);
INSERT INTO `ModulerDatabase`.`Activities` (`activity_ID`, `module_ID`, `activity_name`, `activity_description`, `activity_type_ID`, `start_date`, `end_date`, `hours`, `module_value`, `student_hours`, `grading`, `lecture_ID`, `distribution_ID`) VALUES (28, 5, 'Final Exam', NULL, 1, '2019-05-02', '2019-05-02', 2, 80, NULL, NULL, NULL, 1);
INSERT INTO `ModulerDatabase`.`Activities` (`activity_ID`, `module_ID`, `activity_name`, `activity_description`, `activity_type_ID`, `start_date`, `end_date`, `hours`, `module_value`, `student_hours`, `grading`, `lecture_ID`, `distribution_ID`) VALUES (29, 5, 'Model Bridge Lab', NULL, 3, '2019-02-11', '2019-02-25', 5, 5, NULL, NULL, NULL, 1);
INSERT INTO `ModulerDatabase`.`Activities` (`activity_ID`, `module_ID`, `activity_name`, `activity_description`, `activity_type_ID`, `start_date`, `end_date`, `hours`, `module_value`, `student_hours`, `grading`, `lecture_ID`, `distribution_ID`) VALUES (30, 5, 'Inertia Lab', NULL, 3, '2019-03-01', '2019-03-22', 6, 5, NULL, NULL, NULL, 1);
INSERT INTO `ModulerDatabase`.`Activities` (`activity_ID`, `module_ID`, `activity_name`, `activity_description`, `activity_type_ID`, `start_date`, `end_date`, `hours`, `module_value`, `student_hours`, `grading`, `lecture_ID`, `distribution_ID`) VALUES (31, 5, 'Class Test', NULL, 2, '2019-04-23', '2019-04-23', 2, 10, NULL, NULL, NULL, 2);
INSERT INTO `ModulerDatabase`.`Activities` (`activity_ID`, `module_ID`, `activity_name`, `activity_description`, `activity_type_ID`, `start_date`, `end_date`, `hours`, `module_value`, `student_hours`, `grading`, `lecture_ID`, `distribution_ID`) VALUES (32, 8, 'Building Security Systems Lab', NULL, 3, '2019-02-18', '2019-02-25', 3, 5, NULL, NULL, NULL, 1);
INSERT INTO `ModulerDatabase`.`Activities` (`activity_ID`, `module_ID`, `activity_name`, `activity_description`, `activity_type_ID`, `start_date`, `end_date`, `hours`, `module_value`, `student_hours`, `grading`, `lecture_ID`, `distribution_ID`) VALUES (33, 8, 'DC Circuit Theory Lab', NULL, 3, '2019-02-05', '2019-02-12', 3, 5, NULL, NULL, NULL, 1);
INSERT INTO `ModulerDatabase`.`Activities` (`activity_ID`, `module_ID`, `activity_name`, `activity_description`, `activity_type_ID`, `start_date`, `end_date`, `hours`, `module_value`, `student_hours`, `grading`, `lecture_ID`, `distribution_ID`) VALUES (34, 8, 'Class Test 1', NULL, 2, '2019-03-08', '2019-03-08', 2, 5, NULL, NULL, NULL, 2);
INSERT INTO `ModulerDatabase`.`Activities` (`activity_ID`, `module_ID`, `activity_name`, `activity_description`, `activity_type_ID`, `start_date`, `end_date`, `hours`, `module_value`, `student_hours`, `grading`, `lecture_ID`, `distribution_ID`) VALUES (35, 8, 'Class Test 2', NULL, 2, '2019-04-19', '2019-04-19', 3, 5, NULL, NULL, NULL, 1);
INSERT INTO `ModulerDatabase`.`Activities` (`activity_ID`, `module_ID`, `activity_name`, `activity_description`, `activity_type_ID`, `start_date`, `end_date`, `hours`, `module_value`, `student_hours`, `grading`, `lecture_ID`, `distribution_ID`) VALUES (36, 8, 'Final Exam', NULL, 1, '2019-05-01', '2019-05-01', 2, 80, NULL, NULL, NULL, 2);
INSERT INTO `ModulerDatabase`.`Activities` (`activity_ID`, `module_ID`, `activity_name`, `activity_description`, `activity_type_ID`, `start_date`, `end_date`, `hours`, `module_value`, `student_hours`, `grading`, `lecture_ID`, `distribution_ID`) VALUES (37, 7, 'Exam', NULL, 1, '2018-12-18', '2018-12-18', 2, 80, NULL, NULL, NULL, 1);
INSERT INTO `ModulerDatabase`.`Activities` (`activity_ID`, `module_ID`, `activity_name`, `activity_description`, `activity_type_ID`, `start_date`, `end_date`, `hours`, `module_value`, `student_hours`, `grading`, `lecture_ID`, `distribution_ID`) VALUES (38, 7, 'Acids & Bases Lab', NULL, 3, '2018-09-28', '2018-10-12', 3, 5, NULL, NULL, NULL, 1);
INSERT INTO `ModulerDatabase`.`Activities` (`activity_ID`, `module_ID`, `activity_name`, `activity_description`, `activity_type_ID`, `start_date`, `end_date`, `hours`, `module_value`, `student_hours`, `grading`, `lecture_ID`, `distribution_ID`) VALUES (39, 7, 'Spectrometry Lab', NULL, 3, '2018-10-22', '2018-11-05', 3, 5, NULL, NULL, NULL, 2);
INSERT INTO `ModulerDatabase`.`Activities` (`activity_ID`, `module_ID`, `activity_name`, `activity_description`, `activity_type_ID`, `start_date`, `end_date`, `hours`, `module_value`, `student_hours`, `grading`, `lecture_ID`, `distribution_ID`) VALUES (40, 7, 'Crystal Structures Lab', NULL, 3, '2018-11-07', '2018-11-21', 3, 5, NULL, NULL, NULL, 1);
INSERT INTO `ModulerDatabase`.`Activities` (`activity_ID`, `module_ID`, `activity_name`, `activity_description`, `activity_type_ID`, `start_date`, `end_date`, `hours`, `module_value`, `student_hours`, `grading`, `lecture_ID`, `distribution_ID`) VALUES (41, 7, 'Thermochemistry Lab', NULL, 3, '2018-11-19', '2018-12-03', 3, 5, NULL, NULL, NULL, 1);
INSERT INTO `ModulerDatabase`.`Activities` (`activity_ID`, `module_ID`, `activity_name`, `activity_description`, `activity_type_ID`, `start_date`, `end_date`, `hours`, `module_value`, `student_hours`, `grading`, `lecture_ID`, `distribution_ID`) VALUES (42, 8, 'Exam', NULL, 3, '2019-05-02', '2019-05-02', 2, 60, NULL, NULL, NULL, 1);
INSERT INTO `ModulerDatabase`.`Activities` (`activity_ID`, `module_ID`, `activity_name`, `activity_description`, `activity_type_ID`, `start_date`, `end_date`, `hours`, `module_value`, `student_hours`, `grading`, `lecture_ID`, `distribution_ID`) VALUES (43, 8, 'Oscillations & Waves Lab', NULL, 3, '2019-02-04', '2019-02-18', 4, 8, NULL, NULL, NULL, 2);
INSERT INTO `ModulerDatabase`.`Activities` (`activity_ID`, `module_ID`, `activity_name`, `activity_description`, `activity_type_ID`, `start_date`, `end_date`, `hours`, `module_value`, `student_hours`, `grading`, `lecture_ID`, `distribution_ID`) VALUES (44, 8, 'Pendulum Lab', NULL, 3, '2019-02-22', '2019-03-08', 4, 8, NULL, NULL, NULL, 1);
INSERT INTO `ModulerDatabase`.`Activities` (`activity_ID`, `module_ID`, `activity_name`, `activity_description`, `activity_type_ID`, `start_date`, `end_date`, `hours`, `module_value`, `student_hours`, `grading`, `lecture_ID`, `distribution_ID`) VALUES (45, 8, 'Leslies Cube Lab', NULL, 3, '2019-03-08', '2019-03-22', 4, 8, NULL, NULL, NULL, 2);
INSERT INTO `ModulerDatabase`.`Activities` (`activity_ID`, `module_ID`, `activity_name`, `activity_description`, `activity_type_ID`, `start_date`, `end_date`, `hours`, `module_value`, `student_hours`, `grading`, `lecture_ID`, `distribution_ID`) VALUES (46, 8, 'Momentum Lab', NULL, 3, '2019-03-21', '2019-04-04', 4, 8, NULL, NULL, NULL, 1);
INSERT INTO `ModulerDatabase`.`Activities` (`activity_ID`, `module_ID`, `activity_name`, `activity_description`, `activity_type_ID`, `start_date`, `end_date`, `hours`, `module_value`, `student_hours`, `grading`, `lecture_ID`, `distribution_ID`) VALUES (47, 8, 'Resistance Lab', NULL, 3, '2019-04-05', '2019-04-19', 4, 8, NULL, NULL, NULL, 1);
INSERT INTO `ModulerDatabase`.`Activities` (`activity_ID`, `module_ID`, `activity_name`, `activity_description`, `activity_type_ID`, `start_date`, `end_date`, `hours`, `module_value`, `student_hours`, `grading`, `lecture_ID`, `distribution_ID`) VALUES (48, 9, 'Exam', NULL, 1, '2019-04-29', '2019-04-29', 2, 80, NULL, NULL, NULL, 2);
INSERT INTO `ModulerDatabase`.`Activities` (`activity_ID`, `module_ID`, `activity_name`, `activity_description`, `activity_type_ID`, `start_date`, `end_date`, `hours`, `module_value`, `student_hours`, `grading`, `lecture_ID`, `distribution_ID`) VALUES (49, 9, 'Assignment 1', NULL, 4, '2019-01-28', '2019-02-04', 2, 2.22, NULL, NULL, NULL, 1);
INSERT INTO `ModulerDatabase`.`Activities` (`activity_ID`, `module_ID`, `activity_name`, `activity_description`, `activity_type_ID`, `start_date`, `end_date`, `hours`, `module_value`, `student_hours`, `grading`, `lecture_ID`, `distribution_ID`) VALUES (50, 9, 'Assignment 2', NULL, 4, '2019-02-07', '2019-02-14', 2, 2.22, NULL, NULL, NULL, 1);
INSERT INTO `ModulerDatabase`.`Activities` (`activity_ID`, `module_ID`, `activity_name`, `activity_description`, `activity_type_ID`, `start_date`, `end_date`, `hours`, `module_value`, `student_hours`, `grading`, `lecture_ID`, `distribution_ID`) VALUES (51, 9, 'Assignment 3', NULL, 4, '2019-02-13', '2019-02-20', 2, 2.22, NULL, NULL, NULL, 1);
INSERT INTO `ModulerDatabase`.`Activities` (`activity_ID`, `module_ID`, `activity_name`, `activity_description`, `activity_type_ID`, `start_date`, `end_date`, `hours`, `module_value`, `student_hours`, `grading`, `lecture_ID`, `distribution_ID`) VALUES (52, 9, 'Assignment 4', NULL, 4, '2019-02-22', '2019-03-01', 2, 2.22, NULL, NULL, NULL, 2);
INSERT INTO `ModulerDatabase`.`Activities` (`activity_ID`, `module_ID`, `activity_name`, `activity_description`, `activity_type_ID`, `start_date`, `end_date`, `hours`, `module_value`, `student_hours`, `grading`, `lecture_ID`, `distribution_ID`) VALUES (53, 9, 'Assignment 5', NULL, 4, '2019-02-27', '2019-03-06', 2, 2.22, NULL, NULL, NULL, 1);
INSERT INTO `ModulerDatabase`.`Activities` (`activity_ID`, `module_ID`, `activity_name`, `activity_description`, `activity_type_ID`, `start_date`, `end_date`, `hours`, `module_value`, `student_hours`, `grading`, `lecture_ID`, `distribution_ID`) VALUES (54, 9, 'Assignment 6', NULL, 4, '2019-03-08', '2019-03-22', 2, 2.22, NULL, NULL, NULL, 2);
INSERT INTO `ModulerDatabase`.`Activities` (`activity_ID`, `module_ID`, `activity_name`, `activity_description`, `activity_type_ID`, `start_date`, `end_date`, `hours`, `module_value`, `student_hours`, `grading`, `lecture_ID`, `distribution_ID`) VALUES (55, 9, 'Assignment 7', NULL, 4, '2019-03-20', '2019-03-27', 2, 2.22, NULL, NULL, NULL, 1);
INSERT INTO `ModulerDatabase`.`Activities` (`activity_ID`, `module_ID`, `activity_name`, `activity_description`, `activity_type_ID`, `start_date`, `end_date`, `hours`, `module_value`, `student_hours`, `grading`, `lecture_ID`, `distribution_ID`) VALUES (56, 9, 'Assignment 8', NULL, 4, '2019-03-29', '2019-04-05', 2, 2.22, NULL, NULL, NULL, 1);
INSERT INTO `ModulerDatabase`.`Activities` (`activity_ID`, `module_ID`, `activity_name`, `activity_description`, `activity_type_ID`, `start_date`, `end_date`, `hours`, `module_value`, `student_hours`, `grading`, `lecture_ID`, `distribution_ID`) VALUES (57, 9, 'Assignment 9', NULL, 4, '2019-04-04', '2019-04-11', 2, 2.22, NULL, NULL, NULL, 2);
INSERT INTO `ModulerDatabase`.`Activities` (`activity_ID`, `module_ID`, `activity_name`, `activity_description`, `activity_type_ID`, `start_date`, `end_date`, `hours`, `module_value`, `student_hours`, `grading`, `lecture_ID`, `distribution_ID`) VALUES (58, 10, 'Exam', NULL, 1, '2018-12-17', '2018-12-17', 2, 80, NULL, NULL, NULL, 1);
INSERT INTO `ModulerDatabase`.`Activities` (`activity_ID`, `module_ID`, `activity_name`, `activity_description`, `activity_type_ID`, `start_date`, `end_date`, `hours`, `module_value`, `student_hours`, `grading`, `lecture_ID`, `distribution_ID`) VALUES (59, 10, 'Assignment 1', NULL, 4, '2018-09-21', '2018-09-28', 1.5, 1.11, NULL, NULL, NULL, 1);
INSERT INTO `ModulerDatabase`.`Activities` (`activity_ID`, `module_ID`, `activity_name`, `activity_description`, `activity_type_ID`, `start_date`, `end_date`, `hours`, `module_value`, `student_hours`, `grading`, `lecture_ID`, `distribution_ID`) VALUES (60, 10, 'Assignment 2', NULL, 4, '2018-09-28', '2018-10-05', 1.5, 1.11, NULL, NULL, NULL, 1);
INSERT INTO `ModulerDatabase`.`Activities` (`activity_ID`, `module_ID`, `activity_name`, `activity_description`, `activity_type_ID`, `start_date`, `end_date`, `hours`, `module_value`, `student_hours`, `grading`, `lecture_ID`, `distribution_ID`) VALUES (61, 10, 'Assignment 3', NULL, 4, '2018-10-04', '2018-10-11', 1.5, 1.11, NULL, NULL, NULL, 2);
INSERT INTO `ModulerDatabase`.`Activities` (`activity_ID`, `module_ID`, `activity_name`, `activity_description`, `activity_type_ID`, `start_date`, `end_date`, `hours`, `module_value`, `student_hours`, `grading`, `lecture_ID`, `distribution_ID`) VALUES (62, 10, 'Assignment 4', NULL, 4, '2018-10-12', '2018-10-19', 1.5, 1.11, NULL, NULL, NULL, 1);
INSERT INTO `ModulerDatabase`.`Activities` (`activity_ID`, `module_ID`, `activity_name`, `activity_description`, `activity_type_ID`, `start_date`, `end_date`, `hours`, `module_value`, `student_hours`, `grading`, `lecture_ID`, `distribution_ID`) VALUES (63, 10, 'Assignment 5', NULL, 4, '2018-10-17', '2018-10-24', 1.5, 1.11, NULL, NULL, NULL, 2);
INSERT INTO `ModulerDatabase`.`Activities` (`activity_ID`, `module_ID`, `activity_name`, `activity_description`, `activity_type_ID`, `start_date`, `end_date`, `hours`, `module_value`, `student_hours`, `grading`, `lecture_ID`, `distribution_ID`) VALUES (64, 10, 'Assignment 6', NULL, 4, '2018-10-24', '2018-11-07', 1.5, 1.11, NULL, NULL, NULL, 1);
INSERT INTO `ModulerDatabase`.`Activities` (`activity_ID`, `module_ID`, `activity_name`, `activity_description`, `activity_type_ID`, `start_date`, `end_date`, `hours`, `module_value`, `student_hours`, `grading`, `lecture_ID`, `distribution_ID`) VALUES (65, 10, 'Assignment 7', NULL, 4, '2018-11-06', '2018-11-13', 1.5, 1.11, NULL, NULL, NULL, 1);
INSERT INTO `ModulerDatabase`.`Activities` (`activity_ID`, `module_ID`, `activity_name`, `activity_description`, `activity_type_ID`, `start_date`, `end_date`, `hours`, `module_value`, `student_hours`, `grading`, `lecture_ID`, `distribution_ID`) VALUES (66, 10, 'Assignment 8', NULL, 4, '2018-11-12', '2018-11-19', 1.5, 1.11, NULL, NULL, NULL, 2);
INSERT INTO `ModulerDatabase`.`Activities` (`activity_ID`, `module_ID`, `activity_name`, `activity_description`, `activity_type_ID`, `start_date`, `end_date`, `hours`, `module_value`, `student_hours`, `grading`, `lecture_ID`, `distribution_ID`) VALUES (67, 10, 'Assignment 9', NULL, 4, '2018-11-23', '2018-11-30', 1.5, 1.11, NULL, NULL, NULL, 1);
INSERT INTO `ModulerDatabase`.`Activities` (`activity_ID`, `module_ID`, `activity_name`, `activity_description`, `activity_type_ID`, `start_date`, `end_date`, `hours`, `module_value`, `student_hours`, `grading`, `lecture_ID`, `distribution_ID`) VALUES (68, 10, 'Assignment 10', NULL, 4, '2018-11-30', '2018-12-07', 1.5, 0, NULL, NULL, NULL, 1);
INSERT INTO `ModulerDatabase`.`Activities` (`activity_ID`, `module_ID`, `activity_name`, `activity_description`, `activity_type_ID`, `start_date`, `end_date`, `hours`, `module_value`, `student_hours`, `grading`, `lecture_ID`, `distribution_ID`) VALUES (69, 10, 'Project', NULL, 11, '2018-09-21', '2018-12-07', 2, 10, NULL, NULL, NULL, 1);
INSERT INTO `ModulerDatabase`.`Activities` (`activity_ID`, `module_ID`, `activity_name`, `activity_description`, `activity_type_ID`, `start_date`, `end_date`, `hours`, `module_value`, `student_hours`, `grading`, `lecture_ID`, `distribution_ID`) VALUES (70, 11, 'Assignment 1', NULL, 4, '2019-01-28', '2019-02-04', 2, 2.22, NULL, NULL, NULL, 1);
INSERT INTO `ModulerDatabase`.`Activities` (`activity_ID`, `module_ID`, `activity_name`, `activity_description`, `activity_type_ID`, `start_date`, `end_date`, `hours`, `module_value`, `student_hours`, `grading`, `lecture_ID`, `distribution_ID`) VALUES (71, 12, 'Assignment 1', NULL, 4, '2019-01-28', '2019-02-04', 2, 2.22, NULL, NULL, NULL, 2);
INSERT INTO `ModulerDatabase`.`Activities` (`activity_ID`, `module_ID`, `activity_name`, `activity_description`, `activity_type_ID`, `start_date`, `end_date`, `hours`, `module_value`, `student_hours`, `grading`, `lecture_ID`, `distribution_ID`) VALUES (72, 13, 'Assignment 1', NULL, 4, '2019-01-28', '2019-02-04', 2, 2.22, NULL, NULL, NULL, 1);
INSERT INTO `ModulerDatabase`.`Activities` (`activity_ID`, `module_ID`, `activity_name`, `activity_description`, `activity_type_ID`, `start_date`, `end_date`, `hours`, `module_value`, `student_hours`, `grading`, `lecture_ID`, `distribution_ID`) VALUES (73, 14, 'Assignment 1', NULL, 4, '2019-01-28', '2019-02-04', 2, 2.22, NULL, NULL, NULL, 1);

COMMIT;


-- -----------------------------------------------------
-- Data for table `ModulerDatabase`.`Classes`
-- -----------------------------------------------------
START TRANSACTION;
USE `ModulerDatabase`;
INSERT INTO `ModulerDatabase`.`Classes` (`class_ID`, `module_ID`, `activity_type_ID`, `start_time`, `end_time`, `class_semester`, `class_day`, `class_location`) VALUES (1, 4, 13, '09:00', '10:00', 1, 1, 'HAM3');
INSERT INTO `ModulerDatabase`.`Classes` (`class_ID`, `module_ID`, `activity_type_ID`, `start_time`, `end_time`, `class_semester`, `class_day`, `class_location`) VALUES (2, 10, 13, '11:00', '12:00', 1, 1, 'HAM3');
INSERT INTO `ModulerDatabase`.`Classes` (`class_ID`, `module_ID`, `activity_type_ID`, `start_time`, `end_time`, `class_semester`, `class_day`, `class_location`) VALUES (3, 12, 13, '13:00', '14:00', 1, 1, 'HAM4');
INSERT INTO `ModulerDatabase`.`Classes` (`class_ID`, `module_ID`, `activity_type_ID`, `start_time`, `end_time`, `class_semester`, `class_day`, `class_location`) VALUES (4, 11, 13, '17:00', '18:00', 1, 1, '2043');
INSERT INTO `ModulerDatabase`.`Classes` (`class_ID`, `module_ID`, `activity_type_ID`, `start_time`, `end_time`, `class_semester`, `class_day`, `class_location`) VALUES (5, 7, 13, '10:00', '11:00', 1, 2, 'HAM3');
INSERT INTO `ModulerDatabase`.`Classes` (`class_ID`, `module_ID`, `activity_type_ID`, `start_time`, `end_time`, `class_semester`, `class_day`, `class_location`) VALUES (6, 10, 13, '11:00', '12:00', 1, 2, 'HAM3');
INSERT INTO `ModulerDatabase`.`Classes` (`class_ID`, `module_ID`, `activity_type_ID`, `start_time`, `end_time`, `class_semester`, `class_day`, `class_location`) VALUES (7, 11, 13, '13:00', '14:00', 1, 2, 'HAM3');
INSERT INTO `ModulerDatabase`.`Classes` (`class_ID`, `module_ID`, `activity_type_ID`, `start_time`, `end_time`, `class_semester`, `class_day`, `class_location`) VALUES (8, 12, 13, '13:00', '14:00', 1, 3, 'GOLDHALL');
INSERT INTO `ModulerDatabase`.`Classes` (`class_ID`, `module_ID`, `activity_type_ID`, `start_time`, `end_time`, `class_semester`, `class_day`, `class_location`) VALUES (9, 7, 13, '17:00', '18:00', 1, 3, 'HAM3');
INSERT INTO `ModulerDatabase`.`Classes` (`class_ID`, `module_ID`, `activity_type_ID`, `start_time`, `end_time`, `class_semester`, `class_day`, `class_location`) VALUES (10, 11, 13, '09:00', '10:00', 1, 4, '2039');
INSERT INTO `ModulerDatabase`.`Classes` (`class_ID`, `module_ID`, `activity_type_ID`, `start_time`, `end_time`, `class_semester`, `class_day`, `class_location`) VALUES (11, 7, 13, '10:00', '11:00', 1, 4, 'HAM3');
INSERT INTO `ModulerDatabase`.`Classes` (`class_ID`, `module_ID`, `activity_type_ID`, `start_time`, `end_time`, `class_semester`, `class_day`, `class_location`) VALUES (12, 10, 13, '11:00', '12:00', 1, 4, 'HAM3');
INSERT INTO `ModulerDatabase`.`Classes` (`class_ID`, `module_ID`, `activity_type_ID`, `start_time`, `end_time`, `class_semester`, `class_day`, `class_location`) VALUES (13, 12, 13, '16:00', '17:00', 1, 4, 'HAM3');
INSERT INTO `ModulerDatabase`.`Classes` (`class_ID`, `module_ID`, `activity_type_ID`, `start_time`, `end_time`, `class_semester`, `class_day`, `class_location`) VALUES (14, 12, 13, '13:00', '14:00', 1, 5, '2039');
INSERT INTO `ModulerDatabase`.`Classes` (`class_ID`, `module_ID`, `activity_type_ID`, `start_time`, `end_time`, `class_semester`, `class_day`, `class_location`) VALUES (16, 11, 14, '16:00', '17:00', 1, 2, 'DO/M17/M21');
INSERT INTO `ModulerDatabase`.`Classes` (`class_ID`, `module_ID`, `activity_type_ID`, `start_time`, `end_time`, `class_semester`, `class_day`, `class_location`) VALUES (17, 10, 14, '09:00', '10:00', 1, 3, 'M20/M21');
INSERT INTO `ModulerDatabase`.`Classes` (`class_ID`, `module_ID`, `activity_type_ID`, `start_time`, `end_time`, `class_semester`, `class_day`, `class_location`) VALUES (18, 7, 14, '13:00', '14:00', 1, 4, 'M17');
INSERT INTO `ModulerDatabase`.`Classes` (`class_ID`, `module_ID`, `activity_type_ID`, `start_time`, `end_time`, `class_semester`, `class_day`, `class_location`) VALUES (19, 7, 15, '14:00', '17:00', 1, 1, 'PCTL');
INSERT INTO `ModulerDatabase`.`Classes` (`class_ID`, `module_ID`, `activity_type_ID`, `start_time`, `end_time`, `class_semester`, `class_day`, `class_location`) VALUES (20, 11, 15, '14:00', '16:00', 1, 2, 'LAB');
INSERT INTO `ModulerDatabase`.`Classes` (`class_ID`, `module_ID`, `activity_type_ID`, `start_time`, `end_time`, `class_semester`, `class_day`, `class_location`) VALUES (21, 11, 15, '14:00', '16:00', 1, 5, 'LAB');
INSERT INTO `ModulerDatabase`.`Classes` (`class_ID`, `module_ID`, `activity_type_ID`, `start_time`, `end_time`, `class_semester`, `class_day`, `class_location`) VALUES (22, 4, 15, '09:00', '12:00', 1, 5, 'CADLAB');
INSERT INTO `ModulerDatabase`.`Classes` (`class_ID`, `module_ID`, `activity_type_ID`, `start_time`, `end_time`, `class_semester`, `class_day`, `class_location`) VALUES (23, 9, 13, '09:00', '10:00', 2, 1, 'HAM3');
INSERT INTO `ModulerDatabase`.`Classes` (`class_ID`, `module_ID`, `activity_type_ID`, `start_time`, `end_time`, `class_semester`, `class_day`, `class_location`) VALUES (24, 8, 13, '10:00', '11:00', 2, 1, 'HAM3');
INSERT INTO `ModulerDatabase`.`Classes` (`class_ID`, `module_ID`, `activity_type_ID`, `start_time`, `end_time`, `class_semester`, `class_day`, `class_location`) VALUES (26, 13, 13, '13:00', '14:00', 2, 1, 'GOLDHALL');
INSERT INTO `ModulerDatabase`.`Classes` (`class_ID`, `module_ID`, `activity_type_ID`, `start_time`, `end_time`, `class_semester`, `class_day`, `class_location`) VALUES (27, 6, 13, '12:00', '13:00', 2, 2, 'GOLDHALL');
INSERT INTO `ModulerDatabase`.`Classes` (`class_ID`, `module_ID`, `activity_type_ID`, `start_time`, `end_time`, `class_semester`, `class_day`, `class_location`) VALUES (28, 9, 13, '09:00', '10:00', 2, 3, 'HAM3');
INSERT INTO `ModulerDatabase`.`Classes` (`class_ID`, `module_ID`, `activity_type_ID`, `start_time`, `end_time`, `class_semester`, `class_day`, `class_location`) VALUES (29, 5, 13, '10:00', '11:00', 2, 3, 'HAM3');
INSERT INTO `ModulerDatabase`.`Classes` (`class_ID`, `module_ID`, `activity_type_ID`, `start_time`, `end_time`, `class_semester`, `class_day`, `class_location`) VALUES (31, 13, 13, '13:00', '14:00', 2, 3, 'GOLDHALL');
INSERT INTO `ModulerDatabase`.`Classes` (`class_ID`, `module_ID`, `activity_type_ID`, `start_time`, `end_time`, `class_semester`, `class_day`, `class_location`) VALUES (32, 5, 13, '17:00', '18:00', 2, 4, '2039');
INSERT INTO `ModulerDatabase`.`Classes` (`class_ID`, `module_ID`, `activity_type_ID`, `start_time`, `end_time`, `class_semester`, `class_day`, `class_location`) VALUES (33, 9, 13, '09:00', '10:00', 2, 5, '1008');
INSERT INTO `ModulerDatabase`.`Classes` (`class_ID`, `module_ID`, `activity_type_ID`, `start_time`, `end_time`, `class_semester`, `class_day`, `class_location`) VALUES (34, 8, 13, '10:00', '11:00', 2, 5, 'HAM3');
INSERT INTO `ModulerDatabase`.`Classes` (`class_ID`, `module_ID`, `activity_type_ID`, `start_time`, `end_time`, `class_semester`, `class_day`, `class_location`) VALUES (35, 13, 13, '11:00', '12:00', 2, 5, 'HAM3');
INSERT INTO `ModulerDatabase`.`Classes` (`class_ID`, `module_ID`, `activity_type_ID`, `start_time`, `end_time`, `class_semester`, `class_day`, `class_location`) VALUES (36, 6, 13, '12:00', '13:00', 2, 5, 'HAM3');
INSERT INTO `ModulerDatabase`.`Classes` (`class_ID`, `module_ID`, `activity_type_ID`, `start_time`, `end_time`, `class_semester`, `class_day`, `class_location`) VALUES (37, 5, 13, '14:00', '15:00', 2, 5, 'HAM4');
INSERT INTO `ModulerDatabase`.`Classes` (`class_ID`, `module_ID`, `activity_type_ID`, `start_time`, `end_time`, `class_semester`, `class_day`, `class_location`) VALUES (38, 14, 13, '15:00', '16:00', 2, 5, 'HAM4');
INSERT INTO `ModulerDatabase`.`Classes` (`class_ID`, `module_ID`, `activity_type_ID`, `start_time`, `end_time`, `class_semester`, `class_day`, `class_location`) VALUES (40, 6, 14, '11:00', '12:00', 2, 3, 'LB04');
INSERT INTO `ModulerDatabase`.`Classes` (`class_ID`, `module_ID`, `activity_type_ID`, `start_time`, `end_time`, `class_semester`, `class_day`, `class_location`) VALUES (41, 5, 14, '15:00', '16:00', 2, 4, 'DO');
INSERT INTO `ModulerDatabase`.`Classes` (`class_ID`, `module_ID`, `activity_type_ID`, `start_time`, `end_time`, `class_semester`, `class_day`, `class_location`) VALUES (42, 8, 15, '14:00', '17:00', 2, 1, 'SNIAM');
INSERT INTO `ModulerDatabase`.`Classes` (`class_ID`, `module_ID`, `activity_type_ID`, `start_time`, `end_time`, `class_semester`, `class_day`, `class_location`) VALUES (43, 5, 15, '14:00', '16:00', 2, 2, 'LAB');
INSERT INTO `ModulerDatabase`.`Classes` (`class_ID`, `module_ID`, `activity_type_ID`, `start_time`, `end_time`, `class_semester`, `class_day`, `class_location`) VALUES (44, 13, 15, '14:00', '16:00', 2, 3, 'EEMAC');
INSERT INTO `ModulerDatabase`.`Classes` (`class_ID`, `module_ID`, `activity_type_ID`, `start_time`, `end_time`, `class_semester`, `class_day`, `class_location`) VALUES (45, 14, 15, '09:00', '12:00', 2, 4, 'DO');
INSERT INTO `ModulerDatabase`.`Classes` (`class_ID`, `module_ID`, `activity_type_ID`, `start_time`, `end_time`, `class_semester`, `class_day`, `class_location`) VALUES (46, 6, 15, '13:00', '14:00', 2, 4, 'UGLAB');

COMMIT;


-- -----------------------------------------------------
-- Data for table `ModulerDatabase`.`Students`
-- -----------------------------------------------------
START TRANSACTION;
USE `ModulerDatabase`;
INSERT INTO `ModulerDatabase`.`Students` (`student_ID`, `student_name`, `course_ID`, `student_email`, `student_number`) VALUES (1, 'Cian Lo', 1, 'lo@gmail.com', 12345678);
INSERT INTO `ModulerDatabase`.`Students` (`student_ID`, `student_name`, `course_ID`, `student_email`, `student_number`) VALUES (2, 'Harry Wallnutt', 1, 'walnutt@gmail.com', 12397654);
INSERT INTO `ModulerDatabase`.`Students` (`student_ID`, `student_name`, `course_ID`, `student_email`, `student_number`) VALUES (3, 'Peter McGrath', 1, 'mcgrath@gmail.com', 12467777);
INSERT INTO `ModulerDatabase`.`Students` (`student_ID`, `student_name`, `course_ID`, `student_email`, `student_number`) VALUES (4, 'Sean Smith', 1, 'smith@gmail.com', 16789032);
INSERT INTO `ModulerDatabase`.`Students` (`student_ID`, `student_name`, `course_ID`, `student_email`, `student_number`) VALUES (5, 'Alex Reilly', 1, 'reilly@gmail.com', 13445543);
INSERT INTO `ModulerDatabase`.`Students` (`student_ID`, `student_name`, `course_ID`, `student_email`, `student_number`) VALUES (6, 'Jenny Ryan', 1, 'ryan@gmail.com', 17765443);
INSERT INTO `ModulerDatabase`.`Students` (`student_ID`, `student_name`, `course_ID`, `student_email`, `student_number`) VALUES (7, 'Emma Scott', 1, 'scott@gmail.com', 19098990);
INSERT INTO `ModulerDatabase`.`Students` (`student_ID`, `student_name`, `course_ID`, `student_email`, `student_number`) VALUES (8, 'Jean Magennis', 1, 'magennis@gmail.com', 16767890);
INSERT INTO `ModulerDatabase`.`Students` (`student_ID`, `student_name`, `course_ID`, `student_email`, `student_number`) VALUES (9, 'Shane Murray', 1, 'murray@gmail.com', 12344321);
INSERT INTO `ModulerDatabase`.`Students` (`student_ID`, `student_name`, `course_ID`, `student_email`, `student_number`) VALUES (10, 'Ciaran Gleeson', 1, 'gleeson@gmail.com', 15376566);
INSERT INTO `ModulerDatabase`.`Students` (`student_ID`, `student_name`, `course_ID`, `student_email`, `student_number`) VALUES (11, 'Joe Biggs', 1, 'biggs@gmail.com', 15887766);
INSERT INTO `ModulerDatabase`.`Students` (`student_ID`, `student_name`, `course_ID`, `student_email`, `student_number`) VALUES (12, 'David Dillon', 1, 'dillon@gmail.com', 15678765);
INSERT INTO `ModulerDatabase`.`Students` (`student_ID`, `student_name`, `course_ID`, `student_email`, `student_number`) VALUES (13, 'Eve Fischer', 1, 'fischer@gmail.com', 16773321);
INSERT INTO `ModulerDatabase`.`Students` (`student_ID`, `student_name`, `course_ID`, `student_email`, `student_number`) VALUES (14, 'Catherine Burke', 1, 'burke@gmail.com', 10121314);
INSERT INTO `ModulerDatabase`.`Students` (`student_ID`, `student_name`, `course_ID`, `student_email`, `student_number`) VALUES (15, 'Marta Sanchez', 1, 'sanchez@gmail.com', 15321234);
INSERT INTO `ModulerDatabase`.`Students` (`student_ID`, `student_name`, `course_ID`, `student_email`, `student_number`) VALUES (16, 'Aoife Kelly', 1, 'kelly@gmail.com', 14443367);
INSERT INTO `ModulerDatabase`.`Students` (`student_ID`, `student_name`, `course_ID`, `student_email`, `student_number`) VALUES (17, 'Dylan Kearns', 1, 'kearns@gmail.com', 14900765);
INSERT INTO `ModulerDatabase`.`Students` (`student_ID`, `student_name`, `course_ID`, `student_email`, `student_number`) VALUES (18, 'Amhed Tabet', 1, 'tabet@gmail.com', 18987100);
INSERT INTO `ModulerDatabase`.`Students` (`student_ID`, `student_name`, `course_ID`, `student_email`, `student_number`) VALUES (19, 'Frances Killalea', 1, 'killalea@gmail.com', 15554982);
INSERT INTO `ModulerDatabase`.`Students` (`student_ID`, `student_name`, `course_ID`, `student_email`, `student_number`) VALUES (20, 'Pol Ruiz', 1, 'ruiz@gmail.com', 15694245);
INSERT INTO `ModulerDatabase`.`Students` (`student_ID`, `student_name`, `course_ID`, `student_email`, `student_number`) VALUES (21, 'Iseult Flanagan', 2, 'flanagan@gmail.com', 15321122);
INSERT INTO `ModulerDatabase`.`Students` (`student_ID`, `student_name`, `course_ID`, `student_email`, `student_number`) VALUES (22, 'Ciara O\'Reilly', 2, 'oreilly@gmail.com', 11223344);
INSERT INTO `ModulerDatabase`.`Students` (`student_ID`, `student_name`, `course_ID`, `student_email`, `student_number`) VALUES (23, 'Mary Murphy', 2, 'murphy@gmail.com', 12445566);
INSERT INTO `ModulerDatabase`.`Students` (`student_ID`, `student_name`, `course_ID`, `student_email`, `student_number`) VALUES (24, 'Amanda Shen', 2, 'shen@gmail.com', 16753245);
INSERT INTO `ModulerDatabase`.`Students` (`student_ID`, `student_name`, `course_ID`, `student_email`, `student_number`) VALUES (25, 'Ramon Bribian', 2, 'bribian@gmail.com', 13678532);
INSERT INTO `ModulerDatabase`.`Students` (`student_ID`, `student_name`, `course_ID`, `student_email`, `student_number`) VALUES (26, 'Oscar Lebowski', 2, 'lebowksi@gmail.com', 12357854);
INSERT INTO `ModulerDatabase`.`Students` (`student_ID`, `student_name`, `course_ID`, `student_email`, `student_number`) VALUES (27, 'Liang Roso ', 2, 'roso@gmail.com', 19848569);
INSERT INTO `ModulerDatabase`.`Students` (`student_ID`, `student_name`, `course_ID`, `student_email`, `student_number`) VALUES (28, 'Markus Hudson', 2, 'hudson@gmail.com', 17463849);
INSERT INTO `ModulerDatabase`.`Students` (`student_ID`, `student_name`, `course_ID`, `student_email`, `student_number`) VALUES (29, 'Andrea Masucci', 2, 'masucci@gmail.com', 14578788);
INSERT INTO `ModulerDatabase`.`Students` (`student_ID`, `student_name`, `course_ID`, `student_email`, `student_number`) VALUES (30, 'Anna Coste', 2, 'coste@gmail.com', 16668888);
INSERT INTO `ModulerDatabase`.`Students` (`student_ID`, `student_name`, `course_ID`, `student_email`, `student_number`) VALUES (31, 'Tove Bell', 2, 'bell@gmail.com', 16534222);
INSERT INTO `ModulerDatabase`.`Students` (`student_ID`, `student_name`, `course_ID`, `student_email`, `student_number`) VALUES (32, 'Beth Janson', 2, 'janson@gmail.com', 15324821);
INSERT INTO `ModulerDatabase`.`Students` (`student_ID`, `student_name`, `course_ID`, `student_email`, `student_number`) VALUES (33, 'Caio Kubo', 2, 'kubo@gmail.com', 14242837);
INSERT INTO `ModulerDatabase`.`Students` (`student_ID`, `student_name`, `course_ID`, `student_email`, `student_number`) VALUES (34, 'Luke Lowe', 2, 'lowe@gmail.com', 17473767);
INSERT INTO `ModulerDatabase`.`Students` (`student_ID`, `student_name`, `course_ID`, `student_email`, `student_number`) VALUES (35, 'Patrick Gilligan', 2, 'gilligan@gmail.com', 15253545);
INSERT INTO `ModulerDatabase`.`Students` (`student_ID`, `student_name`, `course_ID`, `student_email`, `student_number`) VALUES (36, 'Elias Michaels', 2, 'michaels@gmail.com', 16263646);
INSERT INTO `ModulerDatabase`.`Students` (`student_ID`, `student_name`, `course_ID`, `student_email`, `student_number`) VALUES (37, 'Cara Galvin', 2, 'galvin@gmail.com', 17273747);
INSERT INTO `ModulerDatabase`.`Students` (`student_ID`, `student_name`, `course_ID`, `student_email`, `student_number`) VALUES (38, 'Alannah Culligan', 2, 'culligan@gmail.com', 18283848);
INSERT INTO `ModulerDatabase`.`Students` (`student_ID`, `student_name`, `course_ID`, `student_email`, `student_number`) VALUES (39, 'Clodagh White ', 3, 'white@gmail.com', 19293949);
INSERT INTO `ModulerDatabase`.`Students` (`student_ID`, `student_name`, `course_ID`, `student_email`, `student_number`) VALUES (40, 'Eimear Trimble', 3, 'trimble@gmail.com', 14446541);

COMMIT;


-- -----------------------------------------------------
-- Data for table `ModulerDatabase`.`Days`
-- -----------------------------------------------------
START TRANSACTION;
USE `ModulerDatabase`;
INSERT INTO `ModulerDatabase`.`Days` (`day_ID`, `day`) VALUES (1, 'Monday');
INSERT INTO `ModulerDatabase`.`Days` (`day_ID`, `day`) VALUES (2, 'Tuesday');
INSERT INTO `ModulerDatabase`.`Days` (`day_ID`, `day`) VALUES (3, 'Wednesday');
INSERT INTO `ModulerDatabase`.`Days` (`day_ID`, `day`) VALUES (4, 'Thursday');
INSERT INTO `ModulerDatabase`.`Days` (`day_ID`, `day`) VALUES (5, 'Friday');

COMMIT;


-- -----------------------------------------------------
-- Data for table `ModulerDatabase`.`Student_Progress`
-- -----------------------------------------------------
START TRANSACTION;
USE `ModulerDatabase`;
INSERT INTO `ModulerDatabase`.`Student_Progress` (`progress_ID`, `student_ID`, `activity_ID`, `hours`, `submitted`) VALUES (1, 1, 1, 2, 1);
INSERT INTO `ModulerDatabase`.`Student_Progress` (`progress_ID`, `student_ID`, `activity_ID`, `hours`, `submitted`) VALUES (2, 1, 2, 2, 1);
INSERT INTO `ModulerDatabase`.`Student_Progress` (`progress_ID`, `student_ID`, `activity_ID`, `hours`, `submitted`) VALUES (3, 1, 4, 2, 1);
INSERT INTO `ModulerDatabase`.`Student_Progress` (`progress_ID`, `student_ID`, `activity_ID`, `hours`, `submitted`) VALUES (4, 1, 5, 2, 1);
INSERT INTO `ModulerDatabase`.`Student_Progress` (`progress_ID`, `student_ID`, `activity_ID`, `hours`, `submitted`) VALUES (5, 1, 6, 2, 1);
INSERT INTO `ModulerDatabase`.`Student_Progress` (`progress_ID`, `student_ID`, `activity_ID`, `hours`, `submitted`) VALUES (6, 1, 7, 2, 1);
INSERT INTO `ModulerDatabase`.`Student_Progress` (`progress_ID`, `student_ID`, `activity_ID`, `hours`, `submitted`) VALUES (7, 1, 8, 2, 0);
INSERT INTO `ModulerDatabase`.`Student_Progress` (`progress_ID`, `student_ID`, `activity_ID`, `hours`, `submitted`) VALUES (8, 1, 13, 3, 1);
INSERT INTO `ModulerDatabase`.`Student_Progress` (`progress_ID`, `student_ID`, `activity_ID`, `hours`, `submitted`) VALUES (9, 1, 14, 3, 1);
INSERT INTO `ModulerDatabase`.`Student_Progress` (`progress_ID`, `student_ID`, `activity_ID`, `hours`, `submitted`) VALUES (10, 1, 15, 3, 1);
INSERT INTO `ModulerDatabase`.`Student_Progress` (`progress_ID`, `student_ID`, `activity_ID`, `hours`, `submitted`) VALUES (11, 1, 16, 15, 1);
INSERT INTO `ModulerDatabase`.`Student_Progress` (`progress_ID`, `student_ID`, `activity_ID`, `hours`, `submitted`) VALUES (12, 1, 17, 2, 1);
INSERT INTO `ModulerDatabase`.`Student_Progress` (`progress_ID`, `student_ID`, `activity_ID`, `hours`, `submitted`) VALUES (13, 1, 18, 2, 1);
INSERT INTO `ModulerDatabase`.`Student_Progress` (`progress_ID`, `student_ID`, `activity_ID`, `hours`, `submitted`) VALUES (14, 1, 19, 15, 1);
INSERT INTO `ModulerDatabase`.`Student_Progress` (`progress_ID`, `student_ID`, `activity_ID`, `hours`, `submitted`) VALUES (15, 1, 20, 11, 1);
INSERT INTO `ModulerDatabase`.`Student_Progress` (`progress_ID`, `student_ID`, `activity_ID`, `hours`, `submitted`) VALUES (16, 1, 21, 2, 1);
INSERT INTO `ModulerDatabase`.`Student_Progress` (`progress_ID`, `student_ID`, `activity_ID`, `hours`, `submitted`) VALUES (17, 1, 22, 2, 1);
INSERT INTO `ModulerDatabase`.`Student_Progress` (`progress_ID`, `student_ID`, `activity_ID`, `hours`, `submitted`) VALUES (18, 1, 23, 2, 1);
INSERT INTO `ModulerDatabase`.`Student_Progress` (`progress_ID`, `student_ID`, `activity_ID`, `hours`, `submitted`) VALUES (19, 1, 24, 2, 1);
INSERT INTO `ModulerDatabase`.`Student_Progress` (`progress_ID`, `student_ID`, `activity_ID`, `hours`, `submitted`) VALUES (20, 1, 25, 2, 1);
INSERT INTO `ModulerDatabase`.`Student_Progress` (`progress_ID`, `student_ID`, `activity_ID`, `hours`, `submitted`) VALUES (21, 1, 26, 0.5, 1);
INSERT INTO `ModulerDatabase`.`Student_Progress` (`progress_ID`, `student_ID`, `activity_ID`, `hours`, `submitted`) VALUES (22, 1, 27, 2, 1);
INSERT INTO `ModulerDatabase`.`Student_Progress` (`progress_ID`, `student_ID`, `activity_ID`, `hours`, `submitted`) VALUES (23, 1, 29, 1, 1);
INSERT INTO `ModulerDatabase`.`Student_Progress` (`progress_ID`, `student_ID`, `activity_ID`, `hours`, `submitted`) VALUES (24, 1, 30, 1, 0);
INSERT INTO `ModulerDatabase`.`Student_Progress` (`progress_ID`, `student_ID`, `activity_ID`, `hours`, `submitted`) VALUES (25, 1, 32, 1, 1);
INSERT INTO `ModulerDatabase`.`Student_Progress` (`progress_ID`, `student_ID`, `activity_ID`, `hours`, `submitted`) VALUES (26, 1, 33, 1, 1);
INSERT INTO `ModulerDatabase`.`Student_Progress` (`progress_ID`, `student_ID`, `activity_ID`, `hours`, `submitted`) VALUES (27, 1, 34, 2, 1);
INSERT INTO `ModulerDatabase`.`Student_Progress` (`progress_ID`, `student_ID`, `activity_ID`, `hours`, `submitted`) VALUES (28, 1, 37, 5, 1);
INSERT INTO `ModulerDatabase`.`Student_Progress` (`progress_ID`, `student_ID`, `activity_ID`, `hours`, `submitted`) VALUES (29, 1, 38, 6, 1);
INSERT INTO `ModulerDatabase`.`Student_Progress` (`progress_ID`, `student_ID`, `activity_ID`, `hours`, `submitted`) VALUES (30, 1, 39, 2, 1);
INSERT INTO `ModulerDatabase`.`Student_Progress` (`progress_ID`, `student_ID`, `activity_ID`, `hours`, `submitted`) VALUES (31, 1, 40, 3, 1);
INSERT INTO `ModulerDatabase`.`Student_Progress` (`progress_ID`, `student_ID`, `activity_ID`, `hours`, `submitted`) VALUES (32, 1, 41, 3, 1);
INSERT INTO `ModulerDatabase`.`Student_Progress` (`progress_ID`, `student_ID`, `activity_ID`, `hours`, `submitted`) VALUES (33, 1, 43, 2, 1);
INSERT INTO `ModulerDatabase`.`Student_Progress` (`progress_ID`, `student_ID`, `activity_ID`, `hours`, `submitted`) VALUES (34, 1, 44, 3, 1);
INSERT INTO `ModulerDatabase`.`Student_Progress` (`progress_ID`, `student_ID`, `activity_ID`, `hours`, `submitted`) VALUES (35, 1, 45, 2, 0);
INSERT INTO `ModulerDatabase`.`Student_Progress` (`progress_ID`, `student_ID`, `activity_ID`, `hours`, `submitted`) VALUES (36, 1, 49, 2, 1);
INSERT INTO `ModulerDatabase`.`Student_Progress` (`progress_ID`, `student_ID`, `activity_ID`, `hours`, `submitted`) VALUES (37, 1, 50, 3, 1);
INSERT INTO `ModulerDatabase`.`Student_Progress` (`progress_ID`, `student_ID`, `activity_ID`, `hours`, `submitted`) VALUES (38, 1, 51, 3, 1);
INSERT INTO `ModulerDatabase`.`Student_Progress` (`progress_ID`, `student_ID`, `activity_ID`, `hours`, `submitted`) VALUES (39, 1, 52, 3, 1);
INSERT INTO `ModulerDatabase`.`Student_Progress` (`progress_ID`, `student_ID`, `activity_ID`, `hours`, `submitted`) VALUES (40, 1, 53, 3, 1);
INSERT INTO `ModulerDatabase`.`Student_Progress` (`progress_ID`, `student_ID`, `activity_ID`, `hours`, `submitted`) VALUES (41, 1, 54, 2, 0);
INSERT INTO `ModulerDatabase`.`Student_Progress` (`progress_ID`, `student_ID`, `activity_ID`, `hours`, `submitted`) VALUES (42, 1, 58, 4, 1);
INSERT INTO `ModulerDatabase`.`Student_Progress` (`progress_ID`, `student_ID`, `activity_ID`, `hours`, `submitted`) VALUES (43, 1, 59, 4, 1);
INSERT INTO `ModulerDatabase`.`Student_Progress` (`progress_ID`, `student_ID`, `activity_ID`, `hours`, `submitted`) VALUES (44, 1, 60, 4, 1);
INSERT INTO `ModulerDatabase`.`Student_Progress` (`progress_ID`, `student_ID`, `activity_ID`, `hours`, `submitted`) VALUES (45, 1, 61, 4, 1);
INSERT INTO `ModulerDatabase`.`Student_Progress` (`progress_ID`, `student_ID`, `activity_ID`, `hours`, `submitted`) VALUES (46, 1, 62, 4, 1);
INSERT INTO `ModulerDatabase`.`Student_Progress` (`progress_ID`, `student_ID`, `activity_ID`, `hours`, `submitted`) VALUES (47, 1, 63, 2, 1);
INSERT INTO `ModulerDatabase`.`Student_Progress` (`progress_ID`, `student_ID`, `activity_ID`, `hours`, `submitted`) VALUES (48, 1, 64, 2, 1);
INSERT INTO `ModulerDatabase`.`Student_Progress` (`progress_ID`, `student_ID`, `activity_ID`, `hours`, `submitted`) VALUES (49, 1, 65, 2, 1);
INSERT INTO `ModulerDatabase`.`Student_Progress` (`progress_ID`, `student_ID`, `activity_ID`, `hours`, `submitted`) VALUES (50, 1, 66, 2, 1);
INSERT INTO `ModulerDatabase`.`Student_Progress` (`progress_ID`, `student_ID`, `activity_ID`, `hours`, `submitted`) VALUES (51, 1, 67, 2, 1);
INSERT INTO `ModulerDatabase`.`Student_Progress` (`progress_ID`, `student_ID`, `activity_ID`, `hours`, `submitted`) VALUES (52, 1, 68, 2, 1);
INSERT INTO `ModulerDatabase`.`Student_Progress` (`progress_ID`, `student_ID`, `activity_ID`, `hours`, `submitted`) VALUES (53, 1, 69, 2, 1);
INSERT INTO `ModulerDatabase`.`Student_Progress` (`progress_ID`, `student_ID`, `activity_ID`, `hours`, `submitted`) VALUES (54, 1, 70, 2, 1);
INSERT INTO `ModulerDatabase`.`Student_Progress` (`progress_ID`, `student_ID`, `activity_ID`, `hours`, `submitted`) VALUES (55, 1, 71, 2, 1);
INSERT INTO `ModulerDatabase`.`Student_Progress` (`progress_ID`, `student_ID`, `activity_ID`, `hours`, `submitted`) VALUES (56, 1, 72, 2, 1);
INSERT INTO `ModulerDatabase`.`Student_Progress` (`progress_ID`, `student_ID`, `activity_ID`, `hours`, `submitted`) VALUES (57, 1, 73, 2, 1);

COMMIT;


-- -----------------------------------------------------
-- Data for table `ModulerDatabase`.`Module_Course`
-- -----------------------------------------------------
START TRANSACTION;
USE `ModulerDatabase`;
INSERT INTO `ModulerDatabase`.`Module_Course` (`module_ID`, `course_ID`) VALUES (4, 1);
INSERT INTO `ModulerDatabase`.`Module_Course` (`module_ID`, `course_ID`) VALUES (5, 1);
INSERT INTO `ModulerDatabase`.`Module_Course` (`module_ID`, `course_ID`) VALUES (6, 1);
INSERT INTO `ModulerDatabase`.`Module_Course` (`module_ID`, `course_ID`) VALUES (7, 1);
INSERT INTO `ModulerDatabase`.`Module_Course` (`module_ID`, `course_ID`) VALUES (8, 1);
INSERT INTO `ModulerDatabase`.`Module_Course` (`module_ID`, `course_ID`) VALUES (9, 1);
INSERT INTO `ModulerDatabase`.`Module_Course` (`module_ID`, `course_ID`) VALUES (10, 1);
INSERT INTO `ModulerDatabase`.`Module_Course` (`module_ID`, `course_ID`) VALUES (11, 1);
INSERT INTO `ModulerDatabase`.`Module_Course` (`module_ID`, `course_ID`) VALUES (12, 1);
INSERT INTO `ModulerDatabase`.`Module_Course` (`module_ID`, `course_ID`) VALUES (13, 1);
INSERT INTO `ModulerDatabase`.`Module_Course` (`module_ID`, `course_ID`) VALUES (14, 1);
INSERT INTO `ModulerDatabase`.`Module_Course` (`module_ID`, `course_ID`) VALUES (4, 2);
INSERT INTO `ModulerDatabase`.`Module_Course` (`module_ID`, `course_ID`) VALUES (5, 2);
INSERT INTO `ModulerDatabase`.`Module_Course` (`module_ID`, `course_ID`) VALUES (6, 2);
INSERT INTO `ModulerDatabase`.`Module_Course` (`module_ID`, `course_ID`) VALUES (7, 2);
INSERT INTO `ModulerDatabase`.`Module_Course` (`module_ID`, `course_ID`) VALUES (8, 2);
INSERT INTO `ModulerDatabase`.`Module_Course` (`module_ID`, `course_ID`) VALUES (9, 2);
INSERT INTO `ModulerDatabase`.`Module_Course` (`module_ID`, `course_ID`) VALUES (10, 2);
INSERT INTO `ModulerDatabase`.`Module_Course` (`module_ID`, `course_ID`) VALUES (11, 2);
INSERT INTO `ModulerDatabase`.`Module_Course` (`module_ID`, `course_ID`) VALUES (12, 2);
INSERT INTO `ModulerDatabase`.`Module_Course` (`module_ID`, `course_ID`) VALUES (13, 2);
INSERT INTO `ModulerDatabase`.`Module_Course` (`module_ID`, `course_ID`) VALUES (14, 2);
INSERT INTO `ModulerDatabase`.`Module_Course` (`module_ID`, `course_ID`) VALUES (4, 3);
INSERT INTO `ModulerDatabase`.`Module_Course` (`module_ID`, `course_ID`) VALUES (5, 3);
INSERT INTO `ModulerDatabase`.`Module_Course` (`module_ID`, `course_ID`) VALUES (6, 3);
INSERT INTO `ModulerDatabase`.`Module_Course` (`module_ID`, `course_ID`) VALUES (7, 3);
INSERT INTO `ModulerDatabase`.`Module_Course` (`module_ID`, `course_ID`) VALUES (8, 3);
INSERT INTO `ModulerDatabase`.`Module_Course` (`module_ID`, `course_ID`) VALUES (9, 3);
INSERT INTO `ModulerDatabase`.`Module_Course` (`module_ID`, `course_ID`) VALUES (10, 3);
INSERT INTO `ModulerDatabase`.`Module_Course` (`module_ID`, `course_ID`) VALUES (11, 3);
INSERT INTO `ModulerDatabase`.`Module_Course` (`module_ID`, `course_ID`) VALUES (12, 3);
INSERT INTO `ModulerDatabase`.`Module_Course` (`module_ID`, `course_ID`) VALUES (13, 3);
INSERT INTO `ModulerDatabase`.`Module_Course` (`module_ID`, `course_ID`) VALUES (14, 3);

COMMIT;


-- -----------------------------------------------------
-- Data for table `ModulerDatabase`.`Feedback_Details`
-- -----------------------------------------------------
START TRANSACTION;
USE `ModulerDatabase`;
INSERT INTO `ModulerDatabase`.`Feedback_Details` (`feedback_ID`, `feedback_name`, `feedback_description`) VALUES (1, 'Pace', 'The pace of the lecture was good.');
INSERT INTO `ModulerDatabase`.`Feedback_Details` (`feedback_ID`, `feedback_name`, `feedback_description`) VALUES (2, 'Enthusiasm', 'The lecturer was enthusiastic.');
INSERT INTO `ModulerDatabase`.`Feedback_Details` (`feedback_ID`, `feedback_name`, `feedback_description`) VALUES (3, 'Delivery', 'The lecturer presented the lecture materials in an effective manner.');
INSERT INTO `ModulerDatabase`.`Feedback_Details` (`feedback_ID`, `feedback_name`, `feedback_description`) VALUES (4, 'Materials', 'Lecture materials are made available.');
INSERT INTO `ModulerDatabase`.`Feedback_Details` (`feedback_ID`, `feedback_name`, `feedback_description`) VALUES (5, 'Relevance', 'The professor made it clear how the topic fit the course ');
INSERT INTO `ModulerDatabase`.`Feedback_Details` (`feedback_ID`, `feedback_name`, `feedback_description`) VALUES (6, 'Value', 'I saw the value/purpose of this lecture.');
INSERT INTO `ModulerDatabase`.`Feedback_Details` (`feedback_ID`, `feedback_name`, `feedback_description`) VALUES (7, 'Interest', 'My interest in the field (the specific topic) has been stimulated.');
INSERT INTO `ModulerDatabase`.`Feedback_Details` (`feedback_ID`, `feedback_name`, `feedback_description`) VALUES (8, 'Engagement', 'I felt I was engaged in this class. I was encouraged to participate and ask questions.');
INSERT INTO `ModulerDatabase`.`Feedback_Details` (`feedback_ID`, `feedback_name`, `feedback_description`) VALUES (9, 'Expectation', 'I understood what was expected in preparation for the class.');
INSERT INTO `ModulerDatabase`.`Feedback_Details` (`feedback_ID`, `feedback_name`, `feedback_description`) VALUES (10, 'Preparation', 'I was well prepared for the class.');
INSERT INTO `ModulerDatabase`.`Feedback_Details` (`feedback_ID`, `feedback_name`, `feedback_description`) VALUES (11, 'Workload - Modules', 'The workload for this assessment was manageable.');
INSERT INTO `ModulerDatabase`.`Feedback_Details` (`feedback_ID`, `feedback_name`, `feedback_description`) VALUES (12, 'Workload - Program', 'The timing of this assessment deadline was different to the deadlines of my other modules.');
INSERT INTO `ModulerDatabase`.`Feedback_Details` (`feedback_ID`, `feedback_name`, `feedback_description`) VALUES (13, 'Criteria ', 'I was given criteria to follow.');
INSERT INTO `ModulerDatabase`.`Feedback_Details` (`feedback_ID`, `feedback_name`, `feedback_description`) VALUES (14, 'Criteria - Understanding', 'I understood the criteria');
INSERT INTO `ModulerDatabase`.`Feedback_Details` (`feedback_ID`, `feedback_name`, `feedback_description`) VALUES (15, 'Rubrics', 'I was given rubrics to follow');
INSERT INTO `ModulerDatabase`.`Feedback_Details` (`feedback_ID`, `feedback_name`, `feedback_description`) VALUES (16, 'Rubrics - Understanding', 'I understood the rubrics');
INSERT INTO `ModulerDatabase`.`Feedback_Details` (`feedback_ID`, `feedback_name`, `feedback_description`) VALUES (17, 'Knowledge', 'The assessment methods allow me to demonstrate my knowledge.');
INSERT INTO `ModulerDatabase`.`Feedback_Details` (`feedback_ID`, `feedback_name`, `feedback_description`) VALUES (18, 'Skills', 'The assessment methods allow me to demonstrate my skills and competencies');
INSERT INTO `ModulerDatabase`.`Feedback_Details` (`feedback_ID`, `feedback_name`, `feedback_description`) VALUES (19, 'Learning Outcomes', 'The assessment aligned with the Learning/Programme Outcomes');
INSERT INTO `ModulerDatabase`.`Feedback_Details` (`feedback_ID`, `feedback_name`, `feedback_description`) VALUES (20, 'Reflection', 'The assessment methods encouraged me to self-reflect');
INSERT INTO `ModulerDatabase`.`Feedback_Details` (`feedback_ID`, `feedback_name`, `feedback_description`) VALUES (21, 'Relevance', 'The assessment methods assessed relevance to real life skills ');

COMMIT;


-- -----------------------------------------------------
-- Data for table `ModulerDatabase`.`Feedback_Type`
-- -----------------------------------------------------
START TRANSACTION;
USE `ModulerDatabase`;
INSERT INTO `ModulerDatabase`.`Feedback_Type` (`feedback_type_ID`, `feedback_type`) VALUES (1, 'Module');
INSERT INTO `ModulerDatabase`.`Feedback_Type` (`feedback_type_ID`, `feedback_type`) VALUES (2, 'Activity');
INSERT INTO `ModulerDatabase`.`Feedback_Type` (`feedback_type_ID`, `feedback_type`) VALUES (3, 'Class');

COMMIT;


-- -----------------------------------------------------
-- Data for table `ModulerDatabase`.`Feedback_Set`
-- -----------------------------------------------------
START TRANSACTION;
USE `ModulerDatabase`;
INSERT INTO `ModulerDatabase`.`Feedback_Set` (`feedback_set_ID`, `feedback_activity_ID`, `feedback_type_ID`, `feedback_details_ID`) VALUES (1, 1, 2, 16);
INSERT INTO `ModulerDatabase`.`Feedback_Set` (`feedback_set_ID`, `feedback_activity_ID`, `feedback_type_ID`, `feedback_details_ID`) VALUES (2, 2, 2, 20);
INSERT INTO `ModulerDatabase`.`Feedback_Set` (`feedback_set_ID`, `feedback_activity_ID`, `feedback_type_ID`, `feedback_details_ID`) VALUES (3, 3, 2, 17);
INSERT INTO `ModulerDatabase`.`Feedback_Set` (`feedback_set_ID`, `feedback_activity_ID`, `feedback_type_ID`, `feedback_details_ID`) VALUES (4, 4, 2, 19);
INSERT INTO `ModulerDatabase`.`Feedback_Set` (`feedback_set_ID`, `feedback_activity_ID`, `feedback_type_ID`, `feedback_details_ID`) VALUES (5, 5, 2, 20);
INSERT INTO `ModulerDatabase`.`Feedback_Set` (`feedback_set_ID`, `feedback_activity_ID`, `feedback_type_ID`, `feedback_details_ID`) VALUES (6, 6, 2, 16);
INSERT INTO `ModulerDatabase`.`Feedback_Set` (`feedback_set_ID`, `feedback_activity_ID`, `feedback_type_ID`, `feedback_details_ID`) VALUES (7, 7, 2, 16);
INSERT INTO `ModulerDatabase`.`Feedback_Set` (`feedback_set_ID`, `feedback_activity_ID`, `feedback_type_ID`, `feedback_details_ID`) VALUES (8, 8, 2, 19);
INSERT INTO `ModulerDatabase`.`Feedback_Set` (`feedback_set_ID`, `feedback_activity_ID`, `feedback_type_ID`, `feedback_details_ID`) VALUES (9, 9, 2, 15);
INSERT INTO `ModulerDatabase`.`Feedback_Set` (`feedback_set_ID`, `feedback_activity_ID`, `feedback_type_ID`, `feedback_details_ID`) VALUES (10, 10, 2, 15);
INSERT INTO `ModulerDatabase`.`Feedback_Set` (`feedback_set_ID`, `feedback_activity_ID`, `feedback_type_ID`, `feedback_details_ID`) VALUES (11, 11, 2, 20);
INSERT INTO `ModulerDatabase`.`Feedback_Set` (`feedback_set_ID`, `feedback_activity_ID`, `feedback_type_ID`, `feedback_details_ID`) VALUES (12, 12, 2, 21);
INSERT INTO `ModulerDatabase`.`Feedback_Set` (`feedback_set_ID`, `feedback_activity_ID`, `feedback_type_ID`, `feedback_details_ID`) VALUES (13, 13, 2, 21);
INSERT INTO `ModulerDatabase`.`Feedback_Set` (`feedback_set_ID`, `feedback_activity_ID`, `feedback_type_ID`, `feedback_details_ID`) VALUES (14, 14, 2, 20);
INSERT INTO `ModulerDatabase`.`Feedback_Set` (`feedback_set_ID`, `feedback_activity_ID`, `feedback_type_ID`, `feedback_details_ID`) VALUES (15, 15, 2, 18);
INSERT INTO `ModulerDatabase`.`Feedback_Set` (`feedback_set_ID`, `feedback_activity_ID`, `feedback_type_ID`, `feedback_details_ID`) VALUES (16, 16, 2, 19);
INSERT INTO `ModulerDatabase`.`Feedback_Set` (`feedback_set_ID`, `feedback_activity_ID`, `feedback_type_ID`, `feedback_details_ID`) VALUES (17, 17, 2, 11);
INSERT INTO `ModulerDatabase`.`Feedback_Set` (`feedback_set_ID`, `feedback_activity_ID`, `feedback_type_ID`, `feedback_details_ID`) VALUES (18, 18, 2, 21);
INSERT INTO `ModulerDatabase`.`Feedback_Set` (`feedback_set_ID`, `feedback_activity_ID`, `feedback_type_ID`, `feedback_details_ID`) VALUES (19, 19, 2, 21);
INSERT INTO `ModulerDatabase`.`Feedback_Set` (`feedback_set_ID`, `feedback_activity_ID`, `feedback_type_ID`, `feedback_details_ID`) VALUES (20, 20, 2, 17);
INSERT INTO `ModulerDatabase`.`Feedback_Set` (`feedback_set_ID`, `feedback_activity_ID`, `feedback_type_ID`, `feedback_details_ID`) VALUES (21, 21, 2, 17);
INSERT INTO `ModulerDatabase`.`Feedback_Set` (`feedback_set_ID`, `feedback_activity_ID`, `feedback_type_ID`, `feedback_details_ID`) VALUES (22, 22, 2, 11);
INSERT INTO `ModulerDatabase`.`Feedback_Set` (`feedback_set_ID`, `feedback_activity_ID`, `feedback_type_ID`, `feedback_details_ID`) VALUES (23, 23, 2, 11);
INSERT INTO `ModulerDatabase`.`Feedback_Set` (`feedback_set_ID`, `feedback_activity_ID`, `feedback_type_ID`, `feedback_details_ID`) VALUES (24, 24, 2, 19);
INSERT INTO `ModulerDatabase`.`Feedback_Set` (`feedback_set_ID`, `feedback_activity_ID`, `feedback_type_ID`, `feedback_details_ID`) VALUES (25, 25, 2, 14);
INSERT INTO `ModulerDatabase`.`Feedback_Set` (`feedback_set_ID`, `feedback_activity_ID`, `feedback_type_ID`, `feedback_details_ID`) VALUES (26, 26, 2, 13);
INSERT INTO `ModulerDatabase`.`Feedback_Set` (`feedback_set_ID`, `feedback_activity_ID`, `feedback_type_ID`, `feedback_details_ID`) VALUES (27, 27, 2, 17);
INSERT INTO `ModulerDatabase`.`Feedback_Set` (`feedback_set_ID`, `feedback_activity_ID`, `feedback_type_ID`, `feedback_details_ID`) VALUES (28, 28, 2, 21);
INSERT INTO `ModulerDatabase`.`Feedback_Set` (`feedback_set_ID`, `feedback_activity_ID`, `feedback_type_ID`, `feedback_details_ID`) VALUES (29, 29, 2, 15);
INSERT INTO `ModulerDatabase`.`Feedback_Set` (`feedback_set_ID`, `feedback_activity_ID`, `feedback_type_ID`, `feedback_details_ID`) VALUES (30, 30, 2, 15);
INSERT INTO `ModulerDatabase`.`Feedback_Set` (`feedback_set_ID`, `feedback_activity_ID`, `feedback_type_ID`, `feedback_details_ID`) VALUES (31, 31, 2, 20);
INSERT INTO `ModulerDatabase`.`Feedback_Set` (`feedback_set_ID`, `feedback_activity_ID`, `feedback_type_ID`, `feedback_details_ID`) VALUES (32, 32, 2, 12);
INSERT INTO `ModulerDatabase`.`Feedback_Set` (`feedback_set_ID`, `feedback_activity_ID`, `feedback_type_ID`, `feedback_details_ID`) VALUES (33, 33, 2, 16);
INSERT INTO `ModulerDatabase`.`Feedback_Set` (`feedback_set_ID`, `feedback_activity_ID`, `feedback_type_ID`, `feedback_details_ID`) VALUES (34, 34, 2, 20);
INSERT INTO `ModulerDatabase`.`Feedback_Set` (`feedback_set_ID`, `feedback_activity_ID`, `feedback_type_ID`, `feedback_details_ID`) VALUES (35, 35, 2, 13);
INSERT INTO `ModulerDatabase`.`Feedback_Set` (`feedback_set_ID`, `feedback_activity_ID`, `feedback_type_ID`, `feedback_details_ID`) VALUES (36, 36, 2, 18);
INSERT INTO `ModulerDatabase`.`Feedback_Set` (`feedback_set_ID`, `feedback_activity_ID`, `feedback_type_ID`, `feedback_details_ID`) VALUES (37, 37, 2, 13);
INSERT INTO `ModulerDatabase`.`Feedback_Set` (`feedback_set_ID`, `feedback_activity_ID`, `feedback_type_ID`, `feedback_details_ID`) VALUES (38, 38, 2, 12);
INSERT INTO `ModulerDatabase`.`Feedback_Set` (`feedback_set_ID`, `feedback_activity_ID`, `feedback_type_ID`, `feedback_details_ID`) VALUES (39, 39, 2, 21);
INSERT INTO `ModulerDatabase`.`Feedback_Set` (`feedback_set_ID`, `feedback_activity_ID`, `feedback_type_ID`, `feedback_details_ID`) VALUES (40, 40, 2, 14);
INSERT INTO `ModulerDatabase`.`Feedback_Set` (`feedback_set_ID`, `feedback_activity_ID`, `feedback_type_ID`, `feedback_details_ID`) VALUES (41, 41, 2, 11);
INSERT INTO `ModulerDatabase`.`Feedback_Set` (`feedback_set_ID`, `feedback_activity_ID`, `feedback_type_ID`, `feedback_details_ID`) VALUES (42, 42, 2, 20);
INSERT INTO `ModulerDatabase`.`Feedback_Set` (`feedback_set_ID`, `feedback_activity_ID`, `feedback_type_ID`, `feedback_details_ID`) VALUES (43, 43, 2, 18);
INSERT INTO `ModulerDatabase`.`Feedback_Set` (`feedback_set_ID`, `feedback_activity_ID`, `feedback_type_ID`, `feedback_details_ID`) VALUES (44, 44, 2, 13);
INSERT INTO `ModulerDatabase`.`Feedback_Set` (`feedback_set_ID`, `feedback_activity_ID`, `feedback_type_ID`, `feedback_details_ID`) VALUES (45, 45, 2, 15);
INSERT INTO `ModulerDatabase`.`Feedback_Set` (`feedback_set_ID`, `feedback_activity_ID`, `feedback_type_ID`, `feedback_details_ID`) VALUES (46, 46, 2, 17);
INSERT INTO `ModulerDatabase`.`Feedback_Set` (`feedback_set_ID`, `feedback_activity_ID`, `feedback_type_ID`, `feedback_details_ID`) VALUES (47, 47, 2, 17);
INSERT INTO `ModulerDatabase`.`Feedback_Set` (`feedback_set_ID`, `feedback_activity_ID`, `feedback_type_ID`, `feedback_details_ID`) VALUES (48, 48, 2, 17);
INSERT INTO `ModulerDatabase`.`Feedback_Set` (`feedback_set_ID`, `feedback_activity_ID`, `feedback_type_ID`, `feedback_details_ID`) VALUES (49, 49, 2, 20);
INSERT INTO `ModulerDatabase`.`Feedback_Set` (`feedback_set_ID`, `feedback_activity_ID`, `feedback_type_ID`, `feedback_details_ID`) VALUES (50, 50, 2, 21);
INSERT INTO `ModulerDatabase`.`Feedback_Set` (`feedback_set_ID`, `feedback_activity_ID`, `feedback_type_ID`, `feedback_details_ID`) VALUES (51, 51, 2, 12);
INSERT INTO `ModulerDatabase`.`Feedback_Set` (`feedback_set_ID`, `feedback_activity_ID`, `feedback_type_ID`, `feedback_details_ID`) VALUES (52, 52, 2, 12);
INSERT INTO `ModulerDatabase`.`Feedback_Set` (`feedback_set_ID`, `feedback_activity_ID`, `feedback_type_ID`, `feedback_details_ID`) VALUES (53, 53, 2, 19);
INSERT INTO `ModulerDatabase`.`Feedback_Set` (`feedback_set_ID`, `feedback_activity_ID`, `feedback_type_ID`, `feedback_details_ID`) VALUES (54, 54, 2, 15);
INSERT INTO `ModulerDatabase`.`Feedback_Set` (`feedback_set_ID`, `feedback_activity_ID`, `feedback_type_ID`, `feedback_details_ID`) VALUES (55, 55, 2, 20);
INSERT INTO `ModulerDatabase`.`Feedback_Set` (`feedback_set_ID`, `feedback_activity_ID`, `feedback_type_ID`, `feedback_details_ID`) VALUES (56, 56, 2, 20);
INSERT INTO `ModulerDatabase`.`Feedback_Set` (`feedback_set_ID`, `feedback_activity_ID`, `feedback_type_ID`, `feedback_details_ID`) VALUES (57, 57, 2, 21);
INSERT INTO `ModulerDatabase`.`Feedback_Set` (`feedback_set_ID`, `feedback_activity_ID`, `feedback_type_ID`, `feedback_details_ID`) VALUES (58, 58, 2, 14);
INSERT INTO `ModulerDatabase`.`Feedback_Set` (`feedback_set_ID`, `feedback_activity_ID`, `feedback_type_ID`, `feedback_details_ID`) VALUES (59, 59, 2, 17);
INSERT INTO `ModulerDatabase`.`Feedback_Set` (`feedback_set_ID`, `feedback_activity_ID`, `feedback_type_ID`, `feedback_details_ID`) VALUES (60, 60, 2, 13);
INSERT INTO `ModulerDatabase`.`Feedback_Set` (`feedback_set_ID`, `feedback_activity_ID`, `feedback_type_ID`, `feedback_details_ID`) VALUES (61, 61, 2, 19);
INSERT INTO `ModulerDatabase`.`Feedback_Set` (`feedback_set_ID`, `feedback_activity_ID`, `feedback_type_ID`, `feedback_details_ID`) VALUES (62, 62, 2, 20);
INSERT INTO `ModulerDatabase`.`Feedback_Set` (`feedback_set_ID`, `feedback_activity_ID`, `feedback_type_ID`, `feedback_details_ID`) VALUES (63, 63, 2, 21);
INSERT INTO `ModulerDatabase`.`Feedback_Set` (`feedback_set_ID`, `feedback_activity_ID`, `feedback_type_ID`, `feedback_details_ID`) VALUES (64, 64, 2, 12);
INSERT INTO `ModulerDatabase`.`Feedback_Set` (`feedback_set_ID`, `feedback_activity_ID`, `feedback_type_ID`, `feedback_details_ID`) VALUES (65, 65, 2, 16);
INSERT INTO `ModulerDatabase`.`Feedback_Set` (`feedback_set_ID`, `feedback_activity_ID`, `feedback_type_ID`, `feedback_details_ID`) VALUES (66, 66, 2, 13);
INSERT INTO `ModulerDatabase`.`Feedback_Set` (`feedback_set_ID`, `feedback_activity_ID`, `feedback_type_ID`, `feedback_details_ID`) VALUES (67, 67, 2, 20);
INSERT INTO `ModulerDatabase`.`Feedback_Set` (`feedback_set_ID`, `feedback_activity_ID`, `feedback_type_ID`, `feedback_details_ID`) VALUES (68, 68, 2, 15);
INSERT INTO `ModulerDatabase`.`Feedback_Set` (`feedback_set_ID`, `feedback_activity_ID`, `feedback_type_ID`, `feedback_details_ID`) VALUES (69, 69, 2, 16);
INSERT INTO `ModulerDatabase`.`Feedback_Set` (`feedback_set_ID`, `feedback_activity_ID`, `feedback_type_ID`, `feedback_details_ID`) VALUES (70, 70, 2, 18);
INSERT INTO `ModulerDatabase`.`Feedback_Set` (`feedback_set_ID`, `feedback_activity_ID`, `feedback_type_ID`, `feedback_details_ID`) VALUES (71, 71, 2, 18);
INSERT INTO `ModulerDatabase`.`Feedback_Set` (`feedback_set_ID`, `feedback_activity_ID`, `feedback_type_ID`, `feedback_details_ID`) VALUES (72, 72, 2, 21);
INSERT INTO `ModulerDatabase`.`Feedback_Set` (`feedback_set_ID`, `feedback_activity_ID`, `feedback_type_ID`, `feedback_details_ID`) VALUES (73, 73, 2, 11);
INSERT INTO `ModulerDatabase`.`Feedback_Set` (`feedback_set_ID`, `feedback_activity_ID`, `feedback_type_ID`, `feedback_details_ID`) VALUES (74, 1, 2, 21);
INSERT INTO `ModulerDatabase`.`Feedback_Set` (`feedback_set_ID`, `feedback_activity_ID`, `feedback_type_ID`, `feedback_details_ID`) VALUES (75, 2, 2, 19);
INSERT INTO `ModulerDatabase`.`Feedback_Set` (`feedback_set_ID`, `feedback_activity_ID`, `feedback_type_ID`, `feedback_details_ID`) VALUES (76, 3, 2, 20);
INSERT INTO `ModulerDatabase`.`Feedback_Set` (`feedback_set_ID`, `feedback_activity_ID`, `feedback_type_ID`, `feedback_details_ID`) VALUES (77, 4, 2, 18);
INSERT INTO `ModulerDatabase`.`Feedback_Set` (`feedback_set_ID`, `feedback_activity_ID`, `feedback_type_ID`, `feedback_details_ID`) VALUES (78, 5, 2, 15);
INSERT INTO `ModulerDatabase`.`Feedback_Set` (`feedback_set_ID`, `feedback_activity_ID`, `feedback_type_ID`, `feedback_details_ID`) VALUES (79, 6, 2, 13);
INSERT INTO `ModulerDatabase`.`Feedback_Set` (`feedback_set_ID`, `feedback_activity_ID`, `feedback_type_ID`, `feedback_details_ID`) VALUES (80, 7, 2, 21);
INSERT INTO `ModulerDatabase`.`Feedback_Set` (`feedback_set_ID`, `feedback_activity_ID`, `feedback_type_ID`, `feedback_details_ID`) VALUES (81, 8, 2, 12);
INSERT INTO `ModulerDatabase`.`Feedback_Set` (`feedback_set_ID`, `feedback_activity_ID`, `feedback_type_ID`, `feedback_details_ID`) VALUES (82, 9, 2, 19);
INSERT INTO `ModulerDatabase`.`Feedback_Set` (`feedback_set_ID`, `feedback_activity_ID`, `feedback_type_ID`, `feedback_details_ID`) VALUES (83, 10, 2, 14);
INSERT INTO `ModulerDatabase`.`Feedback_Set` (`feedback_set_ID`, `feedback_activity_ID`, `feedback_type_ID`, `feedback_details_ID`) VALUES (84, 11, 2, 18);
INSERT INTO `ModulerDatabase`.`Feedback_Set` (`feedback_set_ID`, `feedback_activity_ID`, `feedback_type_ID`, `feedback_details_ID`) VALUES (85, 12, 2, 15);
INSERT INTO `ModulerDatabase`.`Feedback_Set` (`feedback_set_ID`, `feedback_activity_ID`, `feedback_type_ID`, `feedback_details_ID`) VALUES (86, 13, 2, 21);
INSERT INTO `ModulerDatabase`.`Feedback_Set` (`feedback_set_ID`, `feedback_activity_ID`, `feedback_type_ID`, `feedback_details_ID`) VALUES (87, 14, 2, 12);
INSERT INTO `ModulerDatabase`.`Feedback_Set` (`feedback_set_ID`, `feedback_activity_ID`, `feedback_type_ID`, `feedback_details_ID`) VALUES (88, 15, 2, 21);
INSERT INTO `ModulerDatabase`.`Feedback_Set` (`feedback_set_ID`, `feedback_activity_ID`, `feedback_type_ID`, `feedback_details_ID`) VALUES (89, 16, 2, 11);
INSERT INTO `ModulerDatabase`.`Feedback_Set` (`feedback_set_ID`, `feedback_activity_ID`, `feedback_type_ID`, `feedback_details_ID`) VALUES (90, 17, 2, 13);
INSERT INTO `ModulerDatabase`.`Feedback_Set` (`feedback_set_ID`, `feedback_activity_ID`, `feedback_type_ID`, `feedback_details_ID`) VALUES (91, 18, 2, 13);
INSERT INTO `ModulerDatabase`.`Feedback_Set` (`feedback_set_ID`, `feedback_activity_ID`, `feedback_type_ID`, `feedback_details_ID`) VALUES (92, 19, 2, 15);
INSERT INTO `ModulerDatabase`.`Feedback_Set` (`feedback_set_ID`, `feedback_activity_ID`, `feedback_type_ID`, `feedback_details_ID`) VALUES (93, 20, 2, 12);
INSERT INTO `ModulerDatabase`.`Feedback_Set` (`feedback_set_ID`, `feedback_activity_ID`, `feedback_type_ID`, `feedback_details_ID`) VALUES (94, 21, 2, 19);
INSERT INTO `ModulerDatabase`.`Feedback_Set` (`feedback_set_ID`, `feedback_activity_ID`, `feedback_type_ID`, `feedback_details_ID`) VALUES (95, 22, 2, 21);
INSERT INTO `ModulerDatabase`.`Feedback_Set` (`feedback_set_ID`, `feedback_activity_ID`, `feedback_type_ID`, `feedback_details_ID`) VALUES (96, 23, 2, 18);
INSERT INTO `ModulerDatabase`.`Feedback_Set` (`feedback_set_ID`, `feedback_activity_ID`, `feedback_type_ID`, `feedback_details_ID`) VALUES (97, 24, 2, 13);
INSERT INTO `ModulerDatabase`.`Feedback_Set` (`feedback_set_ID`, `feedback_activity_ID`, `feedback_type_ID`, `feedback_details_ID`) VALUES (98, 25, 2, 20);
INSERT INTO `ModulerDatabase`.`Feedback_Set` (`feedback_set_ID`, `feedback_activity_ID`, `feedback_type_ID`, `feedback_details_ID`) VALUES (99, 26, 2, 17);
INSERT INTO `ModulerDatabase`.`Feedback_Set` (`feedback_set_ID`, `feedback_activity_ID`, `feedback_type_ID`, `feedback_details_ID`) VALUES (100, 27, 2, 14);
INSERT INTO `ModulerDatabase`.`Feedback_Set` (`feedback_set_ID`, `feedback_activity_ID`, `feedback_type_ID`, `feedback_details_ID`) VALUES (101, 28, 2, 18);
INSERT INTO `ModulerDatabase`.`Feedback_Set` (`feedback_set_ID`, `feedback_activity_ID`, `feedback_type_ID`, `feedback_details_ID`) VALUES (102, 29, 2, 20);
INSERT INTO `ModulerDatabase`.`Feedback_Set` (`feedback_set_ID`, `feedback_activity_ID`, `feedback_type_ID`, `feedback_details_ID`) VALUES (103, 30, 2, 11);
INSERT INTO `ModulerDatabase`.`Feedback_Set` (`feedback_set_ID`, `feedback_activity_ID`, `feedback_type_ID`, `feedback_details_ID`) VALUES (104, 31, 2, 17);
INSERT INTO `ModulerDatabase`.`Feedback_Set` (`feedback_set_ID`, `feedback_activity_ID`, `feedback_type_ID`, `feedback_details_ID`) VALUES (105, 32, 2, 19);
INSERT INTO `ModulerDatabase`.`Feedback_Set` (`feedback_set_ID`, `feedback_activity_ID`, `feedback_type_ID`, `feedback_details_ID`) VALUES (106, 33, 2, 13);
INSERT INTO `ModulerDatabase`.`Feedback_Set` (`feedback_set_ID`, `feedback_activity_ID`, `feedback_type_ID`, `feedback_details_ID`) VALUES (107, 34, 2, 15);
INSERT INTO `ModulerDatabase`.`Feedback_Set` (`feedback_set_ID`, `feedback_activity_ID`, `feedback_type_ID`, `feedback_details_ID`) VALUES (108, 35, 2, 18);
INSERT INTO `ModulerDatabase`.`Feedback_Set` (`feedback_set_ID`, `feedback_activity_ID`, `feedback_type_ID`, `feedback_details_ID`) VALUES (109, 36, 2, 18);
INSERT INTO `ModulerDatabase`.`Feedback_Set` (`feedback_set_ID`, `feedback_activity_ID`, `feedback_type_ID`, `feedback_details_ID`) VALUES (110, 37, 2, 20);
INSERT INTO `ModulerDatabase`.`Feedback_Set` (`feedback_set_ID`, `feedback_activity_ID`, `feedback_type_ID`, `feedback_details_ID`) VALUES (111, 38, 2, 16);
INSERT INTO `ModulerDatabase`.`Feedback_Set` (`feedback_set_ID`, `feedback_activity_ID`, `feedback_type_ID`, `feedback_details_ID`) VALUES (112, 39, 2, 15);
INSERT INTO `ModulerDatabase`.`Feedback_Set` (`feedback_set_ID`, `feedback_activity_ID`, `feedback_type_ID`, `feedback_details_ID`) VALUES (113, 40, 2, 18);
INSERT INTO `ModulerDatabase`.`Feedback_Set` (`feedback_set_ID`, `feedback_activity_ID`, `feedback_type_ID`, `feedback_details_ID`) VALUES (114, 41, 2, 12);
INSERT INTO `ModulerDatabase`.`Feedback_Set` (`feedback_set_ID`, `feedback_activity_ID`, `feedback_type_ID`, `feedback_details_ID`) VALUES (115, 42, 2, 16);
INSERT INTO `ModulerDatabase`.`Feedback_Set` (`feedback_set_ID`, `feedback_activity_ID`, `feedback_type_ID`, `feedback_details_ID`) VALUES (116, 43, 2, 15);
INSERT INTO `ModulerDatabase`.`Feedback_Set` (`feedback_set_ID`, `feedback_activity_ID`, `feedback_type_ID`, `feedback_details_ID`) VALUES (117, 44, 2, 13);
INSERT INTO `ModulerDatabase`.`Feedback_Set` (`feedback_set_ID`, `feedback_activity_ID`, `feedback_type_ID`, `feedback_details_ID`) VALUES (118, 45, 2, 18);
INSERT INTO `ModulerDatabase`.`Feedback_Set` (`feedback_set_ID`, `feedback_activity_ID`, `feedback_type_ID`, `feedback_details_ID`) VALUES (119, 46, 2, 18);
INSERT INTO `ModulerDatabase`.`Feedback_Set` (`feedback_set_ID`, `feedback_activity_ID`, `feedback_type_ID`, `feedback_details_ID`) VALUES (120, 47, 2, 18);
INSERT INTO `ModulerDatabase`.`Feedback_Set` (`feedback_set_ID`, `feedback_activity_ID`, `feedback_type_ID`, `feedback_details_ID`) VALUES (121, 48, 2, 11);
INSERT INTO `ModulerDatabase`.`Feedback_Set` (`feedback_set_ID`, `feedback_activity_ID`, `feedback_type_ID`, `feedback_details_ID`) VALUES (122, 49, 2, 12);
INSERT INTO `ModulerDatabase`.`Feedback_Set` (`feedback_set_ID`, `feedback_activity_ID`, `feedback_type_ID`, `feedback_details_ID`) VALUES (123, 50, 2, 21);
INSERT INTO `ModulerDatabase`.`Feedback_Set` (`feedback_set_ID`, `feedback_activity_ID`, `feedback_type_ID`, `feedback_details_ID`) VALUES (124, 51, 2, 13);
INSERT INTO `ModulerDatabase`.`Feedback_Set` (`feedback_set_ID`, `feedback_activity_ID`, `feedback_type_ID`, `feedback_details_ID`) VALUES (125, 52, 2, 20);
INSERT INTO `ModulerDatabase`.`Feedback_Set` (`feedback_set_ID`, `feedback_activity_ID`, `feedback_type_ID`, `feedback_details_ID`) VALUES (126, 53, 2, 20);
INSERT INTO `ModulerDatabase`.`Feedback_Set` (`feedback_set_ID`, `feedback_activity_ID`, `feedback_type_ID`, `feedback_details_ID`) VALUES (127, 54, 2, 16);
INSERT INTO `ModulerDatabase`.`Feedback_Set` (`feedback_set_ID`, `feedback_activity_ID`, `feedback_type_ID`, `feedback_details_ID`) VALUES (128, 55, 2, 12);
INSERT INTO `ModulerDatabase`.`Feedback_Set` (`feedback_set_ID`, `feedback_activity_ID`, `feedback_type_ID`, `feedback_details_ID`) VALUES (129, 56, 2, 20);
INSERT INTO `ModulerDatabase`.`Feedback_Set` (`feedback_set_ID`, `feedback_activity_ID`, `feedback_type_ID`, `feedback_details_ID`) VALUES (130, 57, 2, 18);
INSERT INTO `ModulerDatabase`.`Feedback_Set` (`feedback_set_ID`, `feedback_activity_ID`, `feedback_type_ID`, `feedback_details_ID`) VALUES (131, 58, 2, 19);
INSERT INTO `ModulerDatabase`.`Feedback_Set` (`feedback_set_ID`, `feedback_activity_ID`, `feedback_type_ID`, `feedback_details_ID`) VALUES (132, 59, 2, 11);
INSERT INTO `ModulerDatabase`.`Feedback_Set` (`feedback_set_ID`, `feedback_activity_ID`, `feedback_type_ID`, `feedback_details_ID`) VALUES (133, 60, 2, 19);
INSERT INTO `ModulerDatabase`.`Feedback_Set` (`feedback_set_ID`, `feedback_activity_ID`, `feedback_type_ID`, `feedback_details_ID`) VALUES (134, 61, 2, 19);
INSERT INTO `ModulerDatabase`.`Feedback_Set` (`feedback_set_ID`, `feedback_activity_ID`, `feedback_type_ID`, `feedback_details_ID`) VALUES (135, 62, 2, 14);
INSERT INTO `ModulerDatabase`.`Feedback_Set` (`feedback_set_ID`, `feedback_activity_ID`, `feedback_type_ID`, `feedback_details_ID`) VALUES (136, 63, 2, 11);
INSERT INTO `ModulerDatabase`.`Feedback_Set` (`feedback_set_ID`, `feedback_activity_ID`, `feedback_type_ID`, `feedback_details_ID`) VALUES (137, 64, 2, 19);
INSERT INTO `ModulerDatabase`.`Feedback_Set` (`feedback_set_ID`, `feedback_activity_ID`, `feedback_type_ID`, `feedback_details_ID`) VALUES (138, 65, 2, 16);
INSERT INTO `ModulerDatabase`.`Feedback_Set` (`feedback_set_ID`, `feedback_activity_ID`, `feedback_type_ID`, `feedback_details_ID`) VALUES (139, 66, 2, 14);
INSERT INTO `ModulerDatabase`.`Feedback_Set` (`feedback_set_ID`, `feedback_activity_ID`, `feedback_type_ID`, `feedback_details_ID`) VALUES (140, 67, 2, 14);
INSERT INTO `ModulerDatabase`.`Feedback_Set` (`feedback_set_ID`, `feedback_activity_ID`, `feedback_type_ID`, `feedback_details_ID`) VALUES (141, 68, 2, 11);
INSERT INTO `ModulerDatabase`.`Feedback_Set` (`feedback_set_ID`, `feedback_activity_ID`, `feedback_type_ID`, `feedback_details_ID`) VALUES (142, 69, 2, 21);
INSERT INTO `ModulerDatabase`.`Feedback_Set` (`feedback_set_ID`, `feedback_activity_ID`, `feedback_type_ID`, `feedback_details_ID`) VALUES (143, 70, 2, 13);
INSERT INTO `ModulerDatabase`.`Feedback_Set` (`feedback_set_ID`, `feedback_activity_ID`, `feedback_type_ID`, `feedback_details_ID`) VALUES (144, 71, 2, 17);
INSERT INTO `ModulerDatabase`.`Feedback_Set` (`feedback_set_ID`, `feedback_activity_ID`, `feedback_type_ID`, `feedback_details_ID`) VALUES (145, 72, 2, 11);
INSERT INTO `ModulerDatabase`.`Feedback_Set` (`feedback_set_ID`, `feedback_activity_ID`, `feedback_type_ID`, `feedback_details_ID`) VALUES (146, 73, 2, 18);
INSERT INTO `ModulerDatabase`.`Feedback_Set` (`feedback_set_ID`, `feedback_activity_ID`, `feedback_type_ID`, `feedback_details_ID`) VALUES (147, 1, 2, 13);
INSERT INTO `ModulerDatabase`.`Feedback_Set` (`feedback_set_ID`, `feedback_activity_ID`, `feedback_type_ID`, `feedback_details_ID`) VALUES (148, 2, 2, 15);
INSERT INTO `ModulerDatabase`.`Feedback_Set` (`feedback_set_ID`, `feedback_activity_ID`, `feedback_type_ID`, `feedback_details_ID`) VALUES (149, 3, 2, 13);
INSERT INTO `ModulerDatabase`.`Feedback_Set` (`feedback_set_ID`, `feedback_activity_ID`, `feedback_type_ID`, `feedback_details_ID`) VALUES (150, 4, 2, 11);
INSERT INTO `ModulerDatabase`.`Feedback_Set` (`feedback_set_ID`, `feedback_activity_ID`, `feedback_type_ID`, `feedback_details_ID`) VALUES (151, 5, 2, 11);
INSERT INTO `ModulerDatabase`.`Feedback_Set` (`feedback_set_ID`, `feedback_activity_ID`, `feedback_type_ID`, `feedback_details_ID`) VALUES (152, 6, 2, 15);
INSERT INTO `ModulerDatabase`.`Feedback_Set` (`feedback_set_ID`, `feedback_activity_ID`, `feedback_type_ID`, `feedback_details_ID`) VALUES (153, 7, 2, 17);
INSERT INTO `ModulerDatabase`.`Feedback_Set` (`feedback_set_ID`, `feedback_activity_ID`, `feedback_type_ID`, `feedback_details_ID`) VALUES (154, 8, 2, 11);
INSERT INTO `ModulerDatabase`.`Feedback_Set` (`feedback_set_ID`, `feedback_activity_ID`, `feedback_type_ID`, `feedback_details_ID`) VALUES (155, 9, 2, 13);
INSERT INTO `ModulerDatabase`.`Feedback_Set` (`feedback_set_ID`, `feedback_activity_ID`, `feedback_type_ID`, `feedback_details_ID`) VALUES (156, 10, 2, 15);
INSERT INTO `ModulerDatabase`.`Feedback_Set` (`feedback_set_ID`, `feedback_activity_ID`, `feedback_type_ID`, `feedback_details_ID`) VALUES (157, 11, 2, 11);
INSERT INTO `ModulerDatabase`.`Feedback_Set` (`feedback_set_ID`, `feedback_activity_ID`, `feedback_type_ID`, `feedback_details_ID`) VALUES (158, 12, 2, 15);
INSERT INTO `ModulerDatabase`.`Feedback_Set` (`feedback_set_ID`, `feedback_activity_ID`, `feedback_type_ID`, `feedback_details_ID`) VALUES (159, 13, 2, 14);
INSERT INTO `ModulerDatabase`.`Feedback_Set` (`feedback_set_ID`, `feedback_activity_ID`, `feedback_type_ID`, `feedback_details_ID`) VALUES (160, 14, 2, 16);
INSERT INTO `ModulerDatabase`.`Feedback_Set` (`feedback_set_ID`, `feedback_activity_ID`, `feedback_type_ID`, `feedback_details_ID`) VALUES (161, 15, 2, 17);
INSERT INTO `ModulerDatabase`.`Feedback_Set` (`feedback_set_ID`, `feedback_activity_ID`, `feedback_type_ID`, `feedback_details_ID`) VALUES (162, 16, 2, 12);
INSERT INTO `ModulerDatabase`.`Feedback_Set` (`feedback_set_ID`, `feedback_activity_ID`, `feedback_type_ID`, `feedback_details_ID`) VALUES (163, 17, 2, 16);
INSERT INTO `ModulerDatabase`.`Feedback_Set` (`feedback_set_ID`, `feedback_activity_ID`, `feedback_type_ID`, `feedback_details_ID`) VALUES (164, 18, 2, 18);
INSERT INTO `ModulerDatabase`.`Feedback_Set` (`feedback_set_ID`, `feedback_activity_ID`, `feedback_type_ID`, `feedback_details_ID`) VALUES (165, 19, 2, 15);
INSERT INTO `ModulerDatabase`.`Feedback_Set` (`feedback_set_ID`, `feedback_activity_ID`, `feedback_type_ID`, `feedback_details_ID`) VALUES (166, 20, 2, 15);
INSERT INTO `ModulerDatabase`.`Feedback_Set` (`feedback_set_ID`, `feedback_activity_ID`, `feedback_type_ID`, `feedback_details_ID`) VALUES (167, 21, 2, 19);
INSERT INTO `ModulerDatabase`.`Feedback_Set` (`feedback_set_ID`, `feedback_activity_ID`, `feedback_type_ID`, `feedback_details_ID`) VALUES (168, 22, 2, 16);
INSERT INTO `ModulerDatabase`.`Feedback_Set` (`feedback_set_ID`, `feedback_activity_ID`, `feedback_type_ID`, `feedback_details_ID`) VALUES (169, 23, 2, 13);
INSERT INTO `ModulerDatabase`.`Feedback_Set` (`feedback_set_ID`, `feedback_activity_ID`, `feedback_type_ID`, `feedback_details_ID`) VALUES (170, 24, 2, 12);
INSERT INTO `ModulerDatabase`.`Feedback_Set` (`feedback_set_ID`, `feedback_activity_ID`, `feedback_type_ID`, `feedback_details_ID`) VALUES (171, 25, 2, 21);
INSERT INTO `ModulerDatabase`.`Feedback_Set` (`feedback_set_ID`, `feedback_activity_ID`, `feedback_type_ID`, `feedback_details_ID`) VALUES (172, 26, 2, 21);
INSERT INTO `ModulerDatabase`.`Feedback_Set` (`feedback_set_ID`, `feedback_activity_ID`, `feedback_type_ID`, `feedback_details_ID`) VALUES (173, 27, 2, 14);
INSERT INTO `ModulerDatabase`.`Feedback_Set` (`feedback_set_ID`, `feedback_activity_ID`, `feedback_type_ID`, `feedback_details_ID`) VALUES (174, 28, 2, 20);
INSERT INTO `ModulerDatabase`.`Feedback_Set` (`feedback_set_ID`, `feedback_activity_ID`, `feedback_type_ID`, `feedback_details_ID`) VALUES (175, 29, 2, 14);
INSERT INTO `ModulerDatabase`.`Feedback_Set` (`feedback_set_ID`, `feedback_activity_ID`, `feedback_type_ID`, `feedback_details_ID`) VALUES (176, 30, 2, 12);
INSERT INTO `ModulerDatabase`.`Feedback_Set` (`feedback_set_ID`, `feedback_activity_ID`, `feedback_type_ID`, `feedback_details_ID`) VALUES (177, 31, 2, 21);
INSERT INTO `ModulerDatabase`.`Feedback_Set` (`feedback_set_ID`, `feedback_activity_ID`, `feedback_type_ID`, `feedback_details_ID`) VALUES (178, 32, 2, 16);
INSERT INTO `ModulerDatabase`.`Feedback_Set` (`feedback_set_ID`, `feedback_activity_ID`, `feedback_type_ID`, `feedback_details_ID`) VALUES (179, 33, 2, 19);
INSERT INTO `ModulerDatabase`.`Feedback_Set` (`feedback_set_ID`, `feedback_activity_ID`, `feedback_type_ID`, `feedback_details_ID`) VALUES (180, 34, 2, 14);
INSERT INTO `ModulerDatabase`.`Feedback_Set` (`feedback_set_ID`, `feedback_activity_ID`, `feedback_type_ID`, `feedback_details_ID`) VALUES (181, 35, 2, 15);
INSERT INTO `ModulerDatabase`.`Feedback_Set` (`feedback_set_ID`, `feedback_activity_ID`, `feedback_type_ID`, `feedback_details_ID`) VALUES (182, 36, 2, 20);
INSERT INTO `ModulerDatabase`.`Feedback_Set` (`feedback_set_ID`, `feedback_activity_ID`, `feedback_type_ID`, `feedback_details_ID`) VALUES (183, 37, 2, 16);
INSERT INTO `ModulerDatabase`.`Feedback_Set` (`feedback_set_ID`, `feedback_activity_ID`, `feedback_type_ID`, `feedback_details_ID`) VALUES (184, 38, 2, 18);
INSERT INTO `ModulerDatabase`.`Feedback_Set` (`feedback_set_ID`, `feedback_activity_ID`, `feedback_type_ID`, `feedback_details_ID`) VALUES (185, 39, 2, 20);
INSERT INTO `ModulerDatabase`.`Feedback_Set` (`feedback_set_ID`, `feedback_activity_ID`, `feedback_type_ID`, `feedback_details_ID`) VALUES (186, 40, 2, 13);
INSERT INTO `ModulerDatabase`.`Feedback_Set` (`feedback_set_ID`, `feedback_activity_ID`, `feedback_type_ID`, `feedback_details_ID`) VALUES (187, 41, 2, 21);
INSERT INTO `ModulerDatabase`.`Feedback_Set` (`feedback_set_ID`, `feedback_activity_ID`, `feedback_type_ID`, `feedback_details_ID`) VALUES (188, 42, 2, 21);
INSERT INTO `ModulerDatabase`.`Feedback_Set` (`feedback_set_ID`, `feedback_activity_ID`, `feedback_type_ID`, `feedback_details_ID`) VALUES (189, 43, 2, 15);
INSERT INTO `ModulerDatabase`.`Feedback_Set` (`feedback_set_ID`, `feedback_activity_ID`, `feedback_type_ID`, `feedback_details_ID`) VALUES (190, 44, 2, 18);
INSERT INTO `ModulerDatabase`.`Feedback_Set` (`feedback_set_ID`, `feedback_activity_ID`, `feedback_type_ID`, `feedback_details_ID`) VALUES (191, 45, 2, 19);
INSERT INTO `ModulerDatabase`.`Feedback_Set` (`feedback_set_ID`, `feedback_activity_ID`, `feedback_type_ID`, `feedback_details_ID`) VALUES (192, 46, 2, 11);
INSERT INTO `ModulerDatabase`.`Feedback_Set` (`feedback_set_ID`, `feedback_activity_ID`, `feedback_type_ID`, `feedback_details_ID`) VALUES (193, 47, 2, 12);
INSERT INTO `ModulerDatabase`.`Feedback_Set` (`feedback_set_ID`, `feedback_activity_ID`, `feedback_type_ID`, `feedback_details_ID`) VALUES (194, 48, 2, 19);
INSERT INTO `ModulerDatabase`.`Feedback_Set` (`feedback_set_ID`, `feedback_activity_ID`, `feedback_type_ID`, `feedback_details_ID`) VALUES (195, 49, 2, 17);
INSERT INTO `ModulerDatabase`.`Feedback_Set` (`feedback_set_ID`, `feedback_activity_ID`, `feedback_type_ID`, `feedback_details_ID`) VALUES (196, 50, 2, 21);
INSERT INTO `ModulerDatabase`.`Feedback_Set` (`feedback_set_ID`, `feedback_activity_ID`, `feedback_type_ID`, `feedback_details_ID`) VALUES (197, 51, 2, 15);
INSERT INTO `ModulerDatabase`.`Feedback_Set` (`feedback_set_ID`, `feedback_activity_ID`, `feedback_type_ID`, `feedback_details_ID`) VALUES (198, 52, 2, 20);
INSERT INTO `ModulerDatabase`.`Feedback_Set` (`feedback_set_ID`, `feedback_activity_ID`, `feedback_type_ID`, `feedback_details_ID`) VALUES (199, 53, 2, 13);
INSERT INTO `ModulerDatabase`.`Feedback_Set` (`feedback_set_ID`, `feedback_activity_ID`, `feedback_type_ID`, `feedback_details_ID`) VALUES (200, 54, 2, 12);
INSERT INTO `ModulerDatabase`.`Feedback_Set` (`feedback_set_ID`, `feedback_activity_ID`, `feedback_type_ID`, `feedback_details_ID`) VALUES (201, 55, 2, 16);
INSERT INTO `ModulerDatabase`.`Feedback_Set` (`feedback_set_ID`, `feedback_activity_ID`, `feedback_type_ID`, `feedback_details_ID`) VALUES (202, 56, 2, 17);
INSERT INTO `ModulerDatabase`.`Feedback_Set` (`feedback_set_ID`, `feedback_activity_ID`, `feedback_type_ID`, `feedback_details_ID`) VALUES (203, 57, 2, 15);
INSERT INTO `ModulerDatabase`.`Feedback_Set` (`feedback_set_ID`, `feedback_activity_ID`, `feedback_type_ID`, `feedback_details_ID`) VALUES (204, 58, 2, 13);
INSERT INTO `ModulerDatabase`.`Feedback_Set` (`feedback_set_ID`, `feedback_activity_ID`, `feedback_type_ID`, `feedback_details_ID`) VALUES (205, 59, 2, 13);
INSERT INTO `ModulerDatabase`.`Feedback_Set` (`feedback_set_ID`, `feedback_activity_ID`, `feedback_type_ID`, `feedback_details_ID`) VALUES (206, 60, 2, 15);
INSERT INTO `ModulerDatabase`.`Feedback_Set` (`feedback_set_ID`, `feedback_activity_ID`, `feedback_type_ID`, `feedback_details_ID`) VALUES (207, 61, 2, 19);
INSERT INTO `ModulerDatabase`.`Feedback_Set` (`feedback_set_ID`, `feedback_activity_ID`, `feedback_type_ID`, `feedback_details_ID`) VALUES (208, 62, 2, 13);
INSERT INTO `ModulerDatabase`.`Feedback_Set` (`feedback_set_ID`, `feedback_activity_ID`, `feedback_type_ID`, `feedback_details_ID`) VALUES (209, 63, 2, 14);
INSERT INTO `ModulerDatabase`.`Feedback_Set` (`feedback_set_ID`, `feedback_activity_ID`, `feedback_type_ID`, `feedback_details_ID`) VALUES (210, 64, 2, 14);
INSERT INTO `ModulerDatabase`.`Feedback_Set` (`feedback_set_ID`, `feedback_activity_ID`, `feedback_type_ID`, `feedback_details_ID`) VALUES (211, 65, 2, 19);
INSERT INTO `ModulerDatabase`.`Feedback_Set` (`feedback_set_ID`, `feedback_activity_ID`, `feedback_type_ID`, `feedback_details_ID`) VALUES (212, 66, 2, 17);
INSERT INTO `ModulerDatabase`.`Feedback_Set` (`feedback_set_ID`, `feedback_activity_ID`, `feedback_type_ID`, `feedback_details_ID`) VALUES (213, 67, 2, 21);
INSERT INTO `ModulerDatabase`.`Feedback_Set` (`feedback_set_ID`, `feedback_activity_ID`, `feedback_type_ID`, `feedback_details_ID`) VALUES (214, 68, 2, 11);
INSERT INTO `ModulerDatabase`.`Feedback_Set` (`feedback_set_ID`, `feedback_activity_ID`, `feedback_type_ID`, `feedback_details_ID`) VALUES (215, 69, 2, 16);
INSERT INTO `ModulerDatabase`.`Feedback_Set` (`feedback_set_ID`, `feedback_activity_ID`, `feedback_type_ID`, `feedback_details_ID`) VALUES (216, 70, 2, 21);
INSERT INTO `ModulerDatabase`.`Feedback_Set` (`feedback_set_ID`, `feedback_activity_ID`, `feedback_type_ID`, `feedback_details_ID`) VALUES (217, 71, 2, 15);
INSERT INTO `ModulerDatabase`.`Feedback_Set` (`feedback_set_ID`, `feedback_activity_ID`, `feedback_type_ID`, `feedback_details_ID`) VALUES (218, 72, 2, 20);
INSERT INTO `ModulerDatabase`.`Feedback_Set` (`feedback_set_ID`, `feedback_activity_ID`, `feedback_type_ID`, `feedback_details_ID`) VALUES (219, 73, 2, 13);
INSERT INTO `ModulerDatabase`.`Feedback_Set` (`feedback_set_ID`, `feedback_activity_ID`, `feedback_type_ID`, `feedback_details_ID`) VALUES (220, 1, 2, 18);
INSERT INTO `ModulerDatabase`.`Feedback_Set` (`feedback_set_ID`, `feedback_activity_ID`, `feedback_type_ID`, `feedback_details_ID`) VALUES (221, 2, 2, 21);
INSERT INTO `ModulerDatabase`.`Feedback_Set` (`feedback_set_ID`, `feedback_activity_ID`, `feedback_type_ID`, `feedback_details_ID`) VALUES (222, 3, 2, 12);
INSERT INTO `ModulerDatabase`.`Feedback_Set` (`feedback_set_ID`, `feedback_activity_ID`, `feedback_type_ID`, `feedback_details_ID`) VALUES (223, 4, 2, 17);
INSERT INTO `ModulerDatabase`.`Feedback_Set` (`feedback_set_ID`, `feedback_activity_ID`, `feedback_type_ID`, `feedback_details_ID`) VALUES (224, 5, 2, 20);
INSERT INTO `ModulerDatabase`.`Feedback_Set` (`feedback_set_ID`, `feedback_activity_ID`, `feedback_type_ID`, `feedback_details_ID`) VALUES (225, 6, 2, 12);
INSERT INTO `ModulerDatabase`.`Feedback_Set` (`feedback_set_ID`, `feedback_activity_ID`, `feedback_type_ID`, `feedback_details_ID`) VALUES (226, 7, 2, 20);
INSERT INTO `ModulerDatabase`.`Feedback_Set` (`feedback_set_ID`, `feedback_activity_ID`, `feedback_type_ID`, `feedback_details_ID`) VALUES (227, 8, 2, 17);
INSERT INTO `ModulerDatabase`.`Feedback_Set` (`feedback_set_ID`, `feedback_activity_ID`, `feedback_type_ID`, `feedback_details_ID`) VALUES (228, 9, 2, 11);
INSERT INTO `ModulerDatabase`.`Feedback_Set` (`feedback_set_ID`, `feedback_activity_ID`, `feedback_type_ID`, `feedback_details_ID`) VALUES (229, 10, 2, 13);
INSERT INTO `ModulerDatabase`.`Feedback_Set` (`feedback_set_ID`, `feedback_activity_ID`, `feedback_type_ID`, `feedback_details_ID`) VALUES (230, 11, 2, 21);
INSERT INTO `ModulerDatabase`.`Feedback_Set` (`feedback_set_ID`, `feedback_activity_ID`, `feedback_type_ID`, `feedback_details_ID`) VALUES (231, 12, 2, 12);
INSERT INTO `ModulerDatabase`.`Feedback_Set` (`feedback_set_ID`, `feedback_activity_ID`, `feedback_type_ID`, `feedback_details_ID`) VALUES (232, 13, 2, 18);
INSERT INTO `ModulerDatabase`.`Feedback_Set` (`feedback_set_ID`, `feedback_activity_ID`, `feedback_type_ID`, `feedback_details_ID`) VALUES (233, 14, 2, 17);
INSERT INTO `ModulerDatabase`.`Feedback_Set` (`feedback_set_ID`, `feedback_activity_ID`, `feedback_type_ID`, `feedback_details_ID`) VALUES (234, 15, 2, 18);
INSERT INTO `ModulerDatabase`.`Feedback_Set` (`feedback_set_ID`, `feedback_activity_ID`, `feedback_type_ID`, `feedback_details_ID`) VALUES (235, 16, 2, 12);
INSERT INTO `ModulerDatabase`.`Feedback_Set` (`feedback_set_ID`, `feedback_activity_ID`, `feedback_type_ID`, `feedback_details_ID`) VALUES (236, 17, 2, 16);
INSERT INTO `ModulerDatabase`.`Feedback_Set` (`feedback_set_ID`, `feedback_activity_ID`, `feedback_type_ID`, `feedback_details_ID`) VALUES (237, 18, 2, 11);
INSERT INTO `ModulerDatabase`.`Feedback_Set` (`feedback_set_ID`, `feedback_activity_ID`, `feedback_type_ID`, `feedback_details_ID`) VALUES (238, 19, 2, 15);
INSERT INTO `ModulerDatabase`.`Feedback_Set` (`feedback_set_ID`, `feedback_activity_ID`, `feedback_type_ID`, `feedback_details_ID`) VALUES (239, 20, 2, 19);
INSERT INTO `ModulerDatabase`.`Feedback_Set` (`feedback_set_ID`, `feedback_activity_ID`, `feedback_type_ID`, `feedback_details_ID`) VALUES (240, 21, 2, 21);
INSERT INTO `ModulerDatabase`.`Feedback_Set` (`feedback_set_ID`, `feedback_activity_ID`, `feedback_type_ID`, `feedback_details_ID`) VALUES (241, 22, 2, 21);
INSERT INTO `ModulerDatabase`.`Feedback_Set` (`feedback_set_ID`, `feedback_activity_ID`, `feedback_type_ID`, `feedback_details_ID`) VALUES (242, 23, 2, 19);
INSERT INTO `ModulerDatabase`.`Feedback_Set` (`feedback_set_ID`, `feedback_activity_ID`, `feedback_type_ID`, `feedback_details_ID`) VALUES (243, 24, 2, 15);
INSERT INTO `ModulerDatabase`.`Feedback_Set` (`feedback_set_ID`, `feedback_activity_ID`, `feedback_type_ID`, `feedback_details_ID`) VALUES (244, 25, 2, 12);
INSERT INTO `ModulerDatabase`.`Feedback_Set` (`feedback_set_ID`, `feedback_activity_ID`, `feedback_type_ID`, `feedback_details_ID`) VALUES (245, 26, 2, 21);
INSERT INTO `ModulerDatabase`.`Feedback_Set` (`feedback_set_ID`, `feedback_activity_ID`, `feedback_type_ID`, `feedback_details_ID`) VALUES (246, 27, 2, 16);
INSERT INTO `ModulerDatabase`.`Feedback_Set` (`feedback_set_ID`, `feedback_activity_ID`, `feedback_type_ID`, `feedback_details_ID`) VALUES (247, 28, 2, 21);
INSERT INTO `ModulerDatabase`.`Feedback_Set` (`feedback_set_ID`, `feedback_activity_ID`, `feedback_type_ID`, `feedback_details_ID`) VALUES (248, 29, 2, 11);
INSERT INTO `ModulerDatabase`.`Feedback_Set` (`feedback_set_ID`, `feedback_activity_ID`, `feedback_type_ID`, `feedback_details_ID`) VALUES (249, 30, 2, 14);
INSERT INTO `ModulerDatabase`.`Feedback_Set` (`feedback_set_ID`, `feedback_activity_ID`, `feedback_type_ID`, `feedback_details_ID`) VALUES (250, 31, 2, 15);
INSERT INTO `ModulerDatabase`.`Feedback_Set` (`feedback_set_ID`, `feedback_activity_ID`, `feedback_type_ID`, `feedback_details_ID`) VALUES (251, 32, 2, 17);
INSERT INTO `ModulerDatabase`.`Feedback_Set` (`feedback_set_ID`, `feedback_activity_ID`, `feedback_type_ID`, `feedback_details_ID`) VALUES (252, 33, 2, 11);
INSERT INTO `ModulerDatabase`.`Feedback_Set` (`feedback_set_ID`, `feedback_activity_ID`, `feedback_type_ID`, `feedback_details_ID`) VALUES (253, 34, 2, 19);
INSERT INTO `ModulerDatabase`.`Feedback_Set` (`feedback_set_ID`, `feedback_activity_ID`, `feedback_type_ID`, `feedback_details_ID`) VALUES (254, 35, 2, 19);
INSERT INTO `ModulerDatabase`.`Feedback_Set` (`feedback_set_ID`, `feedback_activity_ID`, `feedback_type_ID`, `feedback_details_ID`) VALUES (255, 36, 2, 16);
INSERT INTO `ModulerDatabase`.`Feedback_Set` (`feedback_set_ID`, `feedback_activity_ID`, `feedback_type_ID`, `feedback_details_ID`) VALUES (256, 37, 2, 12);
INSERT INTO `ModulerDatabase`.`Feedback_Set` (`feedback_set_ID`, `feedback_activity_ID`, `feedback_type_ID`, `feedback_details_ID`) VALUES (257, 38, 2, 12);
INSERT INTO `ModulerDatabase`.`Feedback_Set` (`feedback_set_ID`, `feedback_activity_ID`, `feedback_type_ID`, `feedback_details_ID`) VALUES (258, 39, 2, 16);
INSERT INTO `ModulerDatabase`.`Feedback_Set` (`feedback_set_ID`, `feedback_activity_ID`, `feedback_type_ID`, `feedback_details_ID`) VALUES (259, 40, 2, 20);
INSERT INTO `ModulerDatabase`.`Feedback_Set` (`feedback_set_ID`, `feedback_activity_ID`, `feedback_type_ID`, `feedback_details_ID`) VALUES (260, 41, 2, 16);
INSERT INTO `ModulerDatabase`.`Feedback_Set` (`feedback_set_ID`, `feedback_activity_ID`, `feedback_type_ID`, `feedback_details_ID`) VALUES (261, 42, 2, 19);
INSERT INTO `ModulerDatabase`.`Feedback_Set` (`feedback_set_ID`, `feedback_activity_ID`, `feedback_type_ID`, `feedback_details_ID`) VALUES (262, 43, 2, 15);
INSERT INTO `ModulerDatabase`.`Feedback_Set` (`feedback_set_ID`, `feedback_activity_ID`, `feedback_type_ID`, `feedback_details_ID`) VALUES (263, 44, 2, 18);
INSERT INTO `ModulerDatabase`.`Feedback_Set` (`feedback_set_ID`, `feedback_activity_ID`, `feedback_type_ID`, `feedback_details_ID`) VALUES (264, 45, 2, 21);
INSERT INTO `ModulerDatabase`.`Feedback_Set` (`feedback_set_ID`, `feedback_activity_ID`, `feedback_type_ID`, `feedback_details_ID`) VALUES (265, 46, 2, 19);
INSERT INTO `ModulerDatabase`.`Feedback_Set` (`feedback_set_ID`, `feedback_activity_ID`, `feedback_type_ID`, `feedback_details_ID`) VALUES (266, 47, 2, 21);
INSERT INTO `ModulerDatabase`.`Feedback_Set` (`feedback_set_ID`, `feedback_activity_ID`, `feedback_type_ID`, `feedback_details_ID`) VALUES (267, 48, 2, 12);
INSERT INTO `ModulerDatabase`.`Feedback_Set` (`feedback_set_ID`, `feedback_activity_ID`, `feedback_type_ID`, `feedback_details_ID`) VALUES (268, 49, 2, 17);
INSERT INTO `ModulerDatabase`.`Feedback_Set` (`feedback_set_ID`, `feedback_activity_ID`, `feedback_type_ID`, `feedback_details_ID`) VALUES (269, 50, 2, 14);
INSERT INTO `ModulerDatabase`.`Feedback_Set` (`feedback_set_ID`, `feedback_activity_ID`, `feedback_type_ID`, `feedback_details_ID`) VALUES (270, 51, 2, 12);
INSERT INTO `ModulerDatabase`.`Feedback_Set` (`feedback_set_ID`, `feedback_activity_ID`, `feedback_type_ID`, `feedback_details_ID`) VALUES (271, 52, 2, 21);
INSERT INTO `ModulerDatabase`.`Feedback_Set` (`feedback_set_ID`, `feedback_activity_ID`, `feedback_type_ID`, `feedback_details_ID`) VALUES (272, 53, 2, 21);
INSERT INTO `ModulerDatabase`.`Feedback_Set` (`feedback_set_ID`, `feedback_activity_ID`, `feedback_type_ID`, `feedback_details_ID`) VALUES (273, 54, 2, 12);
INSERT INTO `ModulerDatabase`.`Feedback_Set` (`feedback_set_ID`, `feedback_activity_ID`, `feedback_type_ID`, `feedback_details_ID`) VALUES (274, 55, 2, 12);
INSERT INTO `ModulerDatabase`.`Feedback_Set` (`feedback_set_ID`, `feedback_activity_ID`, `feedback_type_ID`, `feedback_details_ID`) VALUES (275, 56, 2, 19);
INSERT INTO `ModulerDatabase`.`Feedback_Set` (`feedback_set_ID`, `feedback_activity_ID`, `feedback_type_ID`, `feedback_details_ID`) VALUES (276, 57, 2, 16);
INSERT INTO `ModulerDatabase`.`Feedback_Set` (`feedback_set_ID`, `feedback_activity_ID`, `feedback_type_ID`, `feedback_details_ID`) VALUES (277, 58, 2, 14);
INSERT INTO `ModulerDatabase`.`Feedback_Set` (`feedback_set_ID`, `feedback_activity_ID`, `feedback_type_ID`, `feedback_details_ID`) VALUES (278, 59, 2, 15);
INSERT INTO `ModulerDatabase`.`Feedback_Set` (`feedback_set_ID`, `feedback_activity_ID`, `feedback_type_ID`, `feedback_details_ID`) VALUES (279, 60, 2, 21);
INSERT INTO `ModulerDatabase`.`Feedback_Set` (`feedback_set_ID`, `feedback_activity_ID`, `feedback_type_ID`, `feedback_details_ID`) VALUES (280, 61, 2, 12);
INSERT INTO `ModulerDatabase`.`Feedback_Set` (`feedback_set_ID`, `feedback_activity_ID`, `feedback_type_ID`, `feedback_details_ID`) VALUES (281, 62, 2, 19);
INSERT INTO `ModulerDatabase`.`Feedback_Set` (`feedback_set_ID`, `feedback_activity_ID`, `feedback_type_ID`, `feedback_details_ID`) VALUES (282, 63, 2, 12);
INSERT INTO `ModulerDatabase`.`Feedback_Set` (`feedback_set_ID`, `feedback_activity_ID`, `feedback_type_ID`, `feedback_details_ID`) VALUES (283, 64, 2, 15);
INSERT INTO `ModulerDatabase`.`Feedback_Set` (`feedback_set_ID`, `feedback_activity_ID`, `feedback_type_ID`, `feedback_details_ID`) VALUES (284, 65, 2, 19);
INSERT INTO `ModulerDatabase`.`Feedback_Set` (`feedback_set_ID`, `feedback_activity_ID`, `feedback_type_ID`, `feedback_details_ID`) VALUES (285, 66, 2, 11);
INSERT INTO `ModulerDatabase`.`Feedback_Set` (`feedback_set_ID`, `feedback_activity_ID`, `feedback_type_ID`, `feedback_details_ID`) VALUES (286, 67, 2, 21);
INSERT INTO `ModulerDatabase`.`Feedback_Set` (`feedback_set_ID`, `feedback_activity_ID`, `feedback_type_ID`, `feedback_details_ID`) VALUES (287, 68, 2, 20);
INSERT INTO `ModulerDatabase`.`Feedback_Set` (`feedback_set_ID`, `feedback_activity_ID`, `feedback_type_ID`, `feedback_details_ID`) VALUES (288, 69, 2, 11);
INSERT INTO `ModulerDatabase`.`Feedback_Set` (`feedback_set_ID`, `feedback_activity_ID`, `feedback_type_ID`, `feedback_details_ID`) VALUES (289, 70, 2, 12);
INSERT INTO `ModulerDatabase`.`Feedback_Set` (`feedback_set_ID`, `feedback_activity_ID`, `feedback_type_ID`, `feedback_details_ID`) VALUES (290, 71, 2, 15);
INSERT INTO `ModulerDatabase`.`Feedback_Set` (`feedback_set_ID`, `feedback_activity_ID`, `feedback_type_ID`, `feedback_details_ID`) VALUES (291, 72, 2, 19);
INSERT INTO `ModulerDatabase`.`Feedback_Set` (`feedback_set_ID`, `feedback_activity_ID`, `feedback_type_ID`, `feedback_details_ID`) VALUES (292, 73, 2, 15);
INSERT INTO `ModulerDatabase`.`Feedback_Set` (`feedback_set_ID`, `feedback_activity_ID`, `feedback_type_ID`, `feedback_details_ID`) VALUES (293, 1, 3, 10);
INSERT INTO `ModulerDatabase`.`Feedback_Set` (`feedback_set_ID`, `feedback_activity_ID`, `feedback_type_ID`, `feedback_details_ID`) VALUES (294, 2, 3, 8);
INSERT INTO `ModulerDatabase`.`Feedback_Set` (`feedback_set_ID`, `feedback_activity_ID`, `feedback_type_ID`, `feedback_details_ID`) VALUES (295, 3, 3, 5);
INSERT INTO `ModulerDatabase`.`Feedback_Set` (`feedback_set_ID`, `feedback_activity_ID`, `feedback_type_ID`, `feedback_details_ID`) VALUES (296, 4, 3, 7);
INSERT INTO `ModulerDatabase`.`Feedback_Set` (`feedback_set_ID`, `feedback_activity_ID`, `feedback_type_ID`, `feedback_details_ID`) VALUES (297, 5, 3, 6);
INSERT INTO `ModulerDatabase`.`Feedback_Set` (`feedback_set_ID`, `feedback_activity_ID`, `feedback_type_ID`, `feedback_details_ID`) VALUES (298, 6, 3, 3);
INSERT INTO `ModulerDatabase`.`Feedback_Set` (`feedback_set_ID`, `feedback_activity_ID`, `feedback_type_ID`, `feedback_details_ID`) VALUES (299, 7, 3, 7);
INSERT INTO `ModulerDatabase`.`Feedback_Set` (`feedback_set_ID`, `feedback_activity_ID`, `feedback_type_ID`, `feedback_details_ID`) VALUES (300, 8, 3, 9);
INSERT INTO `ModulerDatabase`.`Feedback_Set` (`feedback_set_ID`, `feedback_activity_ID`, `feedback_type_ID`, `feedback_details_ID`) VALUES (301, 9, 3, 8);
INSERT INTO `ModulerDatabase`.`Feedback_Set` (`feedback_set_ID`, `feedback_activity_ID`, `feedback_type_ID`, `feedback_details_ID`) VALUES (302, 10, 3, 5);
INSERT INTO `ModulerDatabase`.`Feedback_Set` (`feedback_set_ID`, `feedback_activity_ID`, `feedback_type_ID`, `feedback_details_ID`) VALUES (303, 11, 3, 3);
INSERT INTO `ModulerDatabase`.`Feedback_Set` (`feedback_set_ID`, `feedback_activity_ID`, `feedback_type_ID`, `feedback_details_ID`) VALUES (304, 12, 3, 8);
INSERT INTO `ModulerDatabase`.`Feedback_Set` (`feedback_set_ID`, `feedback_activity_ID`, `feedback_type_ID`, `feedback_details_ID`) VALUES (305, 13, 3, 6);
INSERT INTO `ModulerDatabase`.`Feedback_Set` (`feedback_set_ID`, `feedback_activity_ID`, `feedback_type_ID`, `feedback_details_ID`) VALUES (306, 14, 3, 1);
INSERT INTO `ModulerDatabase`.`Feedback_Set` (`feedback_set_ID`, `feedback_activity_ID`, `feedback_type_ID`, `feedback_details_ID`) VALUES (307, 15, 3, 7);
INSERT INTO `ModulerDatabase`.`Feedback_Set` (`feedback_set_ID`, `feedback_activity_ID`, `feedback_type_ID`, `feedback_details_ID`) VALUES (308, 16, 3, 5);
INSERT INTO `ModulerDatabase`.`Feedback_Set` (`feedback_set_ID`, `feedback_activity_ID`, `feedback_type_ID`, `feedback_details_ID`) VALUES (309, 17, 3, 7);
INSERT INTO `ModulerDatabase`.`Feedback_Set` (`feedback_set_ID`, `feedback_activity_ID`, `feedback_type_ID`, `feedback_details_ID`) VALUES (310, 18, 3, 9);
INSERT INTO `ModulerDatabase`.`Feedback_Set` (`feedback_set_ID`, `feedback_activity_ID`, `feedback_type_ID`, `feedback_details_ID`) VALUES (311, 19, 3, 6);
INSERT INTO `ModulerDatabase`.`Feedback_Set` (`feedback_set_ID`, `feedback_activity_ID`, `feedback_type_ID`, `feedback_details_ID`) VALUES (312, 20, 3, 10);
INSERT INTO `ModulerDatabase`.`Feedback_Set` (`feedback_set_ID`, `feedback_activity_ID`, `feedback_type_ID`, `feedback_details_ID`) VALUES (313, 21, 3, 1);
INSERT INTO `ModulerDatabase`.`Feedback_Set` (`feedback_set_ID`, `feedback_activity_ID`, `feedback_type_ID`, `feedback_details_ID`) VALUES (314, 22, 3, 8);
INSERT INTO `ModulerDatabase`.`Feedback_Set` (`feedback_set_ID`, `feedback_activity_ID`, `feedback_type_ID`, `feedback_details_ID`) VALUES (315, 23, 3, 6);
INSERT INTO `ModulerDatabase`.`Feedback_Set` (`feedback_set_ID`, `feedback_activity_ID`, `feedback_type_ID`, `feedback_details_ID`) VALUES (316, 24, 3, 3);
INSERT INTO `ModulerDatabase`.`Feedback_Set` (`feedback_set_ID`, `feedback_activity_ID`, `feedback_type_ID`, `feedback_details_ID`) VALUES (317, 25, 3, 9);
INSERT INTO `ModulerDatabase`.`Feedback_Set` (`feedback_set_ID`, `feedback_activity_ID`, `feedback_type_ID`, `feedback_details_ID`) VALUES (318, 26, 3, 2);
INSERT INTO `ModulerDatabase`.`Feedback_Set` (`feedback_set_ID`, `feedback_activity_ID`, `feedback_type_ID`, `feedback_details_ID`) VALUES (319, 27, 3, 3);
INSERT INTO `ModulerDatabase`.`Feedback_Set` (`feedback_set_ID`, `feedback_activity_ID`, `feedback_type_ID`, `feedback_details_ID`) VALUES (320, 28, 3, 6);
INSERT INTO `ModulerDatabase`.`Feedback_Set` (`feedback_set_ID`, `feedback_activity_ID`, `feedback_type_ID`, `feedback_details_ID`) VALUES (321, 29, 3, 6);
INSERT INTO `ModulerDatabase`.`Feedback_Set` (`feedback_set_ID`, `feedback_activity_ID`, `feedback_type_ID`, `feedback_details_ID`) VALUES (322, 30, 3, 10);
INSERT INTO `ModulerDatabase`.`Feedback_Set` (`feedback_set_ID`, `feedback_activity_ID`, `feedback_type_ID`, `feedback_details_ID`) VALUES (323, 31, 3, 2);
INSERT INTO `ModulerDatabase`.`Feedback_Set` (`feedback_set_ID`, `feedback_activity_ID`, `feedback_type_ID`, `feedback_details_ID`) VALUES (324, 32, 3, 7);
INSERT INTO `ModulerDatabase`.`Feedback_Set` (`feedback_set_ID`, `feedback_activity_ID`, `feedback_type_ID`, `feedback_details_ID`) VALUES (325, 33, 3, 3);
INSERT INTO `ModulerDatabase`.`Feedback_Set` (`feedback_set_ID`, `feedback_activity_ID`, `feedback_type_ID`, `feedback_details_ID`) VALUES (326, 34, 3, 5);
INSERT INTO `ModulerDatabase`.`Feedback_Set` (`feedback_set_ID`, `feedback_activity_ID`, `feedback_type_ID`, `feedback_details_ID`) VALUES (327, 35, 3, 2);
INSERT INTO `ModulerDatabase`.`Feedback_Set` (`feedback_set_ID`, `feedback_activity_ID`, `feedback_type_ID`, `feedback_details_ID`) VALUES (328, 36, 3, 10);
INSERT INTO `ModulerDatabase`.`Feedback_Set` (`feedback_set_ID`, `feedback_activity_ID`, `feedback_type_ID`, `feedback_details_ID`) VALUES (329, 37, 3, 4);
INSERT INTO `ModulerDatabase`.`Feedback_Set` (`feedback_set_ID`, `feedback_activity_ID`, `feedback_type_ID`, `feedback_details_ID`) VALUES (330, 38, 3, 1);
INSERT INTO `ModulerDatabase`.`Feedback_Set` (`feedback_set_ID`, `feedback_activity_ID`, `feedback_type_ID`, `feedback_details_ID`) VALUES (331, 39, 3, 1);
INSERT INTO `ModulerDatabase`.`Feedback_Set` (`feedback_set_ID`, `feedback_activity_ID`, `feedback_type_ID`, `feedback_details_ID`) VALUES (332, 40, 3, 3);
INSERT INTO `ModulerDatabase`.`Feedback_Set` (`feedback_set_ID`, `feedback_activity_ID`, `feedback_type_ID`, `feedback_details_ID`) VALUES (333, 41, 3, 1);
INSERT INTO `ModulerDatabase`.`Feedback_Set` (`feedback_set_ID`, `feedback_activity_ID`, `feedback_type_ID`, `feedback_details_ID`) VALUES (334, 42, 3, 3);
INSERT INTO `ModulerDatabase`.`Feedback_Set` (`feedback_set_ID`, `feedback_activity_ID`, `feedback_type_ID`, `feedback_details_ID`) VALUES (335, 43, 3, 3);
INSERT INTO `ModulerDatabase`.`Feedback_Set` (`feedback_set_ID`, `feedback_activity_ID`, `feedback_type_ID`, `feedback_details_ID`) VALUES (336, 44, 3, 9);
INSERT INTO `ModulerDatabase`.`Feedback_Set` (`feedback_set_ID`, `feedback_activity_ID`, `feedback_type_ID`, `feedback_details_ID`) VALUES (337, 45, 3, 2);
INSERT INTO `ModulerDatabase`.`Feedback_Set` (`feedback_set_ID`, `feedback_activity_ID`, `feedback_type_ID`, `feedback_details_ID`) VALUES (338, 46, 3, 9);
INSERT INTO `ModulerDatabase`.`Feedback_Set` (`feedback_set_ID`, `feedback_activity_ID`, `feedback_type_ID`, `feedback_details_ID`) VALUES (339, 1, 3, 2);
INSERT INTO `ModulerDatabase`.`Feedback_Set` (`feedback_set_ID`, `feedback_activity_ID`, `feedback_type_ID`, `feedback_details_ID`) VALUES (340, 2, 3, 8);
INSERT INTO `ModulerDatabase`.`Feedback_Set` (`feedback_set_ID`, `feedback_activity_ID`, `feedback_type_ID`, `feedback_details_ID`) VALUES (341, 3, 3, 3);
INSERT INTO `ModulerDatabase`.`Feedback_Set` (`feedback_set_ID`, `feedback_activity_ID`, `feedback_type_ID`, `feedback_details_ID`) VALUES (342, 4, 3, 6);
INSERT INTO `ModulerDatabase`.`Feedback_Set` (`feedback_set_ID`, `feedback_activity_ID`, `feedback_type_ID`, `feedback_details_ID`) VALUES (343, 5, 3, 7);
INSERT INTO `ModulerDatabase`.`Feedback_Set` (`feedback_set_ID`, `feedback_activity_ID`, `feedback_type_ID`, `feedback_details_ID`) VALUES (344, 6, 3, 4);
INSERT INTO `ModulerDatabase`.`Feedback_Set` (`feedback_set_ID`, `feedback_activity_ID`, `feedback_type_ID`, `feedback_details_ID`) VALUES (345, 7, 3, 4);
INSERT INTO `ModulerDatabase`.`Feedback_Set` (`feedback_set_ID`, `feedback_activity_ID`, `feedback_type_ID`, `feedback_details_ID`) VALUES (346, 8, 3, 5);
INSERT INTO `ModulerDatabase`.`Feedback_Set` (`feedback_set_ID`, `feedback_activity_ID`, `feedback_type_ID`, `feedback_details_ID`) VALUES (347, 9, 3, 6);
INSERT INTO `ModulerDatabase`.`Feedback_Set` (`feedback_set_ID`, `feedback_activity_ID`, `feedback_type_ID`, `feedback_details_ID`) VALUES (348, 10, 3, 5);
INSERT INTO `ModulerDatabase`.`Feedback_Set` (`feedback_set_ID`, `feedback_activity_ID`, `feedback_type_ID`, `feedback_details_ID`) VALUES (349, 11, 3, 10);
INSERT INTO `ModulerDatabase`.`Feedback_Set` (`feedback_set_ID`, `feedback_activity_ID`, `feedback_type_ID`, `feedback_details_ID`) VALUES (350, 12, 3, 9);
INSERT INTO `ModulerDatabase`.`Feedback_Set` (`feedback_set_ID`, `feedback_activity_ID`, `feedback_type_ID`, `feedback_details_ID`) VALUES (351, 13, 3, 10);
INSERT INTO `ModulerDatabase`.`Feedback_Set` (`feedback_set_ID`, `feedback_activity_ID`, `feedback_type_ID`, `feedback_details_ID`) VALUES (352, 14, 3, 1);
INSERT INTO `ModulerDatabase`.`Feedback_Set` (`feedback_set_ID`, `feedback_activity_ID`, `feedback_type_ID`, `feedback_details_ID`) VALUES (353, 15, 3, 6);
INSERT INTO `ModulerDatabase`.`Feedback_Set` (`feedback_set_ID`, `feedback_activity_ID`, `feedback_type_ID`, `feedback_details_ID`) VALUES (354, 16, 3, 7);
INSERT INTO `ModulerDatabase`.`Feedback_Set` (`feedback_set_ID`, `feedback_activity_ID`, `feedback_type_ID`, `feedback_details_ID`) VALUES (355, 17, 3, 10);
INSERT INTO `ModulerDatabase`.`Feedback_Set` (`feedback_set_ID`, `feedback_activity_ID`, `feedback_type_ID`, `feedback_details_ID`) VALUES (356, 18, 3, 3);
INSERT INTO `ModulerDatabase`.`Feedback_Set` (`feedback_set_ID`, `feedback_activity_ID`, `feedback_type_ID`, `feedback_details_ID`) VALUES (357, 19, 3, 10);
INSERT INTO `ModulerDatabase`.`Feedback_Set` (`feedback_set_ID`, `feedback_activity_ID`, `feedback_type_ID`, `feedback_details_ID`) VALUES (358, 20, 3, 10);
INSERT INTO `ModulerDatabase`.`Feedback_Set` (`feedback_set_ID`, `feedback_activity_ID`, `feedback_type_ID`, `feedback_details_ID`) VALUES (359, 21, 3, 9);
INSERT INTO `ModulerDatabase`.`Feedback_Set` (`feedback_set_ID`, `feedback_activity_ID`, `feedback_type_ID`, `feedback_details_ID`) VALUES (360, 22, 3, 1);
INSERT INTO `ModulerDatabase`.`Feedback_Set` (`feedback_set_ID`, `feedback_activity_ID`, `feedback_type_ID`, `feedback_details_ID`) VALUES (361, 23, 3, 4);
INSERT INTO `ModulerDatabase`.`Feedback_Set` (`feedback_set_ID`, `feedback_activity_ID`, `feedback_type_ID`, `feedback_details_ID`) VALUES (362, 24, 3, 8);
INSERT INTO `ModulerDatabase`.`Feedback_Set` (`feedback_set_ID`, `feedback_activity_ID`, `feedback_type_ID`, `feedback_details_ID`) VALUES (363, 25, 3, 3);
INSERT INTO `ModulerDatabase`.`Feedback_Set` (`feedback_set_ID`, `feedback_activity_ID`, `feedback_type_ID`, `feedback_details_ID`) VALUES (364, 26, 3, 2);
INSERT INTO `ModulerDatabase`.`Feedback_Set` (`feedback_set_ID`, `feedback_activity_ID`, `feedback_type_ID`, `feedback_details_ID`) VALUES (365, 27, 3, 3);
INSERT INTO `ModulerDatabase`.`Feedback_Set` (`feedback_set_ID`, `feedback_activity_ID`, `feedback_type_ID`, `feedback_details_ID`) VALUES (366, 28, 3, 3);
INSERT INTO `ModulerDatabase`.`Feedback_Set` (`feedback_set_ID`, `feedback_activity_ID`, `feedback_type_ID`, `feedback_details_ID`) VALUES (367, 29, 3, 4);
INSERT INTO `ModulerDatabase`.`Feedback_Set` (`feedback_set_ID`, `feedback_activity_ID`, `feedback_type_ID`, `feedback_details_ID`) VALUES (368, 30, 3, 8);
INSERT INTO `ModulerDatabase`.`Feedback_Set` (`feedback_set_ID`, `feedback_activity_ID`, `feedback_type_ID`, `feedback_details_ID`) VALUES (369, 31, 3, 9);
INSERT INTO `ModulerDatabase`.`Feedback_Set` (`feedback_set_ID`, `feedback_activity_ID`, `feedback_type_ID`, `feedback_details_ID`) VALUES (370, 32, 3, 1);
INSERT INTO `ModulerDatabase`.`Feedback_Set` (`feedback_set_ID`, `feedback_activity_ID`, `feedback_type_ID`, `feedback_details_ID`) VALUES (371, 33, 3, 8);
INSERT INTO `ModulerDatabase`.`Feedback_Set` (`feedback_set_ID`, `feedback_activity_ID`, `feedback_type_ID`, `feedback_details_ID`) VALUES (372, 34, 3, 4);
INSERT INTO `ModulerDatabase`.`Feedback_Set` (`feedback_set_ID`, `feedback_activity_ID`, `feedback_type_ID`, `feedback_details_ID`) VALUES (373, 35, 3, 4);
INSERT INTO `ModulerDatabase`.`Feedback_Set` (`feedback_set_ID`, `feedback_activity_ID`, `feedback_type_ID`, `feedback_details_ID`) VALUES (374, 36, 3, 9);
INSERT INTO `ModulerDatabase`.`Feedback_Set` (`feedback_set_ID`, `feedback_activity_ID`, `feedback_type_ID`, `feedback_details_ID`) VALUES (375, 37, 3, 8);
INSERT INTO `ModulerDatabase`.`Feedback_Set` (`feedback_set_ID`, `feedback_activity_ID`, `feedback_type_ID`, `feedback_details_ID`) VALUES (376, 38, 3, 1);
INSERT INTO `ModulerDatabase`.`Feedback_Set` (`feedback_set_ID`, `feedback_activity_ID`, `feedback_type_ID`, `feedback_details_ID`) VALUES (377, 39, 3, 8);
INSERT INTO `ModulerDatabase`.`Feedback_Set` (`feedback_set_ID`, `feedback_activity_ID`, `feedback_type_ID`, `feedback_details_ID`) VALUES (378, 40, 3, 5);
INSERT INTO `ModulerDatabase`.`Feedback_Set` (`feedback_set_ID`, `feedback_activity_ID`, `feedback_type_ID`, `feedback_details_ID`) VALUES (379, 41, 3, 3);
INSERT INTO `ModulerDatabase`.`Feedback_Set` (`feedback_set_ID`, `feedback_activity_ID`, `feedback_type_ID`, `feedback_details_ID`) VALUES (380, 42, 3, 6);
INSERT INTO `ModulerDatabase`.`Feedback_Set` (`feedback_set_ID`, `feedback_activity_ID`, `feedback_type_ID`, `feedback_details_ID`) VALUES (381, 43, 3, 2);
INSERT INTO `ModulerDatabase`.`Feedback_Set` (`feedback_set_ID`, `feedback_activity_ID`, `feedback_type_ID`, `feedback_details_ID`) VALUES (382, 44, 3, 10);
INSERT INTO `ModulerDatabase`.`Feedback_Set` (`feedback_set_ID`, `feedback_activity_ID`, `feedback_type_ID`, `feedback_details_ID`) VALUES (383, 45, 3, 9);
INSERT INTO `ModulerDatabase`.`Feedback_Set` (`feedback_set_ID`, `feedback_activity_ID`, `feedback_type_ID`, `feedback_details_ID`) VALUES (384, 46, 3, 5);
INSERT INTO `ModulerDatabase`.`Feedback_Set` (`feedback_set_ID`, `feedback_activity_ID`, `feedback_type_ID`, `feedback_details_ID`) VALUES (385, 1, 3, 2);
INSERT INTO `ModulerDatabase`.`Feedback_Set` (`feedback_set_ID`, `feedback_activity_ID`, `feedback_type_ID`, `feedback_details_ID`) VALUES (386, 2, 3, 6);
INSERT INTO `ModulerDatabase`.`Feedback_Set` (`feedback_set_ID`, `feedback_activity_ID`, `feedback_type_ID`, `feedback_details_ID`) VALUES (387, 3, 3, 2);
INSERT INTO `ModulerDatabase`.`Feedback_Set` (`feedback_set_ID`, `feedback_activity_ID`, `feedback_type_ID`, `feedback_details_ID`) VALUES (388, 1, 3, 8);
INSERT INTO `ModulerDatabase`.`Feedback_Set` (`feedback_set_ID`, `feedback_activity_ID`, `feedback_type_ID`, `feedback_details_ID`) VALUES (389, 2, 3, 5);
INSERT INTO `ModulerDatabase`.`Feedback_Set` (`feedback_set_ID`, `feedback_activity_ID`, `feedback_type_ID`, `feedback_details_ID`) VALUES (390, 3, 3, 2);
INSERT INTO `ModulerDatabase`.`Feedback_Set` (`feedback_set_ID`, `feedback_activity_ID`, `feedback_type_ID`, `feedback_details_ID`) VALUES (391, 4, 3, 4);
INSERT INTO `ModulerDatabase`.`Feedback_Set` (`feedback_set_ID`, `feedback_activity_ID`, `feedback_type_ID`, `feedback_details_ID`) VALUES (392, 5, 3, 9);
INSERT INTO `ModulerDatabase`.`Feedback_Set` (`feedback_set_ID`, `feedback_activity_ID`, `feedback_type_ID`, `feedback_details_ID`) VALUES (393, 6, 3, 3);
INSERT INTO `ModulerDatabase`.`Feedback_Set` (`feedback_set_ID`, `feedback_activity_ID`, `feedback_type_ID`, `feedback_details_ID`) VALUES (394, 7, 3, 1);
INSERT INTO `ModulerDatabase`.`Feedback_Set` (`feedback_set_ID`, `feedback_activity_ID`, `feedback_type_ID`, `feedback_details_ID`) VALUES (395, 8, 3, 9);
INSERT INTO `ModulerDatabase`.`Feedback_Set` (`feedback_set_ID`, `feedback_activity_ID`, `feedback_type_ID`, `feedback_details_ID`) VALUES (396, 9, 3, 10);
INSERT INTO `ModulerDatabase`.`Feedback_Set` (`feedback_set_ID`, `feedback_activity_ID`, `feedback_type_ID`, `feedback_details_ID`) VALUES (397, 10, 3, 7);
INSERT INTO `ModulerDatabase`.`Feedback_Set` (`feedback_set_ID`, `feedback_activity_ID`, `feedback_type_ID`, `feedback_details_ID`) VALUES (398, 11, 3, 9);
INSERT INTO `ModulerDatabase`.`Feedback_Set` (`feedback_set_ID`, `feedback_activity_ID`, `feedback_type_ID`, `feedback_details_ID`) VALUES (399, 12, 3, 2);
INSERT INTO `ModulerDatabase`.`Feedback_Set` (`feedback_set_ID`, `feedback_activity_ID`, `feedback_type_ID`, `feedback_details_ID`) VALUES (400, 13, 3, 6);
INSERT INTO `ModulerDatabase`.`Feedback_Set` (`feedback_set_ID`, `feedback_activity_ID`, `feedback_type_ID`, `feedback_details_ID`) VALUES (401, 14, 3, 5);
INSERT INTO `ModulerDatabase`.`Feedback_Set` (`feedback_set_ID`, `feedback_activity_ID`, `feedback_type_ID`, `feedback_details_ID`) VALUES (402, 15, 3, 4);
INSERT INTO `ModulerDatabase`.`Feedback_Set` (`feedback_set_ID`, `feedback_activity_ID`, `feedback_type_ID`, `feedback_details_ID`) VALUES (403, 16, 3, 10);
INSERT INTO `ModulerDatabase`.`Feedback_Set` (`feedback_set_ID`, `feedback_activity_ID`, `feedback_type_ID`, `feedback_details_ID`) VALUES (404, 17, 3, 5);
INSERT INTO `ModulerDatabase`.`Feedback_Set` (`feedback_set_ID`, `feedback_activity_ID`, `feedback_type_ID`, `feedback_details_ID`) VALUES (405, 18, 3, 1);
INSERT INTO `ModulerDatabase`.`Feedback_Set` (`feedback_set_ID`, `feedback_activity_ID`, `feedback_type_ID`, `feedback_details_ID`) VALUES (406, 19, 3, 3);
INSERT INTO `ModulerDatabase`.`Feedback_Set` (`feedback_set_ID`, `feedback_activity_ID`, `feedback_type_ID`, `feedback_details_ID`) VALUES (407, 20, 3, 6);
INSERT INTO `ModulerDatabase`.`Feedback_Set` (`feedback_set_ID`, `feedback_activity_ID`, `feedback_type_ID`, `feedback_details_ID`) VALUES (408, 21, 3, 10);
INSERT INTO `ModulerDatabase`.`Feedback_Set` (`feedback_set_ID`, `feedback_activity_ID`, `feedback_type_ID`, `feedback_details_ID`) VALUES (409, 22, 3, 10);
INSERT INTO `ModulerDatabase`.`Feedback_Set` (`feedback_set_ID`, `feedback_activity_ID`, `feedback_type_ID`, `feedback_details_ID`) VALUES (410, 23, 3, 5);
INSERT INTO `ModulerDatabase`.`Feedback_Set` (`feedback_set_ID`, `feedback_activity_ID`, `feedback_type_ID`, `feedback_details_ID`) VALUES (411, 24, 3, 4);
INSERT INTO `ModulerDatabase`.`Feedback_Set` (`feedback_set_ID`, `feedback_activity_ID`, `feedback_type_ID`, `feedback_details_ID`) VALUES (412, 25, 3, 1);
INSERT INTO `ModulerDatabase`.`Feedback_Set` (`feedback_set_ID`, `feedback_activity_ID`, `feedback_type_ID`, `feedback_details_ID`) VALUES (413, 26, 3, 2);
INSERT INTO `ModulerDatabase`.`Feedback_Set` (`feedback_set_ID`, `feedback_activity_ID`, `feedback_type_ID`, `feedback_details_ID`) VALUES (414, 27, 3, 3);
INSERT INTO `ModulerDatabase`.`Feedback_Set` (`feedback_set_ID`, `feedback_activity_ID`, `feedback_type_ID`, `feedback_details_ID`) VALUES (415, 28, 3, 7);
INSERT INTO `ModulerDatabase`.`Feedback_Set` (`feedback_set_ID`, `feedback_activity_ID`, `feedback_type_ID`, `feedback_details_ID`) VALUES (416, 29, 3, 10);
INSERT INTO `ModulerDatabase`.`Feedback_Set` (`feedback_set_ID`, `feedback_activity_ID`, `feedback_type_ID`, `feedback_details_ID`) VALUES (417, 30, 3, 7);
INSERT INTO `ModulerDatabase`.`Feedback_Set` (`feedback_set_ID`, `feedback_activity_ID`, `feedback_type_ID`, `feedback_details_ID`) VALUES (418, 31, 3, 1);
INSERT INTO `ModulerDatabase`.`Feedback_Set` (`feedback_set_ID`, `feedback_activity_ID`, `feedback_type_ID`, `feedback_details_ID`) VALUES (419, 32, 3, 1);
INSERT INTO `ModulerDatabase`.`Feedback_Set` (`feedback_set_ID`, `feedback_activity_ID`, `feedback_type_ID`, `feedback_details_ID`) VALUES (420, 33, 3, 7);
INSERT INTO `ModulerDatabase`.`Feedback_Set` (`feedback_set_ID`, `feedback_activity_ID`, `feedback_type_ID`, `feedback_details_ID`) VALUES (421, 34, 3, 8);
INSERT INTO `ModulerDatabase`.`Feedback_Set` (`feedback_set_ID`, `feedback_activity_ID`, `feedback_type_ID`, `feedback_details_ID`) VALUES (422, 35, 3, 2);
INSERT INTO `ModulerDatabase`.`Feedback_Set` (`feedback_set_ID`, `feedback_activity_ID`, `feedback_type_ID`, `feedback_details_ID`) VALUES (423, 36, 3, 6);
INSERT INTO `ModulerDatabase`.`Feedback_Set` (`feedback_set_ID`, `feedback_activity_ID`, `feedback_type_ID`, `feedback_details_ID`) VALUES (424, 37, 3, 5);
INSERT INTO `ModulerDatabase`.`Feedback_Set` (`feedback_set_ID`, `feedback_activity_ID`, `feedback_type_ID`, `feedback_details_ID`) VALUES (425, 38, 3, 8);
INSERT INTO `ModulerDatabase`.`Feedback_Set` (`feedback_set_ID`, `feedback_activity_ID`, `feedback_type_ID`, `feedback_details_ID`) VALUES (426, 39, 3, 5);
INSERT INTO `ModulerDatabase`.`Feedback_Set` (`feedback_set_ID`, `feedback_activity_ID`, `feedback_type_ID`, `feedback_details_ID`) VALUES (427, 40, 3, 9);
INSERT INTO `ModulerDatabase`.`Feedback_Set` (`feedback_set_ID`, `feedback_activity_ID`, `feedback_type_ID`, `feedback_details_ID`) VALUES (428, 41, 3, 5);
INSERT INTO `ModulerDatabase`.`Feedback_Set` (`feedback_set_ID`, `feedback_activity_ID`, `feedback_type_ID`, `feedback_details_ID`) VALUES (429, 42, 3, 10);
INSERT INTO `ModulerDatabase`.`Feedback_Set` (`feedback_set_ID`, `feedback_activity_ID`, `feedback_type_ID`, `feedback_details_ID`) VALUES (430, 43, 3, 1);
INSERT INTO `ModulerDatabase`.`Feedback_Set` (`feedback_set_ID`, `feedback_activity_ID`, `feedback_type_ID`, `feedback_details_ID`) VALUES (431, 44, 3, 4);
INSERT INTO `ModulerDatabase`.`Feedback_Set` (`feedback_set_ID`, `feedback_activity_ID`, `feedback_type_ID`, `feedback_details_ID`) VALUES (432, 45, 3, 3);
INSERT INTO `ModulerDatabase`.`Feedback_Set` (`feedback_set_ID`, `feedback_activity_ID`, `feedback_type_ID`, `feedback_details_ID`) VALUES (433, 46, 3, 2);
INSERT INTO `ModulerDatabase`.`Feedback_Set` (`feedback_set_ID`, `feedback_activity_ID`, `feedback_type_ID`, `feedback_details_ID`) VALUES (434, 1, 3, 8);
INSERT INTO `ModulerDatabase`.`Feedback_Set` (`feedback_set_ID`, `feedback_activity_ID`, `feedback_type_ID`, `feedback_details_ID`) VALUES (435, 2, 3, 4);
INSERT INTO `ModulerDatabase`.`Feedback_Set` (`feedback_set_ID`, `feedback_activity_ID`, `feedback_type_ID`, `feedback_details_ID`) VALUES (436, 3, 3, 4);
INSERT INTO `ModulerDatabase`.`Feedback_Set` (`feedback_set_ID`, `feedback_activity_ID`, `feedback_type_ID`, `feedback_details_ID`) VALUES (437, 4, 3, 2);
INSERT INTO `ModulerDatabase`.`Feedback_Set` (`feedback_set_ID`, `feedback_activity_ID`, `feedback_type_ID`, `feedback_details_ID`) VALUES (438, 5, 3, 5);
INSERT INTO `ModulerDatabase`.`Feedback_Set` (`feedback_set_ID`, `feedback_activity_ID`, `feedback_type_ID`, `feedback_details_ID`) VALUES (439, 6, 3, 9);
INSERT INTO `ModulerDatabase`.`Feedback_Set` (`feedback_set_ID`, `feedback_activity_ID`, `feedback_type_ID`, `feedback_details_ID`) VALUES (440, 7, 3, 6);
INSERT INTO `ModulerDatabase`.`Feedback_Set` (`feedback_set_ID`, `feedback_activity_ID`, `feedback_type_ID`, `feedback_details_ID`) VALUES (441, 8, 3, 5);
INSERT INTO `ModulerDatabase`.`Feedback_Set` (`feedback_set_ID`, `feedback_activity_ID`, `feedback_type_ID`, `feedback_details_ID`) VALUES (442, 9, 3, 7);
INSERT INTO `ModulerDatabase`.`Feedback_Set` (`feedback_set_ID`, `feedback_activity_ID`, `feedback_type_ID`, `feedback_details_ID`) VALUES (443, 10, 3, 7);
INSERT INTO `ModulerDatabase`.`Feedback_Set` (`feedback_set_ID`, `feedback_activity_ID`, `feedback_type_ID`, `feedback_details_ID`) VALUES (444, 11, 3, 7);
INSERT INTO `ModulerDatabase`.`Feedback_Set` (`feedback_set_ID`, `feedback_activity_ID`, `feedback_type_ID`, `feedback_details_ID`) VALUES (445, 12, 3, 6);
INSERT INTO `ModulerDatabase`.`Feedback_Set` (`feedback_set_ID`, `feedback_activity_ID`, `feedback_type_ID`, `feedback_details_ID`) VALUES (446, 13, 3, 4);
INSERT INTO `ModulerDatabase`.`Feedback_Set` (`feedback_set_ID`, `feedback_activity_ID`, `feedback_type_ID`, `feedback_details_ID`) VALUES (447, 14, 3, 6);
INSERT INTO `ModulerDatabase`.`Feedback_Set` (`feedback_set_ID`, `feedback_activity_ID`, `feedback_type_ID`, `feedback_details_ID`) VALUES (448, 15, 3, 3);
INSERT INTO `ModulerDatabase`.`Feedback_Set` (`feedback_set_ID`, `feedback_activity_ID`, `feedback_type_ID`, `feedback_details_ID`) VALUES (449, 16, 3, 7);
INSERT INTO `ModulerDatabase`.`Feedback_Set` (`feedback_set_ID`, `feedback_activity_ID`, `feedback_type_ID`, `feedback_details_ID`) VALUES (450, 17, 3, 6);
INSERT INTO `ModulerDatabase`.`Feedback_Set` (`feedback_set_ID`, `feedback_activity_ID`, `feedback_type_ID`, `feedback_details_ID`) VALUES (451, 18, 3, 5);
INSERT INTO `ModulerDatabase`.`Feedback_Set` (`feedback_set_ID`, `feedback_activity_ID`, `feedback_type_ID`, `feedback_details_ID`) VALUES (452, 19, 3, 4);
INSERT INTO `ModulerDatabase`.`Feedback_Set` (`feedback_set_ID`, `feedback_activity_ID`, `feedback_type_ID`, `feedback_details_ID`) VALUES (453, 20, 3, 5);
INSERT INTO `ModulerDatabase`.`Feedback_Set` (`feedback_set_ID`, `feedback_activity_ID`, `feedback_type_ID`, `feedback_details_ID`) VALUES (454, 21, 3, 10);
INSERT INTO `ModulerDatabase`.`Feedback_Set` (`feedback_set_ID`, `feedback_activity_ID`, `feedback_type_ID`, `feedback_details_ID`) VALUES (455, 22, 3, 1);
INSERT INTO `ModulerDatabase`.`Feedback_Set` (`feedback_set_ID`, `feedback_activity_ID`, `feedback_type_ID`, `feedback_details_ID`) VALUES (456, 23, 3, 10);
INSERT INTO `ModulerDatabase`.`Feedback_Set` (`feedback_set_ID`, `feedback_activity_ID`, `feedback_type_ID`, `feedback_details_ID`) VALUES (457, 24, 3, 3);
INSERT INTO `ModulerDatabase`.`Feedback_Set` (`feedback_set_ID`, `feedback_activity_ID`, `feedback_type_ID`, `feedback_details_ID`) VALUES (458, 25, 3, 4);
INSERT INTO `ModulerDatabase`.`Feedback_Set` (`feedback_set_ID`, `feedback_activity_ID`, `feedback_type_ID`, `feedback_details_ID`) VALUES (459, 26, 3, 7);
INSERT INTO `ModulerDatabase`.`Feedback_Set` (`feedback_set_ID`, `feedback_activity_ID`, `feedback_type_ID`, `feedback_details_ID`) VALUES (460, 27, 3, 10);
INSERT INTO `ModulerDatabase`.`Feedback_Set` (`feedback_set_ID`, `feedback_activity_ID`, `feedback_type_ID`, `feedback_details_ID`) VALUES (461, 28, 3, 1);
INSERT INTO `ModulerDatabase`.`Feedback_Set` (`feedback_set_ID`, `feedback_activity_ID`, `feedback_type_ID`, `feedback_details_ID`) VALUES (462, 29, 3, 10);
INSERT INTO `ModulerDatabase`.`Feedback_Set` (`feedback_set_ID`, `feedback_activity_ID`, `feedback_type_ID`, `feedback_details_ID`) VALUES (463, 30, 3, 5);
INSERT INTO `ModulerDatabase`.`Feedback_Set` (`feedback_set_ID`, `feedback_activity_ID`, `feedback_type_ID`, `feedback_details_ID`) VALUES (464, 31, 3, 10);
INSERT INTO `ModulerDatabase`.`Feedback_Set` (`feedback_set_ID`, `feedback_activity_ID`, `feedback_type_ID`, `feedback_details_ID`) VALUES (465, 32, 3, 10);
INSERT INTO `ModulerDatabase`.`Feedback_Set` (`feedback_set_ID`, `feedback_activity_ID`, `feedback_type_ID`, `feedback_details_ID`) VALUES (466, 33, 3, 9);
INSERT INTO `ModulerDatabase`.`Feedback_Set` (`feedback_set_ID`, `feedback_activity_ID`, `feedback_type_ID`, `feedback_details_ID`) VALUES (467, 34, 3, 6);
INSERT INTO `ModulerDatabase`.`Feedback_Set` (`feedback_set_ID`, `feedback_activity_ID`, `feedback_type_ID`, `feedback_details_ID`) VALUES (468, 35, 3, 4);
INSERT INTO `ModulerDatabase`.`Feedback_Set` (`feedback_set_ID`, `feedback_activity_ID`, `feedback_type_ID`, `feedback_details_ID`) VALUES (469, 36, 3, 4);
INSERT INTO `ModulerDatabase`.`Feedback_Set` (`feedback_set_ID`, `feedback_activity_ID`, `feedback_type_ID`, `feedback_details_ID`) VALUES (470, 37, 3, 6);
INSERT INTO `ModulerDatabase`.`Feedback_Set` (`feedback_set_ID`, `feedback_activity_ID`, `feedback_type_ID`, `feedback_details_ID`) VALUES (471, 38, 3, 4);
INSERT INTO `ModulerDatabase`.`Feedback_Set` (`feedback_set_ID`, `feedback_activity_ID`, `feedback_type_ID`, `feedback_details_ID`) VALUES (472, 39, 3, 5);
INSERT INTO `ModulerDatabase`.`Feedback_Set` (`feedback_set_ID`, `feedback_activity_ID`, `feedback_type_ID`, `feedback_details_ID`) VALUES (473, 40, 3, 5);
INSERT INTO `ModulerDatabase`.`Feedback_Set` (`feedback_set_ID`, `feedback_activity_ID`, `feedback_type_ID`, `feedback_details_ID`) VALUES (474, 41, 3, 7);
INSERT INTO `ModulerDatabase`.`Feedback_Set` (`feedback_set_ID`, `feedback_activity_ID`, `feedback_type_ID`, `feedback_details_ID`) VALUES (475, 42, 3, 1);
INSERT INTO `ModulerDatabase`.`Feedback_Set` (`feedback_set_ID`, `feedback_activity_ID`, `feedback_type_ID`, `feedback_details_ID`) VALUES (476, 43, 3, 6);

COMMIT;


-- -----------------------------------------------------
-- Data for table `ModulerDatabase`.`Feedback`
-- -----------------------------------------------------
START TRANSACTION;
USE `ModulerDatabase`;
INSERT INTO `ModulerDatabase`.`Feedback` (`feedback_ID`, `feedback_set_ID`, `feedback_score`) VALUES (1, 1, 5);
INSERT INTO `ModulerDatabase`.`Feedback` (`feedback_ID`, `feedback_set_ID`, `feedback_score`) VALUES (2, 2, 1);
INSERT INTO `ModulerDatabase`.`Feedback` (`feedback_ID`, `feedback_set_ID`, `feedback_score`) VALUES (3, 3, 3);
INSERT INTO `ModulerDatabase`.`Feedback` (`feedback_ID`, `feedback_set_ID`, `feedback_score`) VALUES (4, 4, 5);
INSERT INTO `ModulerDatabase`.`Feedback` (`feedback_ID`, `feedback_set_ID`, `feedback_score`) VALUES (5, 5, 2);
INSERT INTO `ModulerDatabase`.`Feedback` (`feedback_ID`, `feedback_set_ID`, `feedback_score`) VALUES (6, 6, 5);
INSERT INTO `ModulerDatabase`.`Feedback` (`feedback_ID`, `feedback_set_ID`, `feedback_score`) VALUES (7, 7, 5);
INSERT INTO `ModulerDatabase`.`Feedback` (`feedback_ID`, `feedback_set_ID`, `feedback_score`) VALUES (8, 8, 2);
INSERT INTO `ModulerDatabase`.`Feedback` (`feedback_ID`, `feedback_set_ID`, `feedback_score`) VALUES (9, 9, 2);
INSERT INTO `ModulerDatabase`.`Feedback` (`feedback_ID`, `feedback_set_ID`, `feedback_score`) VALUES (10, 10, 3);
INSERT INTO `ModulerDatabase`.`Feedback` (`feedback_ID`, `feedback_set_ID`, `feedback_score`) VALUES (11, 11, 1);
INSERT INTO `ModulerDatabase`.`Feedback` (`feedback_ID`, `feedback_set_ID`, `feedback_score`) VALUES (12, 12, 5);
INSERT INTO `ModulerDatabase`.`Feedback` (`feedback_ID`, `feedback_set_ID`, `feedback_score`) VALUES (13, 13, 3);
INSERT INTO `ModulerDatabase`.`Feedback` (`feedback_ID`, `feedback_set_ID`, `feedback_score`) VALUES (14, 14, 3);
INSERT INTO `ModulerDatabase`.`Feedback` (`feedback_ID`, `feedback_set_ID`, `feedback_score`) VALUES (15, 15, 2);
INSERT INTO `ModulerDatabase`.`Feedback` (`feedback_ID`, `feedback_set_ID`, `feedback_score`) VALUES (16, 16, 3);
INSERT INTO `ModulerDatabase`.`Feedback` (`feedback_ID`, `feedback_set_ID`, `feedback_score`) VALUES (17, 17, 3);
INSERT INTO `ModulerDatabase`.`Feedback` (`feedback_ID`, `feedback_set_ID`, `feedback_score`) VALUES (18, 18, 4);
INSERT INTO `ModulerDatabase`.`Feedback` (`feedback_ID`, `feedback_set_ID`, `feedback_score`) VALUES (19, 19, 5);
INSERT INTO `ModulerDatabase`.`Feedback` (`feedback_ID`, `feedback_set_ID`, `feedback_score`) VALUES (20, 20, 4);
INSERT INTO `ModulerDatabase`.`Feedback` (`feedback_ID`, `feedback_set_ID`, `feedback_score`) VALUES (21, 21, 3);
INSERT INTO `ModulerDatabase`.`Feedback` (`feedback_ID`, `feedback_set_ID`, `feedback_score`) VALUES (22, 22, 5);
INSERT INTO `ModulerDatabase`.`Feedback` (`feedback_ID`, `feedback_set_ID`, `feedback_score`) VALUES (23, 23, 2);
INSERT INTO `ModulerDatabase`.`Feedback` (`feedback_ID`, `feedback_set_ID`, `feedback_score`) VALUES (24, 24, 2);
INSERT INTO `ModulerDatabase`.`Feedback` (`feedback_ID`, `feedback_set_ID`, `feedback_score`) VALUES (25, 25, 4);
INSERT INTO `ModulerDatabase`.`Feedback` (`feedback_ID`, `feedback_set_ID`, `feedback_score`) VALUES (26, 26, 5);
INSERT INTO `ModulerDatabase`.`Feedback` (`feedback_ID`, `feedback_set_ID`, `feedback_score`) VALUES (27, 27, 3);
INSERT INTO `ModulerDatabase`.`Feedback` (`feedback_ID`, `feedback_set_ID`, `feedback_score`) VALUES (28, 28, 4);
INSERT INTO `ModulerDatabase`.`Feedback` (`feedback_ID`, `feedback_set_ID`, `feedback_score`) VALUES (29, 29, 1);
INSERT INTO `ModulerDatabase`.`Feedback` (`feedback_ID`, `feedback_set_ID`, `feedback_score`) VALUES (30, 30, 1);
INSERT INTO `ModulerDatabase`.`Feedback` (`feedback_ID`, `feedback_set_ID`, `feedback_score`) VALUES (31, 31, 4);
INSERT INTO `ModulerDatabase`.`Feedback` (`feedback_ID`, `feedback_set_ID`, `feedback_score`) VALUES (32, 32, 1);
INSERT INTO `ModulerDatabase`.`Feedback` (`feedback_ID`, `feedback_set_ID`, `feedback_score`) VALUES (33, 33, 2);
INSERT INTO `ModulerDatabase`.`Feedback` (`feedback_ID`, `feedback_set_ID`, `feedback_score`) VALUES (34, 34, 3);
INSERT INTO `ModulerDatabase`.`Feedback` (`feedback_ID`, `feedback_set_ID`, `feedback_score`) VALUES (35, 35, 3);
INSERT INTO `ModulerDatabase`.`Feedback` (`feedback_ID`, `feedback_set_ID`, `feedback_score`) VALUES (36, 36, 5);
INSERT INTO `ModulerDatabase`.`Feedback` (`feedback_ID`, `feedback_set_ID`, `feedback_score`) VALUES (37, 37, 5);
INSERT INTO `ModulerDatabase`.`Feedback` (`feedback_ID`, `feedback_set_ID`, `feedback_score`) VALUES (38, 38, 2);
INSERT INTO `ModulerDatabase`.`Feedback` (`feedback_ID`, `feedback_set_ID`, `feedback_score`) VALUES (39, 39, 1);
INSERT INTO `ModulerDatabase`.`Feedback` (`feedback_ID`, `feedback_set_ID`, `feedback_score`) VALUES (40, 40, 2);
INSERT INTO `ModulerDatabase`.`Feedback` (`feedback_ID`, `feedback_set_ID`, `feedback_score`) VALUES (41, 41, 4);
INSERT INTO `ModulerDatabase`.`Feedback` (`feedback_ID`, `feedback_set_ID`, `feedback_score`) VALUES (42, 42, 4);
INSERT INTO `ModulerDatabase`.`Feedback` (`feedback_ID`, `feedback_set_ID`, `feedback_score`) VALUES (43, 43, 3);
INSERT INTO `ModulerDatabase`.`Feedback` (`feedback_ID`, `feedback_set_ID`, `feedback_score`) VALUES (44, 44, 4);
INSERT INTO `ModulerDatabase`.`Feedback` (`feedback_ID`, `feedback_set_ID`, `feedback_score`) VALUES (45, 45, 4);
INSERT INTO `ModulerDatabase`.`Feedback` (`feedback_ID`, `feedback_set_ID`, `feedback_score`) VALUES (46, 46, 5);
INSERT INTO `ModulerDatabase`.`Feedback` (`feedback_ID`, `feedback_set_ID`, `feedback_score`) VALUES (47, 47, 4);
INSERT INTO `ModulerDatabase`.`Feedback` (`feedback_ID`, `feedback_set_ID`, `feedback_score`) VALUES (48, 48, 2);
INSERT INTO `ModulerDatabase`.`Feedback` (`feedback_ID`, `feedback_set_ID`, `feedback_score`) VALUES (49, 49, 3);
INSERT INTO `ModulerDatabase`.`Feedback` (`feedback_ID`, `feedback_set_ID`, `feedback_score`) VALUES (50, 50, 4);
INSERT INTO `ModulerDatabase`.`Feedback` (`feedback_ID`, `feedback_set_ID`, `feedback_score`) VALUES (51, 51, 5);
INSERT INTO `ModulerDatabase`.`Feedback` (`feedback_ID`, `feedback_set_ID`, `feedback_score`) VALUES (52, 52, 5);
INSERT INTO `ModulerDatabase`.`Feedback` (`feedback_ID`, `feedback_set_ID`, `feedback_score`) VALUES (53, 53, 1);
INSERT INTO `ModulerDatabase`.`Feedback` (`feedback_ID`, `feedback_set_ID`, `feedback_score`) VALUES (54, 54, 1);
INSERT INTO `ModulerDatabase`.`Feedback` (`feedback_ID`, `feedback_set_ID`, `feedback_score`) VALUES (55, 55, 2);
INSERT INTO `ModulerDatabase`.`Feedback` (`feedback_ID`, `feedback_set_ID`, `feedback_score`) VALUES (56, 56, 3);
INSERT INTO `ModulerDatabase`.`Feedback` (`feedback_ID`, `feedback_set_ID`, `feedback_score`) VALUES (57, 57, 3);
INSERT INTO `ModulerDatabase`.`Feedback` (`feedback_ID`, `feedback_set_ID`, `feedback_score`) VALUES (58, 58, 1);
INSERT INTO `ModulerDatabase`.`Feedback` (`feedback_ID`, `feedback_set_ID`, `feedback_score`) VALUES (59, 59, 2);
INSERT INTO `ModulerDatabase`.`Feedback` (`feedback_ID`, `feedback_set_ID`, `feedback_score`) VALUES (60, 60, 5);
INSERT INTO `ModulerDatabase`.`Feedback` (`feedback_ID`, `feedback_set_ID`, `feedback_score`) VALUES (61, 61, 2);
INSERT INTO `ModulerDatabase`.`Feedback` (`feedback_ID`, `feedback_set_ID`, `feedback_score`) VALUES (62, 62, 1);
INSERT INTO `ModulerDatabase`.`Feedback` (`feedback_ID`, `feedback_set_ID`, `feedback_score`) VALUES (63, 63, 3);
INSERT INTO `ModulerDatabase`.`Feedback` (`feedback_ID`, `feedback_set_ID`, `feedback_score`) VALUES (64, 64, 5);
INSERT INTO `ModulerDatabase`.`Feedback` (`feedback_ID`, `feedback_set_ID`, `feedback_score`) VALUES (65, 65, 4);
INSERT INTO `ModulerDatabase`.`Feedback` (`feedback_ID`, `feedback_set_ID`, `feedback_score`) VALUES (66, 66, 3);
INSERT INTO `ModulerDatabase`.`Feedback` (`feedback_ID`, `feedback_set_ID`, `feedback_score`) VALUES (67, 67, 1);
INSERT INTO `ModulerDatabase`.`Feedback` (`feedback_ID`, `feedback_set_ID`, `feedback_score`) VALUES (68, 68, 3);
INSERT INTO `ModulerDatabase`.`Feedback` (`feedback_ID`, `feedback_set_ID`, `feedback_score`) VALUES (69, 69, 2);
INSERT INTO `ModulerDatabase`.`Feedback` (`feedback_ID`, `feedback_set_ID`, `feedback_score`) VALUES (70, 70, 1);
INSERT INTO `ModulerDatabase`.`Feedback` (`feedback_ID`, `feedback_set_ID`, `feedback_score`) VALUES (71, 71, 3);
INSERT INTO `ModulerDatabase`.`Feedback` (`feedback_ID`, `feedback_set_ID`, `feedback_score`) VALUES (72, 72, 3);
INSERT INTO `ModulerDatabase`.`Feedback` (`feedback_ID`, `feedback_set_ID`, `feedback_score`) VALUES (73, 73, 4);
INSERT INTO `ModulerDatabase`.`Feedback` (`feedback_ID`, `feedback_set_ID`, `feedback_score`) VALUES (74, 74, 4);
INSERT INTO `ModulerDatabase`.`Feedback` (`feedback_ID`, `feedback_set_ID`, `feedback_score`) VALUES (75, 75, 2);
INSERT INTO `ModulerDatabase`.`Feedback` (`feedback_ID`, `feedback_set_ID`, `feedback_score`) VALUES (76, 76, 4);
INSERT INTO `ModulerDatabase`.`Feedback` (`feedback_ID`, `feedback_set_ID`, `feedback_score`) VALUES (77, 77, 5);
INSERT INTO `ModulerDatabase`.`Feedback` (`feedback_ID`, `feedback_set_ID`, `feedback_score`) VALUES (78, 78, 1);
INSERT INTO `ModulerDatabase`.`Feedback` (`feedback_ID`, `feedback_set_ID`, `feedback_score`) VALUES (79, 79, 1);
INSERT INTO `ModulerDatabase`.`Feedback` (`feedback_ID`, `feedback_set_ID`, `feedback_score`) VALUES (80, 80, 5);
INSERT INTO `ModulerDatabase`.`Feedback` (`feedback_ID`, `feedback_set_ID`, `feedback_score`) VALUES (81, 81, 5);
INSERT INTO `ModulerDatabase`.`Feedback` (`feedback_ID`, `feedback_set_ID`, `feedback_score`) VALUES (82, 82, 2);
INSERT INTO `ModulerDatabase`.`Feedback` (`feedback_ID`, `feedback_set_ID`, `feedback_score`) VALUES (83, 83, 1);
INSERT INTO `ModulerDatabase`.`Feedback` (`feedback_ID`, `feedback_set_ID`, `feedback_score`) VALUES (84, 84, 1);
INSERT INTO `ModulerDatabase`.`Feedback` (`feedback_ID`, `feedback_set_ID`, `feedback_score`) VALUES (85, 85, 3);
INSERT INTO `ModulerDatabase`.`Feedback` (`feedback_ID`, `feedback_set_ID`, `feedback_score`) VALUES (86, 86, 5);
INSERT INTO `ModulerDatabase`.`Feedback` (`feedback_ID`, `feedback_set_ID`, `feedback_score`) VALUES (87, 87, 4);
INSERT INTO `ModulerDatabase`.`Feedback` (`feedback_ID`, `feedback_set_ID`, `feedback_score`) VALUES (88, 88, 5);
INSERT INTO `ModulerDatabase`.`Feedback` (`feedback_ID`, `feedback_set_ID`, `feedback_score`) VALUES (89, 89, 1);
INSERT INTO `ModulerDatabase`.`Feedback` (`feedback_ID`, `feedback_set_ID`, `feedback_score`) VALUES (90, 90, 3);
INSERT INTO `ModulerDatabase`.`Feedback` (`feedback_ID`, `feedback_set_ID`, `feedback_score`) VALUES (91, 91, 1);
INSERT INTO `ModulerDatabase`.`Feedback` (`feedback_ID`, `feedback_set_ID`, `feedback_score`) VALUES (92, 92, 2);
INSERT INTO `ModulerDatabase`.`Feedback` (`feedback_ID`, `feedback_set_ID`, `feedback_score`) VALUES (93, 93, 3);
INSERT INTO `ModulerDatabase`.`Feedback` (`feedback_ID`, `feedback_set_ID`, `feedback_score`) VALUES (94, 94, 4);
INSERT INTO `ModulerDatabase`.`Feedback` (`feedback_ID`, `feedback_set_ID`, `feedback_score`) VALUES (95, 95, 1);
INSERT INTO `ModulerDatabase`.`Feedback` (`feedback_ID`, `feedback_set_ID`, `feedback_score`) VALUES (96, 96, 1);
INSERT INTO `ModulerDatabase`.`Feedback` (`feedback_ID`, `feedback_set_ID`, `feedback_score`) VALUES (97, 97, 5);
INSERT INTO `ModulerDatabase`.`Feedback` (`feedback_ID`, `feedback_set_ID`, `feedback_score`) VALUES (98, 98, 1);
INSERT INTO `ModulerDatabase`.`Feedback` (`feedback_ID`, `feedback_set_ID`, `feedback_score`) VALUES (99, 99, 5);
INSERT INTO `ModulerDatabase`.`Feedback` (`feedback_ID`, `feedback_set_ID`, `feedback_score`) VALUES (100, 100, 1);
INSERT INTO `ModulerDatabase`.`Feedback` (`feedback_ID`, `feedback_set_ID`, `feedback_score`) VALUES (101, 101, 4);
INSERT INTO `ModulerDatabase`.`Feedback` (`feedback_ID`, `feedback_set_ID`, `feedback_score`) VALUES (102, 102, 5);
INSERT INTO `ModulerDatabase`.`Feedback` (`feedback_ID`, `feedback_set_ID`, `feedback_score`) VALUES (103, 103, 4);
INSERT INTO `ModulerDatabase`.`Feedback` (`feedback_ID`, `feedback_set_ID`, `feedback_score`) VALUES (104, 104, 5);
INSERT INTO `ModulerDatabase`.`Feedback` (`feedback_ID`, `feedback_set_ID`, `feedback_score`) VALUES (105, 105, 1);
INSERT INTO `ModulerDatabase`.`Feedback` (`feedback_ID`, `feedback_set_ID`, `feedback_score`) VALUES (106, 106, 2);
INSERT INTO `ModulerDatabase`.`Feedback` (`feedback_ID`, `feedback_set_ID`, `feedback_score`) VALUES (107, 107, 2);
INSERT INTO `ModulerDatabase`.`Feedback` (`feedback_ID`, `feedback_set_ID`, `feedback_score`) VALUES (108, 108, 4);
INSERT INTO `ModulerDatabase`.`Feedback` (`feedback_ID`, `feedback_set_ID`, `feedback_score`) VALUES (109, 109, 2);
INSERT INTO `ModulerDatabase`.`Feedback` (`feedback_ID`, `feedback_set_ID`, `feedback_score`) VALUES (110, 110, 5);
INSERT INTO `ModulerDatabase`.`Feedback` (`feedback_ID`, `feedback_set_ID`, `feedback_score`) VALUES (111, 111, 3);
INSERT INTO `ModulerDatabase`.`Feedback` (`feedback_ID`, `feedback_set_ID`, `feedback_score`) VALUES (112, 112, 4);
INSERT INTO `ModulerDatabase`.`Feedback` (`feedback_ID`, `feedback_set_ID`, `feedback_score`) VALUES (113, 113, 2);
INSERT INTO `ModulerDatabase`.`Feedback` (`feedback_ID`, `feedback_set_ID`, `feedback_score`) VALUES (114, 114, 1);
INSERT INTO `ModulerDatabase`.`Feedback` (`feedback_ID`, `feedback_set_ID`, `feedback_score`) VALUES (115, 115, 5);
INSERT INTO `ModulerDatabase`.`Feedback` (`feedback_ID`, `feedback_set_ID`, `feedback_score`) VALUES (116, 116, 5);
INSERT INTO `ModulerDatabase`.`Feedback` (`feedback_ID`, `feedback_set_ID`, `feedback_score`) VALUES (117, 117, 5);
INSERT INTO `ModulerDatabase`.`Feedback` (`feedback_ID`, `feedback_set_ID`, `feedback_score`) VALUES (118, 118, 2);
INSERT INTO `ModulerDatabase`.`Feedback` (`feedback_ID`, `feedback_set_ID`, `feedback_score`) VALUES (119, 119, 2);
INSERT INTO `ModulerDatabase`.`Feedback` (`feedback_ID`, `feedback_set_ID`, `feedback_score`) VALUES (120, 120, 5);
INSERT INTO `ModulerDatabase`.`Feedback` (`feedback_ID`, `feedback_set_ID`, `feedback_score`) VALUES (121, 121, 2);
INSERT INTO `ModulerDatabase`.`Feedback` (`feedback_ID`, `feedback_set_ID`, `feedback_score`) VALUES (122, 122, 5);
INSERT INTO `ModulerDatabase`.`Feedback` (`feedback_ID`, `feedback_set_ID`, `feedback_score`) VALUES (123, 123, 2);
INSERT INTO `ModulerDatabase`.`Feedback` (`feedback_ID`, `feedback_set_ID`, `feedback_score`) VALUES (124, 124, 3);
INSERT INTO `ModulerDatabase`.`Feedback` (`feedback_ID`, `feedback_set_ID`, `feedback_score`) VALUES (125, 125, 5);
INSERT INTO `ModulerDatabase`.`Feedback` (`feedback_ID`, `feedback_set_ID`, `feedback_score`) VALUES (126, 126, 2);
INSERT INTO `ModulerDatabase`.`Feedback` (`feedback_ID`, `feedback_set_ID`, `feedback_score`) VALUES (127, 127, 2);
INSERT INTO `ModulerDatabase`.`Feedback` (`feedback_ID`, `feedback_set_ID`, `feedback_score`) VALUES (128, 128, 4);
INSERT INTO `ModulerDatabase`.`Feedback` (`feedback_ID`, `feedback_set_ID`, `feedback_score`) VALUES (129, 129, 4);
INSERT INTO `ModulerDatabase`.`Feedback` (`feedback_ID`, `feedback_set_ID`, `feedback_score`) VALUES (130, 130, 1);
INSERT INTO `ModulerDatabase`.`Feedback` (`feedback_ID`, `feedback_set_ID`, `feedback_score`) VALUES (131, 131, 1);
INSERT INTO `ModulerDatabase`.`Feedback` (`feedback_ID`, `feedback_set_ID`, `feedback_score`) VALUES (132, 132, 4);
INSERT INTO `ModulerDatabase`.`Feedback` (`feedback_ID`, `feedback_set_ID`, `feedback_score`) VALUES (133, 133, 2);
INSERT INTO `ModulerDatabase`.`Feedback` (`feedback_ID`, `feedback_set_ID`, `feedback_score`) VALUES (134, 134, 2);
INSERT INTO `ModulerDatabase`.`Feedback` (`feedback_ID`, `feedback_set_ID`, `feedback_score`) VALUES (135, 135, 1);
INSERT INTO `ModulerDatabase`.`Feedback` (`feedback_ID`, `feedback_set_ID`, `feedback_score`) VALUES (136, 136, 5);
INSERT INTO `ModulerDatabase`.`Feedback` (`feedback_ID`, `feedback_set_ID`, `feedback_score`) VALUES (137, 137, 3);
INSERT INTO `ModulerDatabase`.`Feedback` (`feedback_ID`, `feedback_set_ID`, `feedback_score`) VALUES (138, 138, 4);
INSERT INTO `ModulerDatabase`.`Feedback` (`feedback_ID`, `feedback_set_ID`, `feedback_score`) VALUES (139, 139, 1);
INSERT INTO `ModulerDatabase`.`Feedback` (`feedback_ID`, `feedback_set_ID`, `feedback_score`) VALUES (140, 140, 4);
INSERT INTO `ModulerDatabase`.`Feedback` (`feedback_ID`, `feedback_set_ID`, `feedback_score`) VALUES (141, 141, 1);
INSERT INTO `ModulerDatabase`.`Feedback` (`feedback_ID`, `feedback_set_ID`, `feedback_score`) VALUES (142, 142, 2);
INSERT INTO `ModulerDatabase`.`Feedback` (`feedback_ID`, `feedback_set_ID`, `feedback_score`) VALUES (143, 143, 5);
INSERT INTO `ModulerDatabase`.`Feedback` (`feedback_ID`, `feedback_set_ID`, `feedback_score`) VALUES (144, 144, 3);
INSERT INTO `ModulerDatabase`.`Feedback` (`feedback_ID`, `feedback_set_ID`, `feedback_score`) VALUES (145, 145, 5);
INSERT INTO `ModulerDatabase`.`Feedback` (`feedback_ID`, `feedback_set_ID`, `feedback_score`) VALUES (146, 146, 3);
INSERT INTO `ModulerDatabase`.`Feedback` (`feedback_ID`, `feedback_set_ID`, `feedback_score`) VALUES (147, 147, 3);
INSERT INTO `ModulerDatabase`.`Feedback` (`feedback_ID`, `feedback_set_ID`, `feedback_score`) VALUES (148, 148, 4);
INSERT INTO `ModulerDatabase`.`Feedback` (`feedback_ID`, `feedback_set_ID`, `feedback_score`) VALUES (149, 149, 2);
INSERT INTO `ModulerDatabase`.`Feedback` (`feedback_ID`, `feedback_set_ID`, `feedback_score`) VALUES (150, 150, 3);
INSERT INTO `ModulerDatabase`.`Feedback` (`feedback_ID`, `feedback_set_ID`, `feedback_score`) VALUES (151, 151, 4);
INSERT INTO `ModulerDatabase`.`Feedback` (`feedback_ID`, `feedback_set_ID`, `feedback_score`) VALUES (152, 152, 4);
INSERT INTO `ModulerDatabase`.`Feedback` (`feedback_ID`, `feedback_set_ID`, `feedback_score`) VALUES (153, 153, 1);
INSERT INTO `ModulerDatabase`.`Feedback` (`feedback_ID`, `feedback_set_ID`, `feedback_score`) VALUES (154, 154, 3);
INSERT INTO `ModulerDatabase`.`Feedback` (`feedback_ID`, `feedback_set_ID`, `feedback_score`) VALUES (155, 155, 4);
INSERT INTO `ModulerDatabase`.`Feedback` (`feedback_ID`, `feedback_set_ID`, `feedback_score`) VALUES (156, 156, 5);
INSERT INTO `ModulerDatabase`.`Feedback` (`feedback_ID`, `feedback_set_ID`, `feedback_score`) VALUES (157, 157, 5);
INSERT INTO `ModulerDatabase`.`Feedback` (`feedback_ID`, `feedback_set_ID`, `feedback_score`) VALUES (158, 158, 3);
INSERT INTO `ModulerDatabase`.`Feedback` (`feedback_ID`, `feedback_set_ID`, `feedback_score`) VALUES (159, 159, 5);
INSERT INTO `ModulerDatabase`.`Feedback` (`feedback_ID`, `feedback_set_ID`, `feedback_score`) VALUES (160, 160, 1);
INSERT INTO `ModulerDatabase`.`Feedback` (`feedback_ID`, `feedback_set_ID`, `feedback_score`) VALUES (161, 161, 5);
INSERT INTO `ModulerDatabase`.`Feedback` (`feedback_ID`, `feedback_set_ID`, `feedback_score`) VALUES (162, 162, 5);
INSERT INTO `ModulerDatabase`.`Feedback` (`feedback_ID`, `feedback_set_ID`, `feedback_score`) VALUES (163, 163, 2);
INSERT INTO `ModulerDatabase`.`Feedback` (`feedback_ID`, `feedback_set_ID`, `feedback_score`) VALUES (164, 164, 3);
INSERT INTO `ModulerDatabase`.`Feedback` (`feedback_ID`, `feedback_set_ID`, `feedback_score`) VALUES (165, 165, 3);
INSERT INTO `ModulerDatabase`.`Feedback` (`feedback_ID`, `feedback_set_ID`, `feedback_score`) VALUES (166, 166, 4);
INSERT INTO `ModulerDatabase`.`Feedback` (`feedback_ID`, `feedback_set_ID`, `feedback_score`) VALUES (167, 167, 3);
INSERT INTO `ModulerDatabase`.`Feedback` (`feedback_ID`, `feedback_set_ID`, `feedback_score`) VALUES (168, 168, 3);
INSERT INTO `ModulerDatabase`.`Feedback` (`feedback_ID`, `feedback_set_ID`, `feedback_score`) VALUES (169, 169, 5);
INSERT INTO `ModulerDatabase`.`Feedback` (`feedback_ID`, `feedback_set_ID`, `feedback_score`) VALUES (170, 170, 5);
INSERT INTO `ModulerDatabase`.`Feedback` (`feedback_ID`, `feedback_set_ID`, `feedback_score`) VALUES (171, 171, 5);
INSERT INTO `ModulerDatabase`.`Feedback` (`feedback_ID`, `feedback_set_ID`, `feedback_score`) VALUES (172, 172, 5);
INSERT INTO `ModulerDatabase`.`Feedback` (`feedback_ID`, `feedback_set_ID`, `feedback_score`) VALUES (173, 173, 4);
INSERT INTO `ModulerDatabase`.`Feedback` (`feedback_ID`, `feedback_set_ID`, `feedback_score`) VALUES (174, 174, 5);
INSERT INTO `ModulerDatabase`.`Feedback` (`feedback_ID`, `feedback_set_ID`, `feedback_score`) VALUES (175, 175, 5);
INSERT INTO `ModulerDatabase`.`Feedback` (`feedback_ID`, `feedback_set_ID`, `feedback_score`) VALUES (176, 176, 4);
INSERT INTO `ModulerDatabase`.`Feedback` (`feedback_ID`, `feedback_set_ID`, `feedback_score`) VALUES (177, 177, 1);
INSERT INTO `ModulerDatabase`.`Feedback` (`feedback_ID`, `feedback_set_ID`, `feedback_score`) VALUES (178, 178, 1);
INSERT INTO `ModulerDatabase`.`Feedback` (`feedback_ID`, `feedback_set_ID`, `feedback_score`) VALUES (179, 179, 2);
INSERT INTO `ModulerDatabase`.`Feedback` (`feedback_ID`, `feedback_set_ID`, `feedback_score`) VALUES (180, 180, 5);
INSERT INTO `ModulerDatabase`.`Feedback` (`feedback_ID`, `feedback_set_ID`, `feedback_score`) VALUES (181, 181, 5);
INSERT INTO `ModulerDatabase`.`Feedback` (`feedback_ID`, `feedback_set_ID`, `feedback_score`) VALUES (182, 182, 2);
INSERT INTO `ModulerDatabase`.`Feedback` (`feedback_ID`, `feedback_set_ID`, `feedback_score`) VALUES (183, 183, 2);
INSERT INTO `ModulerDatabase`.`Feedback` (`feedback_ID`, `feedback_set_ID`, `feedback_score`) VALUES (184, 184, 4);
INSERT INTO `ModulerDatabase`.`Feedback` (`feedback_ID`, `feedback_set_ID`, `feedback_score`) VALUES (185, 185, 2);
INSERT INTO `ModulerDatabase`.`Feedback` (`feedback_ID`, `feedback_set_ID`, `feedback_score`) VALUES (186, 186, 5);
INSERT INTO `ModulerDatabase`.`Feedback` (`feedback_ID`, `feedback_set_ID`, `feedback_score`) VALUES (187, 187, 3);
INSERT INTO `ModulerDatabase`.`Feedback` (`feedback_ID`, `feedback_set_ID`, `feedback_score`) VALUES (188, 188, 5);
INSERT INTO `ModulerDatabase`.`Feedback` (`feedback_ID`, `feedback_set_ID`, `feedback_score`) VALUES (189, 189, 5);
INSERT INTO `ModulerDatabase`.`Feedback` (`feedback_ID`, `feedback_set_ID`, `feedback_score`) VALUES (190, 190, 3);
INSERT INTO `ModulerDatabase`.`Feedback` (`feedback_ID`, `feedback_set_ID`, `feedback_score`) VALUES (191, 191, 2);
INSERT INTO `ModulerDatabase`.`Feedback` (`feedback_ID`, `feedback_set_ID`, `feedback_score`) VALUES (192, 192, 1);
INSERT INTO `ModulerDatabase`.`Feedback` (`feedback_ID`, `feedback_set_ID`, `feedback_score`) VALUES (193, 193, 1);
INSERT INTO `ModulerDatabase`.`Feedback` (`feedback_ID`, `feedback_set_ID`, `feedback_score`) VALUES (194, 194, 5);
INSERT INTO `ModulerDatabase`.`Feedback` (`feedback_ID`, `feedback_set_ID`, `feedback_score`) VALUES (195, 195, 1);
INSERT INTO `ModulerDatabase`.`Feedback` (`feedback_ID`, `feedback_set_ID`, `feedback_score`) VALUES (196, 196, 5);
INSERT INTO `ModulerDatabase`.`Feedback` (`feedback_ID`, `feedback_set_ID`, `feedback_score`) VALUES (197, 197, 1);
INSERT INTO `ModulerDatabase`.`Feedback` (`feedback_ID`, `feedback_set_ID`, `feedback_score`) VALUES (198, 198, 4);
INSERT INTO `ModulerDatabase`.`Feedback` (`feedback_ID`, `feedback_set_ID`, `feedback_score`) VALUES (199, 199, 1);
INSERT INTO `ModulerDatabase`.`Feedback` (`feedback_ID`, `feedback_set_ID`, `feedback_score`) VALUES (200, 200, 5);
INSERT INTO `ModulerDatabase`.`Feedback` (`feedback_ID`, `feedback_set_ID`, `feedback_score`) VALUES (201, 201, 2);
INSERT INTO `ModulerDatabase`.`Feedback` (`feedback_ID`, `feedback_set_ID`, `feedback_score`) VALUES (202, 202, 1);
INSERT INTO `ModulerDatabase`.`Feedback` (`feedback_ID`, `feedback_set_ID`, `feedback_score`) VALUES (203, 203, 3);
INSERT INTO `ModulerDatabase`.`Feedback` (`feedback_ID`, `feedback_set_ID`, `feedback_score`) VALUES (204, 204, 5);
INSERT INTO `ModulerDatabase`.`Feedback` (`feedback_ID`, `feedback_set_ID`, `feedback_score`) VALUES (205, 205, 4);
INSERT INTO `ModulerDatabase`.`Feedback` (`feedback_ID`, `feedback_set_ID`, `feedback_score`) VALUES (206, 206, 3);
INSERT INTO `ModulerDatabase`.`Feedback` (`feedback_ID`, `feedback_set_ID`, `feedback_score`) VALUES (207, 207, 4);
INSERT INTO `ModulerDatabase`.`Feedback` (`feedback_ID`, `feedback_set_ID`, `feedback_score`) VALUES (208, 208, 1);
INSERT INTO `ModulerDatabase`.`Feedback` (`feedback_ID`, `feedback_set_ID`, `feedback_score`) VALUES (209, 209, 2);
INSERT INTO `ModulerDatabase`.`Feedback` (`feedback_ID`, `feedback_set_ID`, `feedback_score`) VALUES (210, 210, 2);
INSERT INTO `ModulerDatabase`.`Feedback` (`feedback_ID`, `feedback_set_ID`, `feedback_score`) VALUES (211, 211, 4);
INSERT INTO `ModulerDatabase`.`Feedback` (`feedback_ID`, `feedback_set_ID`, `feedback_score`) VALUES (212, 212, 5);
INSERT INTO `ModulerDatabase`.`Feedback` (`feedback_ID`, `feedback_set_ID`, `feedback_score`) VALUES (213, 213, 5);
INSERT INTO `ModulerDatabase`.`Feedback` (`feedback_ID`, `feedback_set_ID`, `feedback_score`) VALUES (214, 214, 1);
INSERT INTO `ModulerDatabase`.`Feedback` (`feedback_ID`, `feedback_set_ID`, `feedback_score`) VALUES (215, 215, 4);
INSERT INTO `ModulerDatabase`.`Feedback` (`feedback_ID`, `feedback_set_ID`, `feedback_score`) VALUES (216, 216, 2);
INSERT INTO `ModulerDatabase`.`Feedback` (`feedback_ID`, `feedback_set_ID`, `feedback_score`) VALUES (217, 217, 1);
INSERT INTO `ModulerDatabase`.`Feedback` (`feedback_ID`, `feedback_set_ID`, `feedback_score`) VALUES (218, 218, 1);
INSERT INTO `ModulerDatabase`.`Feedback` (`feedback_ID`, `feedback_set_ID`, `feedback_score`) VALUES (219, 219, 1);
INSERT INTO `ModulerDatabase`.`Feedback` (`feedback_ID`, `feedback_set_ID`, `feedback_score`) VALUES (220, 220, 1);
INSERT INTO `ModulerDatabase`.`Feedback` (`feedback_ID`, `feedback_set_ID`, `feedback_score`) VALUES (221, 221, 3);
INSERT INTO `ModulerDatabase`.`Feedback` (`feedback_ID`, `feedback_set_ID`, `feedback_score`) VALUES (222, 222, 4);
INSERT INTO `ModulerDatabase`.`Feedback` (`feedback_ID`, `feedback_set_ID`, `feedback_score`) VALUES (223, 223, 4);
INSERT INTO `ModulerDatabase`.`Feedback` (`feedback_ID`, `feedback_set_ID`, `feedback_score`) VALUES (224, 224, 5);
INSERT INTO `ModulerDatabase`.`Feedback` (`feedback_ID`, `feedback_set_ID`, `feedback_score`) VALUES (225, 225, 3);
INSERT INTO `ModulerDatabase`.`Feedback` (`feedback_ID`, `feedback_set_ID`, `feedback_score`) VALUES (226, 226, 3);
INSERT INTO `ModulerDatabase`.`Feedback` (`feedback_ID`, `feedback_set_ID`, `feedback_score`) VALUES (227, 227, 4);
INSERT INTO `ModulerDatabase`.`Feedback` (`feedback_ID`, `feedback_set_ID`, `feedback_score`) VALUES (228, 228, 4);
INSERT INTO `ModulerDatabase`.`Feedback` (`feedback_ID`, `feedback_set_ID`, `feedback_score`) VALUES (229, 229, 3);
INSERT INTO `ModulerDatabase`.`Feedback` (`feedback_ID`, `feedback_set_ID`, `feedback_score`) VALUES (230, 230, 1);
INSERT INTO `ModulerDatabase`.`Feedback` (`feedback_ID`, `feedback_set_ID`, `feedback_score`) VALUES (231, 231, 3);
INSERT INTO `ModulerDatabase`.`Feedback` (`feedback_ID`, `feedback_set_ID`, `feedback_score`) VALUES (232, 232, 5);
INSERT INTO `ModulerDatabase`.`Feedback` (`feedback_ID`, `feedback_set_ID`, `feedback_score`) VALUES (233, 233, 2);
INSERT INTO `ModulerDatabase`.`Feedback` (`feedback_ID`, `feedback_set_ID`, `feedback_score`) VALUES (234, 234, 3);
INSERT INTO `ModulerDatabase`.`Feedback` (`feedback_ID`, `feedback_set_ID`, `feedback_score`) VALUES (235, 235, 4);
INSERT INTO `ModulerDatabase`.`Feedback` (`feedback_ID`, `feedback_set_ID`, `feedback_score`) VALUES (236, 236, 3);
INSERT INTO `ModulerDatabase`.`Feedback` (`feedback_ID`, `feedback_set_ID`, `feedback_score`) VALUES (237, 237, 3);
INSERT INTO `ModulerDatabase`.`Feedback` (`feedback_ID`, `feedback_set_ID`, `feedback_score`) VALUES (238, 238, 4);
INSERT INTO `ModulerDatabase`.`Feedback` (`feedback_ID`, `feedback_set_ID`, `feedback_score`) VALUES (239, 239, 2);
INSERT INTO `ModulerDatabase`.`Feedback` (`feedback_ID`, `feedback_set_ID`, `feedback_score`) VALUES (240, 240, 2);
INSERT INTO `ModulerDatabase`.`Feedback` (`feedback_ID`, `feedback_set_ID`, `feedback_score`) VALUES (241, 241, 3);
INSERT INTO `ModulerDatabase`.`Feedback` (`feedback_ID`, `feedback_set_ID`, `feedback_score`) VALUES (242, 242, 4);
INSERT INTO `ModulerDatabase`.`Feedback` (`feedback_ID`, `feedback_set_ID`, `feedback_score`) VALUES (243, 243, 4);
INSERT INTO `ModulerDatabase`.`Feedback` (`feedback_ID`, `feedback_set_ID`, `feedback_score`) VALUES (244, 244, 2);
INSERT INTO `ModulerDatabase`.`Feedback` (`feedback_ID`, `feedback_set_ID`, `feedback_score`) VALUES (245, 245, 5);
INSERT INTO `ModulerDatabase`.`Feedback` (`feedback_ID`, `feedback_set_ID`, `feedback_score`) VALUES (246, 246, 1);
INSERT INTO `ModulerDatabase`.`Feedback` (`feedback_ID`, `feedback_set_ID`, `feedback_score`) VALUES (247, 247, 1);
INSERT INTO `ModulerDatabase`.`Feedback` (`feedback_ID`, `feedback_set_ID`, `feedback_score`) VALUES (248, 248, 3);
INSERT INTO `ModulerDatabase`.`Feedback` (`feedback_ID`, `feedback_set_ID`, `feedback_score`) VALUES (249, 249, 2);
INSERT INTO `ModulerDatabase`.`Feedback` (`feedback_ID`, `feedback_set_ID`, `feedback_score`) VALUES (250, 250, 2);
INSERT INTO `ModulerDatabase`.`Feedback` (`feedback_ID`, `feedback_set_ID`, `feedback_score`) VALUES (251, 251, 5);
INSERT INTO `ModulerDatabase`.`Feedback` (`feedback_ID`, `feedback_set_ID`, `feedback_score`) VALUES (252, 252, 3);
INSERT INTO `ModulerDatabase`.`Feedback` (`feedback_ID`, `feedback_set_ID`, `feedback_score`) VALUES (253, 253, 3);
INSERT INTO `ModulerDatabase`.`Feedback` (`feedback_ID`, `feedback_set_ID`, `feedback_score`) VALUES (254, 254, 1);
INSERT INTO `ModulerDatabase`.`Feedback` (`feedback_ID`, `feedback_set_ID`, `feedback_score`) VALUES (255, 255, 4);
INSERT INTO `ModulerDatabase`.`Feedback` (`feedback_ID`, `feedback_set_ID`, `feedback_score`) VALUES (256, 256, 3);
INSERT INTO `ModulerDatabase`.`Feedback` (`feedback_ID`, `feedback_set_ID`, `feedback_score`) VALUES (257, 257, 4);
INSERT INTO `ModulerDatabase`.`Feedback` (`feedback_ID`, `feedback_set_ID`, `feedback_score`) VALUES (258, 258, 1);
INSERT INTO `ModulerDatabase`.`Feedback` (`feedback_ID`, `feedback_set_ID`, `feedback_score`) VALUES (259, 259, 2);
INSERT INTO `ModulerDatabase`.`Feedback` (`feedback_ID`, `feedback_set_ID`, `feedback_score`) VALUES (260, 260, 5);
INSERT INTO `ModulerDatabase`.`Feedback` (`feedback_ID`, `feedback_set_ID`, `feedback_score`) VALUES (261, 261, 3);
INSERT INTO `ModulerDatabase`.`Feedback` (`feedback_ID`, `feedback_set_ID`, `feedback_score`) VALUES (262, 262, 5);
INSERT INTO `ModulerDatabase`.`Feedback` (`feedback_ID`, `feedback_set_ID`, `feedback_score`) VALUES (263, 263, 3);
INSERT INTO `ModulerDatabase`.`Feedback` (`feedback_ID`, `feedback_set_ID`, `feedback_score`) VALUES (264, 264, 3);
INSERT INTO `ModulerDatabase`.`Feedback` (`feedback_ID`, `feedback_set_ID`, `feedback_score`) VALUES (265, 265, 2);
INSERT INTO `ModulerDatabase`.`Feedback` (`feedback_ID`, `feedback_set_ID`, `feedback_score`) VALUES (266, 266, 5);
INSERT INTO `ModulerDatabase`.`Feedback` (`feedback_ID`, `feedback_set_ID`, `feedback_score`) VALUES (267, 267, 3);
INSERT INTO `ModulerDatabase`.`Feedback` (`feedback_ID`, `feedback_set_ID`, `feedback_score`) VALUES (268, 268, 2);
INSERT INTO `ModulerDatabase`.`Feedback` (`feedback_ID`, `feedback_set_ID`, `feedback_score`) VALUES (269, 269, 5);
INSERT INTO `ModulerDatabase`.`Feedback` (`feedback_ID`, `feedback_set_ID`, `feedback_score`) VALUES (270, 270, 3);
INSERT INTO `ModulerDatabase`.`Feedback` (`feedback_ID`, `feedback_set_ID`, `feedback_score`) VALUES (271, 271, 4);
INSERT INTO `ModulerDatabase`.`Feedback` (`feedback_ID`, `feedback_set_ID`, `feedback_score`) VALUES (272, 272, 3);
INSERT INTO `ModulerDatabase`.`Feedback` (`feedback_ID`, `feedback_set_ID`, `feedback_score`) VALUES (273, 273, 4);
INSERT INTO `ModulerDatabase`.`Feedback` (`feedback_ID`, `feedback_set_ID`, `feedback_score`) VALUES (274, 274, 3);
INSERT INTO `ModulerDatabase`.`Feedback` (`feedback_ID`, `feedback_set_ID`, `feedback_score`) VALUES (275, 275, 1);
INSERT INTO `ModulerDatabase`.`Feedback` (`feedback_ID`, `feedback_set_ID`, `feedback_score`) VALUES (276, 276, 2);
INSERT INTO `ModulerDatabase`.`Feedback` (`feedback_ID`, `feedback_set_ID`, `feedback_score`) VALUES (277, 277, 3);
INSERT INTO `ModulerDatabase`.`Feedback` (`feedback_ID`, `feedback_set_ID`, `feedback_score`) VALUES (278, 278, 5);
INSERT INTO `ModulerDatabase`.`Feedback` (`feedback_ID`, `feedback_set_ID`, `feedback_score`) VALUES (279, 279, 1);
INSERT INTO `ModulerDatabase`.`Feedback` (`feedback_ID`, `feedback_set_ID`, `feedback_score`) VALUES (280, 280, 1);
INSERT INTO `ModulerDatabase`.`Feedback` (`feedback_ID`, `feedback_set_ID`, `feedback_score`) VALUES (281, 281, 4);
INSERT INTO `ModulerDatabase`.`Feedback` (`feedback_ID`, `feedback_set_ID`, `feedback_score`) VALUES (282, 282, 3);
INSERT INTO `ModulerDatabase`.`Feedback` (`feedback_ID`, `feedback_set_ID`, `feedback_score`) VALUES (283, 283, 2);
INSERT INTO `ModulerDatabase`.`Feedback` (`feedback_ID`, `feedback_set_ID`, `feedback_score`) VALUES (284, 284, 5);
INSERT INTO `ModulerDatabase`.`Feedback` (`feedback_ID`, `feedback_set_ID`, `feedback_score`) VALUES (285, 285, 3);
INSERT INTO `ModulerDatabase`.`Feedback` (`feedback_ID`, `feedback_set_ID`, `feedback_score`) VALUES (286, 286, 2);
INSERT INTO `ModulerDatabase`.`Feedback` (`feedback_ID`, `feedback_set_ID`, `feedback_score`) VALUES (287, 287, 4);
INSERT INTO `ModulerDatabase`.`Feedback` (`feedback_ID`, `feedback_set_ID`, `feedback_score`) VALUES (288, 288, 5);
INSERT INTO `ModulerDatabase`.`Feedback` (`feedback_ID`, `feedback_set_ID`, `feedback_score`) VALUES (289, 289, 1);
INSERT INTO `ModulerDatabase`.`Feedback` (`feedback_ID`, `feedback_set_ID`, `feedback_score`) VALUES (290, 290, 5);
INSERT INTO `ModulerDatabase`.`Feedback` (`feedback_ID`, `feedback_set_ID`, `feedback_score`) VALUES (291, 291, 3);
INSERT INTO `ModulerDatabase`.`Feedback` (`feedback_ID`, `feedback_set_ID`, `feedback_score`) VALUES (292, 292, 1);
INSERT INTO `ModulerDatabase`.`Feedback` (`feedback_ID`, `feedback_set_ID`, `feedback_score`) VALUES (293, 293, 5);
INSERT INTO `ModulerDatabase`.`Feedback` (`feedback_ID`, `feedback_set_ID`, `feedback_score`) VALUES (294, 294, 3);
INSERT INTO `ModulerDatabase`.`Feedback` (`feedback_ID`, `feedback_set_ID`, `feedback_score`) VALUES (295, 295, 5);
INSERT INTO `ModulerDatabase`.`Feedback` (`feedback_ID`, `feedback_set_ID`, `feedback_score`) VALUES (296, 296, 5);
INSERT INTO `ModulerDatabase`.`Feedback` (`feedback_ID`, `feedback_set_ID`, `feedback_score`) VALUES (297, 297, 3);
INSERT INTO `ModulerDatabase`.`Feedback` (`feedback_ID`, `feedback_set_ID`, `feedback_score`) VALUES (298, 298, 1);
INSERT INTO `ModulerDatabase`.`Feedback` (`feedback_ID`, `feedback_set_ID`, `feedback_score`) VALUES (299, 299, 3);
INSERT INTO `ModulerDatabase`.`Feedback` (`feedback_ID`, `feedback_set_ID`, `feedback_score`) VALUES (300, 300, 3);
INSERT INTO `ModulerDatabase`.`Feedback` (`feedback_ID`, `feedback_set_ID`, `feedback_score`) VALUES (301, 301, 2);
INSERT INTO `ModulerDatabase`.`Feedback` (`feedback_ID`, `feedback_set_ID`, `feedback_score`) VALUES (302, 302, 5);
INSERT INTO `ModulerDatabase`.`Feedback` (`feedback_ID`, `feedback_set_ID`, `feedback_score`) VALUES (303, 303, 5);
INSERT INTO `ModulerDatabase`.`Feedback` (`feedback_ID`, `feedback_set_ID`, `feedback_score`) VALUES (304, 304, 1);
INSERT INTO `ModulerDatabase`.`Feedback` (`feedback_ID`, `feedback_set_ID`, `feedback_score`) VALUES (305, 305, 3);
INSERT INTO `ModulerDatabase`.`Feedback` (`feedback_ID`, `feedback_set_ID`, `feedback_score`) VALUES (306, 306, 3);
INSERT INTO `ModulerDatabase`.`Feedback` (`feedback_ID`, `feedback_set_ID`, `feedback_score`) VALUES (307, 307, 2);
INSERT INTO `ModulerDatabase`.`Feedback` (`feedback_ID`, `feedback_set_ID`, `feedback_score`) VALUES (308, 308, 5);
INSERT INTO `ModulerDatabase`.`Feedback` (`feedback_ID`, `feedback_set_ID`, `feedback_score`) VALUES (309, 309, 5);
INSERT INTO `ModulerDatabase`.`Feedback` (`feedback_ID`, `feedback_set_ID`, `feedback_score`) VALUES (310, 310, 4);
INSERT INTO `ModulerDatabase`.`Feedback` (`feedback_ID`, `feedback_set_ID`, `feedback_score`) VALUES (311, 311, 5);
INSERT INTO `ModulerDatabase`.`Feedback` (`feedback_ID`, `feedback_set_ID`, `feedback_score`) VALUES (312, 312, 1);
INSERT INTO `ModulerDatabase`.`Feedback` (`feedback_ID`, `feedback_set_ID`, `feedback_score`) VALUES (313, 313, 4);
INSERT INTO `ModulerDatabase`.`Feedback` (`feedback_ID`, `feedback_set_ID`, `feedback_score`) VALUES (314, 314, 2);
INSERT INTO `ModulerDatabase`.`Feedback` (`feedback_ID`, `feedback_set_ID`, `feedback_score`) VALUES (315, 315, 5);
INSERT INTO `ModulerDatabase`.`Feedback` (`feedback_ID`, `feedback_set_ID`, `feedback_score`) VALUES (316, 316, 3);
INSERT INTO `ModulerDatabase`.`Feedback` (`feedback_ID`, `feedback_set_ID`, `feedback_score`) VALUES (317, 317, 2);
INSERT INTO `ModulerDatabase`.`Feedback` (`feedback_ID`, `feedback_set_ID`, `feedback_score`) VALUES (318, 318, 5);
INSERT INTO `ModulerDatabase`.`Feedback` (`feedback_ID`, `feedback_set_ID`, `feedback_score`) VALUES (319, 319, 4);
INSERT INTO `ModulerDatabase`.`Feedback` (`feedback_ID`, `feedback_set_ID`, `feedback_score`) VALUES (320, 320, 3);
INSERT INTO `ModulerDatabase`.`Feedback` (`feedback_ID`, `feedback_set_ID`, `feedback_score`) VALUES (321, 321, 3);
INSERT INTO `ModulerDatabase`.`Feedback` (`feedback_ID`, `feedback_set_ID`, `feedback_score`) VALUES (322, 322, 2);
INSERT INTO `ModulerDatabase`.`Feedback` (`feedback_ID`, `feedback_set_ID`, `feedback_score`) VALUES (323, 323, 1);
INSERT INTO `ModulerDatabase`.`Feedback` (`feedback_ID`, `feedback_set_ID`, `feedback_score`) VALUES (324, 324, 1);
INSERT INTO `ModulerDatabase`.`Feedback` (`feedback_ID`, `feedback_set_ID`, `feedback_score`) VALUES (325, 325, 2);
INSERT INTO `ModulerDatabase`.`Feedback` (`feedback_ID`, `feedback_set_ID`, `feedback_score`) VALUES (326, 326, 5);
INSERT INTO `ModulerDatabase`.`Feedback` (`feedback_ID`, `feedback_set_ID`, `feedback_score`) VALUES (327, 327, 2);
INSERT INTO `ModulerDatabase`.`Feedback` (`feedback_ID`, `feedback_set_ID`, `feedback_score`) VALUES (328, 328, 4);
INSERT INTO `ModulerDatabase`.`Feedback` (`feedback_ID`, `feedback_set_ID`, `feedback_score`) VALUES (329, 329, 5);
INSERT INTO `ModulerDatabase`.`Feedback` (`feedback_ID`, `feedback_set_ID`, `feedback_score`) VALUES (330, 330, 1);
INSERT INTO `ModulerDatabase`.`Feedback` (`feedback_ID`, `feedback_set_ID`, `feedback_score`) VALUES (331, 331, 5);
INSERT INTO `ModulerDatabase`.`Feedback` (`feedback_ID`, `feedback_set_ID`, `feedback_score`) VALUES (332, 332, 4);
INSERT INTO `ModulerDatabase`.`Feedback` (`feedback_ID`, `feedback_set_ID`, `feedback_score`) VALUES (333, 333, 4);
INSERT INTO `ModulerDatabase`.`Feedback` (`feedback_ID`, `feedback_set_ID`, `feedback_score`) VALUES (334, 334, 3);
INSERT INTO `ModulerDatabase`.`Feedback` (`feedback_ID`, `feedback_set_ID`, `feedback_score`) VALUES (335, 335, 5);
INSERT INTO `ModulerDatabase`.`Feedback` (`feedback_ID`, `feedback_set_ID`, `feedback_score`) VALUES (336, 336, 3);
INSERT INTO `ModulerDatabase`.`Feedback` (`feedback_ID`, `feedback_set_ID`, `feedback_score`) VALUES (337, 337, 4);
INSERT INTO `ModulerDatabase`.`Feedback` (`feedback_ID`, `feedback_set_ID`, `feedback_score`) VALUES (338, 338, 1);
INSERT INTO `ModulerDatabase`.`Feedback` (`feedback_ID`, `feedback_set_ID`, `feedback_score`) VALUES (339, 339, 4);
INSERT INTO `ModulerDatabase`.`Feedback` (`feedback_ID`, `feedback_set_ID`, `feedback_score`) VALUES (340, 340, 2);
INSERT INTO `ModulerDatabase`.`Feedback` (`feedback_ID`, `feedback_set_ID`, `feedback_score`) VALUES (341, 341, 1);
INSERT INTO `ModulerDatabase`.`Feedback` (`feedback_ID`, `feedback_set_ID`, `feedback_score`) VALUES (342, 342, 4);
INSERT INTO `ModulerDatabase`.`Feedback` (`feedback_ID`, `feedback_set_ID`, `feedback_score`) VALUES (343, 343, 4);
INSERT INTO `ModulerDatabase`.`Feedback` (`feedback_ID`, `feedback_set_ID`, `feedback_score`) VALUES (344, 344, 5);
INSERT INTO `ModulerDatabase`.`Feedback` (`feedback_ID`, `feedback_set_ID`, `feedback_score`) VALUES (345, 345, 5);
INSERT INTO `ModulerDatabase`.`Feedback` (`feedback_ID`, `feedback_set_ID`, `feedback_score`) VALUES (346, 346, 2);
INSERT INTO `ModulerDatabase`.`Feedback` (`feedback_ID`, `feedback_set_ID`, `feedback_score`) VALUES (347, 347, 4);
INSERT INTO `ModulerDatabase`.`Feedback` (`feedback_ID`, `feedback_set_ID`, `feedback_score`) VALUES (348, 348, 4);
INSERT INTO `ModulerDatabase`.`Feedback` (`feedback_ID`, `feedback_set_ID`, `feedback_score`) VALUES (349, 349, 5);
INSERT INTO `ModulerDatabase`.`Feedback` (`feedback_ID`, `feedback_set_ID`, `feedback_score`) VALUES (350, 350, 5);
INSERT INTO `ModulerDatabase`.`Feedback` (`feedback_ID`, `feedback_set_ID`, `feedback_score`) VALUES (351, 351, 1);
INSERT INTO `ModulerDatabase`.`Feedback` (`feedback_ID`, `feedback_set_ID`, `feedback_score`) VALUES (352, 352, 2);
INSERT INTO `ModulerDatabase`.`Feedback` (`feedback_ID`, `feedback_set_ID`, `feedback_score`) VALUES (353, 353, 4);
INSERT INTO `ModulerDatabase`.`Feedback` (`feedback_ID`, `feedback_set_ID`, `feedback_score`) VALUES (354, 354, 5);
INSERT INTO `ModulerDatabase`.`Feedback` (`feedback_ID`, `feedback_set_ID`, `feedback_score`) VALUES (355, 355, 2);
INSERT INTO `ModulerDatabase`.`Feedback` (`feedback_ID`, `feedback_set_ID`, `feedback_score`) VALUES (356, 356, 1);
INSERT INTO `ModulerDatabase`.`Feedback` (`feedback_ID`, `feedback_set_ID`, `feedback_score`) VALUES (357, 357, 1);
INSERT INTO `ModulerDatabase`.`Feedback` (`feedback_ID`, `feedback_set_ID`, `feedback_score`) VALUES (358, 358, 2);
INSERT INTO `ModulerDatabase`.`Feedback` (`feedback_ID`, `feedback_set_ID`, `feedback_score`) VALUES (359, 359, 2);
INSERT INTO `ModulerDatabase`.`Feedback` (`feedback_ID`, `feedback_set_ID`, `feedback_score`) VALUES (360, 360, 1);
INSERT INTO `ModulerDatabase`.`Feedback` (`feedback_ID`, `feedback_set_ID`, `feedback_score`) VALUES (361, 361, 2);
INSERT INTO `ModulerDatabase`.`Feedback` (`feedback_ID`, `feedback_set_ID`, `feedback_score`) VALUES (362, 362, 2);
INSERT INTO `ModulerDatabase`.`Feedback` (`feedback_ID`, `feedback_set_ID`, `feedback_score`) VALUES (363, 363, 5);
INSERT INTO `ModulerDatabase`.`Feedback` (`feedback_ID`, `feedback_set_ID`, `feedback_score`) VALUES (364, 364, 2);
INSERT INTO `ModulerDatabase`.`Feedback` (`feedback_ID`, `feedback_set_ID`, `feedback_score`) VALUES (365, 365, 4);
INSERT INTO `ModulerDatabase`.`Feedback` (`feedback_ID`, `feedback_set_ID`, `feedback_score`) VALUES (366, 366, 5);
INSERT INTO `ModulerDatabase`.`Feedback` (`feedback_ID`, `feedback_set_ID`, `feedback_score`) VALUES (367, 367, 5);
INSERT INTO `ModulerDatabase`.`Feedback` (`feedback_ID`, `feedback_set_ID`, `feedback_score`) VALUES (368, 368, 5);
INSERT INTO `ModulerDatabase`.`Feedback` (`feedback_ID`, `feedback_set_ID`, `feedback_score`) VALUES (369, 369, 4);
INSERT INTO `ModulerDatabase`.`Feedback` (`feedback_ID`, `feedback_set_ID`, `feedback_score`) VALUES (370, 370, 5);
INSERT INTO `ModulerDatabase`.`Feedback` (`feedback_ID`, `feedback_set_ID`, `feedback_score`) VALUES (371, 371, 4);
INSERT INTO `ModulerDatabase`.`Feedback` (`feedback_ID`, `feedback_set_ID`, `feedback_score`) VALUES (372, 372, 3);
INSERT INTO `ModulerDatabase`.`Feedback` (`feedback_ID`, `feedback_set_ID`, `feedback_score`) VALUES (373, 373, 4);
INSERT INTO `ModulerDatabase`.`Feedback` (`feedback_ID`, `feedback_set_ID`, `feedback_score`) VALUES (374, 374, 5);
INSERT INTO `ModulerDatabase`.`Feedback` (`feedback_ID`, `feedback_set_ID`, `feedback_score`) VALUES (375, 375, 5);
INSERT INTO `ModulerDatabase`.`Feedback` (`feedback_ID`, `feedback_set_ID`, `feedback_score`) VALUES (376, 376, 3);
INSERT INTO `ModulerDatabase`.`Feedback` (`feedback_ID`, `feedback_set_ID`, `feedback_score`) VALUES (377, 377, 5);
INSERT INTO `ModulerDatabase`.`Feedback` (`feedback_ID`, `feedback_set_ID`, `feedback_score`) VALUES (378, 378, 2);
INSERT INTO `ModulerDatabase`.`Feedback` (`feedback_ID`, `feedback_set_ID`, `feedback_score`) VALUES (379, 379, 4);
INSERT INTO `ModulerDatabase`.`Feedback` (`feedback_ID`, `feedback_set_ID`, `feedback_score`) VALUES (380, 380, 3);
INSERT INTO `ModulerDatabase`.`Feedback` (`feedback_ID`, `feedback_set_ID`, `feedback_score`) VALUES (381, 381, 5);
INSERT INTO `ModulerDatabase`.`Feedback` (`feedback_ID`, `feedback_set_ID`, `feedback_score`) VALUES (382, 382, 4);
INSERT INTO `ModulerDatabase`.`Feedback` (`feedback_ID`, `feedback_set_ID`, `feedback_score`) VALUES (383, 383, 5);
INSERT INTO `ModulerDatabase`.`Feedback` (`feedback_ID`, `feedback_set_ID`, `feedback_score`) VALUES (384, 384, 3);
INSERT INTO `ModulerDatabase`.`Feedback` (`feedback_ID`, `feedback_set_ID`, `feedback_score`) VALUES (385, 385, 1);
INSERT INTO `ModulerDatabase`.`Feedback` (`feedback_ID`, `feedback_set_ID`, `feedback_score`) VALUES (386, 386, 5);
INSERT INTO `ModulerDatabase`.`Feedback` (`feedback_ID`, `feedback_set_ID`, `feedback_score`) VALUES (387, 387, 3);
INSERT INTO `ModulerDatabase`.`Feedback` (`feedback_ID`, `feedback_set_ID`, `feedback_score`) VALUES (388, 388, 4);
INSERT INTO `ModulerDatabase`.`Feedback` (`feedback_ID`, `feedback_set_ID`, `feedback_score`) VALUES (389, 389, 3);
INSERT INTO `ModulerDatabase`.`Feedback` (`feedback_ID`, `feedback_set_ID`, `feedback_score`) VALUES (390, 390, 2);
INSERT INTO `ModulerDatabase`.`Feedback` (`feedback_ID`, `feedback_set_ID`, `feedback_score`) VALUES (391, 391, 4);
INSERT INTO `ModulerDatabase`.`Feedback` (`feedback_ID`, `feedback_set_ID`, `feedback_score`) VALUES (392, 392, 2);
INSERT INTO `ModulerDatabase`.`Feedback` (`feedback_ID`, `feedback_set_ID`, `feedback_score`) VALUES (393, 393, 3);
INSERT INTO `ModulerDatabase`.`Feedback` (`feedback_ID`, `feedback_set_ID`, `feedback_score`) VALUES (394, 394, 4);
INSERT INTO `ModulerDatabase`.`Feedback` (`feedback_ID`, `feedback_set_ID`, `feedback_score`) VALUES (395, 395, 2);
INSERT INTO `ModulerDatabase`.`Feedback` (`feedback_ID`, `feedback_set_ID`, `feedback_score`) VALUES (396, 396, 3);
INSERT INTO `ModulerDatabase`.`Feedback` (`feedback_ID`, `feedback_set_ID`, `feedback_score`) VALUES (397, 397, 3);
INSERT INTO `ModulerDatabase`.`Feedback` (`feedback_ID`, `feedback_set_ID`, `feedback_score`) VALUES (398, 398, 2);
INSERT INTO `ModulerDatabase`.`Feedback` (`feedback_ID`, `feedback_set_ID`, `feedback_score`) VALUES (399, 399, 1);
INSERT INTO `ModulerDatabase`.`Feedback` (`feedback_ID`, `feedback_set_ID`, `feedback_score`) VALUES (400, 400, 1);
INSERT INTO `ModulerDatabase`.`Feedback` (`feedback_ID`, `feedback_set_ID`, `feedback_score`) VALUES (401, 401, 3);
INSERT INTO `ModulerDatabase`.`Feedback` (`feedback_ID`, `feedback_set_ID`, `feedback_score`) VALUES (402, 402, 1);
INSERT INTO `ModulerDatabase`.`Feedback` (`feedback_ID`, `feedback_set_ID`, `feedback_score`) VALUES (403, 403, 1);
INSERT INTO `ModulerDatabase`.`Feedback` (`feedback_ID`, `feedback_set_ID`, `feedback_score`) VALUES (404, 404, 1);
INSERT INTO `ModulerDatabase`.`Feedback` (`feedback_ID`, `feedback_set_ID`, `feedback_score`) VALUES (405, 405, 4);
INSERT INTO `ModulerDatabase`.`Feedback` (`feedback_ID`, `feedback_set_ID`, `feedback_score`) VALUES (406, 406, 1);
INSERT INTO `ModulerDatabase`.`Feedback` (`feedback_ID`, `feedback_set_ID`, `feedback_score`) VALUES (407, 407, 5);
INSERT INTO `ModulerDatabase`.`Feedback` (`feedback_ID`, `feedback_set_ID`, `feedback_score`) VALUES (408, 408, 2);
INSERT INTO `ModulerDatabase`.`Feedback` (`feedback_ID`, `feedback_set_ID`, `feedback_score`) VALUES (409, 409, 3);
INSERT INTO `ModulerDatabase`.`Feedback` (`feedback_ID`, `feedback_set_ID`, `feedback_score`) VALUES (410, 410, 5);
INSERT INTO `ModulerDatabase`.`Feedback` (`feedback_ID`, `feedback_set_ID`, `feedback_score`) VALUES (411, 411, 4);
INSERT INTO `ModulerDatabase`.`Feedback` (`feedback_ID`, `feedback_set_ID`, `feedback_score`) VALUES (412, 412, 1);
INSERT INTO `ModulerDatabase`.`Feedback` (`feedback_ID`, `feedback_set_ID`, `feedback_score`) VALUES (413, 413, 3);
INSERT INTO `ModulerDatabase`.`Feedback` (`feedback_ID`, `feedback_set_ID`, `feedback_score`) VALUES (414, 414, 3);
INSERT INTO `ModulerDatabase`.`Feedback` (`feedback_ID`, `feedback_set_ID`, `feedback_score`) VALUES (415, 415, 1);
INSERT INTO `ModulerDatabase`.`Feedback` (`feedback_ID`, `feedback_set_ID`, `feedback_score`) VALUES (416, 416, 3);
INSERT INTO `ModulerDatabase`.`Feedback` (`feedback_ID`, `feedback_set_ID`, `feedback_score`) VALUES (417, 417, 1);
INSERT INTO `ModulerDatabase`.`Feedback` (`feedback_ID`, `feedback_set_ID`, `feedback_score`) VALUES (418, 418, 2);
INSERT INTO `ModulerDatabase`.`Feedback` (`feedback_ID`, `feedback_set_ID`, `feedback_score`) VALUES (419, 419, 2);
INSERT INTO `ModulerDatabase`.`Feedback` (`feedback_ID`, `feedback_set_ID`, `feedback_score`) VALUES (420, 420, 2);
INSERT INTO `ModulerDatabase`.`Feedback` (`feedback_ID`, `feedback_set_ID`, `feedback_score`) VALUES (421, 421, 2);
INSERT INTO `ModulerDatabase`.`Feedback` (`feedback_ID`, `feedback_set_ID`, `feedback_score`) VALUES (422, 422, 2);
INSERT INTO `ModulerDatabase`.`Feedback` (`feedback_ID`, `feedback_set_ID`, `feedback_score`) VALUES (423, 423, 1);
INSERT INTO `ModulerDatabase`.`Feedback` (`feedback_ID`, `feedback_set_ID`, `feedback_score`) VALUES (424, 424, 2);
INSERT INTO `ModulerDatabase`.`Feedback` (`feedback_ID`, `feedback_set_ID`, `feedback_score`) VALUES (425, 425, 1);
INSERT INTO `ModulerDatabase`.`Feedback` (`feedback_ID`, `feedback_set_ID`, `feedback_score`) VALUES (426, 426, 5);
INSERT INTO `ModulerDatabase`.`Feedback` (`feedback_ID`, `feedback_set_ID`, `feedback_score`) VALUES (427, 427, 1);
INSERT INTO `ModulerDatabase`.`Feedback` (`feedback_ID`, `feedback_set_ID`, `feedback_score`) VALUES (428, 428, 5);
INSERT INTO `ModulerDatabase`.`Feedback` (`feedback_ID`, `feedback_set_ID`, `feedback_score`) VALUES (429, 429, 5);
INSERT INTO `ModulerDatabase`.`Feedback` (`feedback_ID`, `feedback_set_ID`, `feedback_score`) VALUES (430, 430, 3);
INSERT INTO `ModulerDatabase`.`Feedback` (`feedback_ID`, `feedback_set_ID`, `feedback_score`) VALUES (431, 431, 4);
INSERT INTO `ModulerDatabase`.`Feedback` (`feedback_ID`, `feedback_set_ID`, `feedback_score`) VALUES (432, 432, 1);
INSERT INTO `ModulerDatabase`.`Feedback` (`feedback_ID`, `feedback_set_ID`, `feedback_score`) VALUES (433, 433, 4);
INSERT INTO `ModulerDatabase`.`Feedback` (`feedback_ID`, `feedback_set_ID`, `feedback_score`) VALUES (434, 434, 4);
INSERT INTO `ModulerDatabase`.`Feedback` (`feedback_ID`, `feedback_set_ID`, `feedback_score`) VALUES (435, 435, 4);
INSERT INTO `ModulerDatabase`.`Feedback` (`feedback_ID`, `feedback_set_ID`, `feedback_score`) VALUES (436, 436, 5);
INSERT INTO `ModulerDatabase`.`Feedback` (`feedback_ID`, `feedback_set_ID`, `feedback_score`) VALUES (437, 437, 2);
INSERT INTO `ModulerDatabase`.`Feedback` (`feedback_ID`, `feedback_set_ID`, `feedback_score`) VALUES (438, 438, 3);
INSERT INTO `ModulerDatabase`.`Feedback` (`feedback_ID`, `feedback_set_ID`, `feedback_score`) VALUES (439, 439, 3);
INSERT INTO `ModulerDatabase`.`Feedback` (`feedback_ID`, `feedback_set_ID`, `feedback_score`) VALUES (440, 440, 3);
INSERT INTO `ModulerDatabase`.`Feedback` (`feedback_ID`, `feedback_set_ID`, `feedback_score`) VALUES (441, 441, 3);
INSERT INTO `ModulerDatabase`.`Feedback` (`feedback_ID`, `feedback_set_ID`, `feedback_score`) VALUES (442, 442, 1);
INSERT INTO `ModulerDatabase`.`Feedback` (`feedback_ID`, `feedback_set_ID`, `feedback_score`) VALUES (443, 443, 2);
INSERT INTO `ModulerDatabase`.`Feedback` (`feedback_ID`, `feedback_set_ID`, `feedback_score`) VALUES (444, 444, 5);
INSERT INTO `ModulerDatabase`.`Feedback` (`feedback_ID`, `feedback_set_ID`, `feedback_score`) VALUES (445, 445, 4);
INSERT INTO `ModulerDatabase`.`Feedback` (`feedback_ID`, `feedback_set_ID`, `feedback_score`) VALUES (446, 446, 3);
INSERT INTO `ModulerDatabase`.`Feedback` (`feedback_ID`, `feedback_set_ID`, `feedback_score`) VALUES (447, 447, 2);
INSERT INTO `ModulerDatabase`.`Feedback` (`feedback_ID`, `feedback_set_ID`, `feedback_score`) VALUES (448, 448, 5);
INSERT INTO `ModulerDatabase`.`Feedback` (`feedback_ID`, `feedback_set_ID`, `feedback_score`) VALUES (449, 449, 2);
INSERT INTO `ModulerDatabase`.`Feedback` (`feedback_ID`, `feedback_set_ID`, `feedback_score`) VALUES (450, 450, 4);
INSERT INTO `ModulerDatabase`.`Feedback` (`feedback_ID`, `feedback_set_ID`, `feedback_score`) VALUES (451, 451, 3);
INSERT INTO `ModulerDatabase`.`Feedback` (`feedback_ID`, `feedback_set_ID`, `feedback_score`) VALUES (452, 452, 1);
INSERT INTO `ModulerDatabase`.`Feedback` (`feedback_ID`, `feedback_set_ID`, `feedback_score`) VALUES (453, 453, 5);
INSERT INTO `ModulerDatabase`.`Feedback` (`feedback_ID`, `feedback_set_ID`, `feedback_score`) VALUES (454, 454, 3);
INSERT INTO `ModulerDatabase`.`Feedback` (`feedback_ID`, `feedback_set_ID`, `feedback_score`) VALUES (455, 455, 1);
INSERT INTO `ModulerDatabase`.`Feedback` (`feedback_ID`, `feedback_set_ID`, `feedback_score`) VALUES (456, 456, 1);
INSERT INTO `ModulerDatabase`.`Feedback` (`feedback_ID`, `feedback_set_ID`, `feedback_score`) VALUES (457, 457, 3);
INSERT INTO `ModulerDatabase`.`Feedback` (`feedback_ID`, `feedback_set_ID`, `feedback_score`) VALUES (458, 458, 2);
INSERT INTO `ModulerDatabase`.`Feedback` (`feedback_ID`, `feedback_set_ID`, `feedback_score`) VALUES (459, 459, 5);
INSERT INTO `ModulerDatabase`.`Feedback` (`feedback_ID`, `feedback_set_ID`, `feedback_score`) VALUES (460, 460, 4);
INSERT INTO `ModulerDatabase`.`Feedback` (`feedback_ID`, `feedback_set_ID`, `feedback_score`) VALUES (461, 461, 5);
INSERT INTO `ModulerDatabase`.`Feedback` (`feedback_ID`, `feedback_set_ID`, `feedback_score`) VALUES (462, 462, 4);
INSERT INTO `ModulerDatabase`.`Feedback` (`feedback_ID`, `feedback_set_ID`, `feedback_score`) VALUES (463, 463, 2);
INSERT INTO `ModulerDatabase`.`Feedback` (`feedback_ID`, `feedback_set_ID`, `feedback_score`) VALUES (464, 464, 4);
INSERT INTO `ModulerDatabase`.`Feedback` (`feedback_ID`, `feedback_set_ID`, `feedback_score`) VALUES (465, 465, 5);
INSERT INTO `ModulerDatabase`.`Feedback` (`feedback_ID`, `feedback_set_ID`, `feedback_score`) VALUES (466, 466, 4);
INSERT INTO `ModulerDatabase`.`Feedback` (`feedback_ID`, `feedback_set_ID`, `feedback_score`) VALUES (467, 467, 1);
INSERT INTO `ModulerDatabase`.`Feedback` (`feedback_ID`, `feedback_set_ID`, `feedback_score`) VALUES (468, 468, 2);
INSERT INTO `ModulerDatabase`.`Feedback` (`feedback_ID`, `feedback_set_ID`, `feedback_score`) VALUES (469, 469, 3);
INSERT INTO `ModulerDatabase`.`Feedback` (`feedback_ID`, `feedback_set_ID`, `feedback_score`) VALUES (470, 470, 5);
INSERT INTO `ModulerDatabase`.`Feedback` (`feedback_ID`, `feedback_set_ID`, `feedback_score`) VALUES (471, 471, 3);
INSERT INTO `ModulerDatabase`.`Feedback` (`feedback_ID`, `feedback_set_ID`, `feedback_score`) VALUES (472, 472, 3);
INSERT INTO `ModulerDatabase`.`Feedback` (`feedback_ID`, `feedback_set_ID`, `feedback_score`) VALUES (473, 473, 3);
INSERT INTO `ModulerDatabase`.`Feedback` (`feedback_ID`, `feedback_set_ID`, `feedback_score`) VALUES (474, 474, 4);
INSERT INTO `ModulerDatabase`.`Feedback` (`feedback_ID`, `feedback_set_ID`, `feedback_score`) VALUES (475, 475, 5);
INSERT INTO `ModulerDatabase`.`Feedback` (`feedback_ID`, `feedback_set_ID`, `feedback_score`) VALUES (476, 476, 2);
INSERT INTO `ModulerDatabase`.`Feedback` (`feedback_ID`, `feedback_set_ID`, `feedback_score`) VALUES (477, 1, 2);
INSERT INTO `ModulerDatabase`.`Feedback` (`feedback_ID`, `feedback_set_ID`, `feedback_score`) VALUES (478, 2, 2);
INSERT INTO `ModulerDatabase`.`Feedback` (`feedback_ID`, `feedback_set_ID`, `feedback_score`) VALUES (479, 3, 2);
INSERT INTO `ModulerDatabase`.`Feedback` (`feedback_ID`, `feedback_set_ID`, `feedback_score`) VALUES (480, 4, 5);
INSERT INTO `ModulerDatabase`.`Feedback` (`feedback_ID`, `feedback_set_ID`, `feedback_score`) VALUES (481, 5, 1);
INSERT INTO `ModulerDatabase`.`Feedback` (`feedback_ID`, `feedback_set_ID`, `feedback_score`) VALUES (482, 6, 1);
INSERT INTO `ModulerDatabase`.`Feedback` (`feedback_ID`, `feedback_set_ID`, `feedback_score`) VALUES (483, 7, 4);
INSERT INTO `ModulerDatabase`.`Feedback` (`feedback_ID`, `feedback_set_ID`, `feedback_score`) VALUES (484, 8, 3);
INSERT INTO `ModulerDatabase`.`Feedback` (`feedback_ID`, `feedback_set_ID`, `feedback_score`) VALUES (485, 9, 1);
INSERT INTO `ModulerDatabase`.`Feedback` (`feedback_ID`, `feedback_set_ID`, `feedback_score`) VALUES (486, 10, 5);
INSERT INTO `ModulerDatabase`.`Feedback` (`feedback_ID`, `feedback_set_ID`, `feedback_score`) VALUES (487, 11, 3);
INSERT INTO `ModulerDatabase`.`Feedback` (`feedback_ID`, `feedback_set_ID`, `feedback_score`) VALUES (488, 12, 3);
INSERT INTO `ModulerDatabase`.`Feedback` (`feedback_ID`, `feedback_set_ID`, `feedback_score`) VALUES (489, 13, 4);
INSERT INTO `ModulerDatabase`.`Feedback` (`feedback_ID`, `feedback_set_ID`, `feedback_score`) VALUES (490, 14, 5);
INSERT INTO `ModulerDatabase`.`Feedback` (`feedback_ID`, `feedback_set_ID`, `feedback_score`) VALUES (491, 15, 2);
INSERT INTO `ModulerDatabase`.`Feedback` (`feedback_ID`, `feedback_set_ID`, `feedback_score`) VALUES (492, 16, 5);
INSERT INTO `ModulerDatabase`.`Feedback` (`feedback_ID`, `feedback_set_ID`, `feedback_score`) VALUES (493, 17, 4);
INSERT INTO `ModulerDatabase`.`Feedback` (`feedback_ID`, `feedback_set_ID`, `feedback_score`) VALUES (494, 18, 1);
INSERT INTO `ModulerDatabase`.`Feedback` (`feedback_ID`, `feedback_set_ID`, `feedback_score`) VALUES (495, 19, 2);
INSERT INTO `ModulerDatabase`.`Feedback` (`feedback_ID`, `feedback_set_ID`, `feedback_score`) VALUES (496, 20, 2);
INSERT INTO `ModulerDatabase`.`Feedback` (`feedback_ID`, `feedback_set_ID`, `feedback_score`) VALUES (497, 21, 1);
INSERT INTO `ModulerDatabase`.`Feedback` (`feedback_ID`, `feedback_set_ID`, `feedback_score`) VALUES (498, 22, 3);
INSERT INTO `ModulerDatabase`.`Feedback` (`feedback_ID`, `feedback_set_ID`, `feedback_score`) VALUES (499, 23, 5);
INSERT INTO `ModulerDatabase`.`Feedback` (`feedback_ID`, `feedback_set_ID`, `feedback_score`) VALUES (500, 24, 4);
INSERT INTO `ModulerDatabase`.`Feedback` (`feedback_ID`, `feedback_set_ID`, `feedback_score`) VALUES (501, 25, 2);
INSERT INTO `ModulerDatabase`.`Feedback` (`feedback_ID`, `feedback_set_ID`, `feedback_score`) VALUES (502, 26, 5);
INSERT INTO `ModulerDatabase`.`Feedback` (`feedback_ID`, `feedback_set_ID`, `feedback_score`) VALUES (503, 27, 3);
INSERT INTO `ModulerDatabase`.`Feedback` (`feedback_ID`, `feedback_set_ID`, `feedback_score`) VALUES (504, 28, 4);
INSERT INTO `ModulerDatabase`.`Feedback` (`feedback_ID`, `feedback_set_ID`, `feedback_score`) VALUES (505, 29, 3);
INSERT INTO `ModulerDatabase`.`Feedback` (`feedback_ID`, `feedback_set_ID`, `feedback_score`) VALUES (506, 30, 3);
INSERT INTO `ModulerDatabase`.`Feedback` (`feedback_ID`, `feedback_set_ID`, `feedback_score`) VALUES (507, 31, 1);
INSERT INTO `ModulerDatabase`.`Feedback` (`feedback_ID`, `feedback_set_ID`, `feedback_score`) VALUES (508, 32, 3);
INSERT INTO `ModulerDatabase`.`Feedback` (`feedback_ID`, `feedback_set_ID`, `feedback_score`) VALUES (509, 33, 4);
INSERT INTO `ModulerDatabase`.`Feedback` (`feedback_ID`, `feedback_set_ID`, `feedback_score`) VALUES (510, 34, 2);
INSERT INTO `ModulerDatabase`.`Feedback` (`feedback_ID`, `feedback_set_ID`, `feedback_score`) VALUES (511, 35, 1);
INSERT INTO `ModulerDatabase`.`Feedback` (`feedback_ID`, `feedback_set_ID`, `feedback_score`) VALUES (512, 36, 2);
INSERT INTO `ModulerDatabase`.`Feedback` (`feedback_ID`, `feedback_set_ID`, `feedback_score`) VALUES (513, 37, 3);
INSERT INTO `ModulerDatabase`.`Feedback` (`feedback_ID`, `feedback_set_ID`, `feedback_score`) VALUES (514, 38, 3);
INSERT INTO `ModulerDatabase`.`Feedback` (`feedback_ID`, `feedback_set_ID`, `feedback_score`) VALUES (515, 39, 4);
INSERT INTO `ModulerDatabase`.`Feedback` (`feedback_ID`, `feedback_set_ID`, `feedback_score`) VALUES (516, 40, 1);
INSERT INTO `ModulerDatabase`.`Feedback` (`feedback_ID`, `feedback_set_ID`, `feedback_score`) VALUES (517, 41, 2);
INSERT INTO `ModulerDatabase`.`Feedback` (`feedback_ID`, `feedback_set_ID`, `feedback_score`) VALUES (518, 42, 3);
INSERT INTO `ModulerDatabase`.`Feedback` (`feedback_ID`, `feedback_set_ID`, `feedback_score`) VALUES (519, 43, 2);
INSERT INTO `ModulerDatabase`.`Feedback` (`feedback_ID`, `feedback_set_ID`, `feedback_score`) VALUES (520, 44, 3);
INSERT INTO `ModulerDatabase`.`Feedback` (`feedback_ID`, `feedback_set_ID`, `feedback_score`) VALUES (521, 45, 5);
INSERT INTO `ModulerDatabase`.`Feedback` (`feedback_ID`, `feedback_set_ID`, `feedback_score`) VALUES (522, 46, 4);
INSERT INTO `ModulerDatabase`.`Feedback` (`feedback_ID`, `feedback_set_ID`, `feedback_score`) VALUES (523, 47, 1);
INSERT INTO `ModulerDatabase`.`Feedback` (`feedback_ID`, `feedback_set_ID`, `feedback_score`) VALUES (524, 48, 2);
INSERT INTO `ModulerDatabase`.`Feedback` (`feedback_ID`, `feedback_set_ID`, `feedback_score`) VALUES (525, 49, 5);
INSERT INTO `ModulerDatabase`.`Feedback` (`feedback_ID`, `feedback_set_ID`, `feedback_score`) VALUES (526, 50, 3);
INSERT INTO `ModulerDatabase`.`Feedback` (`feedback_ID`, `feedback_set_ID`, `feedback_score`) VALUES (527, 51, 1);
INSERT INTO `ModulerDatabase`.`Feedback` (`feedback_ID`, `feedback_set_ID`, `feedback_score`) VALUES (528, 52, 2);
INSERT INTO `ModulerDatabase`.`Feedback` (`feedback_ID`, `feedback_set_ID`, `feedback_score`) VALUES (529, 53, 2);
INSERT INTO `ModulerDatabase`.`Feedback` (`feedback_ID`, `feedback_set_ID`, `feedback_score`) VALUES (530, 54, 5);
INSERT INTO `ModulerDatabase`.`Feedback` (`feedback_ID`, `feedback_set_ID`, `feedback_score`) VALUES (531, 55, 3);
INSERT INTO `ModulerDatabase`.`Feedback` (`feedback_ID`, `feedback_set_ID`, `feedback_score`) VALUES (532, 56, 3);
INSERT INTO `ModulerDatabase`.`Feedback` (`feedback_ID`, `feedback_set_ID`, `feedback_score`) VALUES (533, 57, 4);
INSERT INTO `ModulerDatabase`.`Feedback` (`feedback_ID`, `feedback_set_ID`, `feedback_score`) VALUES (534, 58, 5);
INSERT INTO `ModulerDatabase`.`Feedback` (`feedback_ID`, `feedback_set_ID`, `feedback_score`) VALUES (535, 59, 4);
INSERT INTO `ModulerDatabase`.`Feedback` (`feedback_ID`, `feedback_set_ID`, `feedback_score`) VALUES (536, 60, 5);
INSERT INTO `ModulerDatabase`.`Feedback` (`feedback_ID`, `feedback_set_ID`, `feedback_score`) VALUES (537, 61, 5);
INSERT INTO `ModulerDatabase`.`Feedback` (`feedback_ID`, `feedback_set_ID`, `feedback_score`) VALUES (538, 62, 2);
INSERT INTO `ModulerDatabase`.`Feedback` (`feedback_ID`, `feedback_set_ID`, `feedback_score`) VALUES (539, 63, 3);
INSERT INTO `ModulerDatabase`.`Feedback` (`feedback_ID`, `feedback_set_ID`, `feedback_score`) VALUES (540, 64, 5);
INSERT INTO `ModulerDatabase`.`Feedback` (`feedback_ID`, `feedback_set_ID`, `feedback_score`) VALUES (541, 65, 5);
INSERT INTO `ModulerDatabase`.`Feedback` (`feedback_ID`, `feedback_set_ID`, `feedback_score`) VALUES (542, 66, 3);
INSERT INTO `ModulerDatabase`.`Feedback` (`feedback_ID`, `feedback_set_ID`, `feedback_score`) VALUES (543, 67, 2);
INSERT INTO `ModulerDatabase`.`Feedback` (`feedback_ID`, `feedback_set_ID`, `feedback_score`) VALUES (544, 68, 1);
INSERT INTO `ModulerDatabase`.`Feedback` (`feedback_ID`, `feedback_set_ID`, `feedback_score`) VALUES (545, 69, 4);
INSERT INTO `ModulerDatabase`.`Feedback` (`feedback_ID`, `feedback_set_ID`, `feedback_score`) VALUES (546, 70, 3);
INSERT INTO `ModulerDatabase`.`Feedback` (`feedback_ID`, `feedback_set_ID`, `feedback_score`) VALUES (547, 71, 4);
INSERT INTO `ModulerDatabase`.`Feedback` (`feedback_ID`, `feedback_set_ID`, `feedback_score`) VALUES (548, 72, 3);
INSERT INTO `ModulerDatabase`.`Feedback` (`feedback_ID`, `feedback_set_ID`, `feedback_score`) VALUES (549, 73, 5);
INSERT INTO `ModulerDatabase`.`Feedback` (`feedback_ID`, `feedback_set_ID`, `feedback_score`) VALUES (550, 74, 4);
INSERT INTO `ModulerDatabase`.`Feedback` (`feedback_ID`, `feedback_set_ID`, `feedback_score`) VALUES (551, 75, 2);
INSERT INTO `ModulerDatabase`.`Feedback` (`feedback_ID`, `feedback_set_ID`, `feedback_score`) VALUES (552, 76, 4);
INSERT INTO `ModulerDatabase`.`Feedback` (`feedback_ID`, `feedback_set_ID`, `feedback_score`) VALUES (553, 77, 2);
INSERT INTO `ModulerDatabase`.`Feedback` (`feedback_ID`, `feedback_set_ID`, `feedback_score`) VALUES (554, 78, 4);
INSERT INTO `ModulerDatabase`.`Feedback` (`feedback_ID`, `feedback_set_ID`, `feedback_score`) VALUES (555, 79, 4);
INSERT INTO `ModulerDatabase`.`Feedback` (`feedback_ID`, `feedback_set_ID`, `feedback_score`) VALUES (556, 80, 1);
INSERT INTO `ModulerDatabase`.`Feedback` (`feedback_ID`, `feedback_set_ID`, `feedback_score`) VALUES (557, 81, 5);
INSERT INTO `ModulerDatabase`.`Feedback` (`feedback_ID`, `feedback_set_ID`, `feedback_score`) VALUES (558, 82, 5);
INSERT INTO `ModulerDatabase`.`Feedback` (`feedback_ID`, `feedback_set_ID`, `feedback_score`) VALUES (559, 83, 2);
INSERT INTO `ModulerDatabase`.`Feedback` (`feedback_ID`, `feedback_set_ID`, `feedback_score`) VALUES (560, 84, 5);
INSERT INTO `ModulerDatabase`.`Feedback` (`feedback_ID`, `feedback_set_ID`, `feedback_score`) VALUES (561, 85, 3);
INSERT INTO `ModulerDatabase`.`Feedback` (`feedback_ID`, `feedback_set_ID`, `feedback_score`) VALUES (562, 86, 4);
INSERT INTO `ModulerDatabase`.`Feedback` (`feedback_ID`, `feedback_set_ID`, `feedback_score`) VALUES (563, 87, 2);
INSERT INTO `ModulerDatabase`.`Feedback` (`feedback_ID`, `feedback_set_ID`, `feedback_score`) VALUES (564, 88, 3);
INSERT INTO `ModulerDatabase`.`Feedback` (`feedback_ID`, `feedback_set_ID`, `feedback_score`) VALUES (565, 89, 2);
INSERT INTO `ModulerDatabase`.`Feedback` (`feedback_ID`, `feedback_set_ID`, `feedback_score`) VALUES (566, 90, 2);
INSERT INTO `ModulerDatabase`.`Feedback` (`feedback_ID`, `feedback_set_ID`, `feedback_score`) VALUES (567, 91, 5);
INSERT INTO `ModulerDatabase`.`Feedback` (`feedback_ID`, `feedback_set_ID`, `feedback_score`) VALUES (568, 92, 5);
INSERT INTO `ModulerDatabase`.`Feedback` (`feedback_ID`, `feedback_set_ID`, `feedback_score`) VALUES (569, 93, 5);
INSERT INTO `ModulerDatabase`.`Feedback` (`feedback_ID`, `feedback_set_ID`, `feedback_score`) VALUES (570, 94, 1);
INSERT INTO `ModulerDatabase`.`Feedback` (`feedback_ID`, `feedback_set_ID`, `feedback_score`) VALUES (571, 95, 4);
INSERT INTO `ModulerDatabase`.`Feedback` (`feedback_ID`, `feedback_set_ID`, `feedback_score`) VALUES (572, 96, 2);
INSERT INTO `ModulerDatabase`.`Feedback` (`feedback_ID`, `feedback_set_ID`, `feedback_score`) VALUES (573, 97, 2);
INSERT INTO `ModulerDatabase`.`Feedback` (`feedback_ID`, `feedback_set_ID`, `feedback_score`) VALUES (574, 98, 3);
INSERT INTO `ModulerDatabase`.`Feedback` (`feedback_ID`, `feedback_set_ID`, `feedback_score`) VALUES (575, 99, 4);
INSERT INTO `ModulerDatabase`.`Feedback` (`feedback_ID`, `feedback_set_ID`, `feedback_score`) VALUES (576, 100, 3);
INSERT INTO `ModulerDatabase`.`Feedback` (`feedback_ID`, `feedback_set_ID`, `feedback_score`) VALUES (577, 101, 2);
INSERT INTO `ModulerDatabase`.`Feedback` (`feedback_ID`, `feedback_set_ID`, `feedback_score`) VALUES (578, 102, 4);
INSERT INTO `ModulerDatabase`.`Feedback` (`feedback_ID`, `feedback_set_ID`, `feedback_score`) VALUES (579, 103, 1);
INSERT INTO `ModulerDatabase`.`Feedback` (`feedback_ID`, `feedback_set_ID`, `feedback_score`) VALUES (580, 104, 5);
INSERT INTO `ModulerDatabase`.`Feedback` (`feedback_ID`, `feedback_set_ID`, `feedback_score`) VALUES (581, 105, 1);
INSERT INTO `ModulerDatabase`.`Feedback` (`feedback_ID`, `feedback_set_ID`, `feedback_score`) VALUES (582, 106, 2);
INSERT INTO `ModulerDatabase`.`Feedback` (`feedback_ID`, `feedback_set_ID`, `feedback_score`) VALUES (583, 107, 4);
INSERT INTO `ModulerDatabase`.`Feedback` (`feedback_ID`, `feedback_set_ID`, `feedback_score`) VALUES (584, 108, 5);
INSERT INTO `ModulerDatabase`.`Feedback` (`feedback_ID`, `feedback_set_ID`, `feedback_score`) VALUES (585, 109, 2);
INSERT INTO `ModulerDatabase`.`Feedback` (`feedback_ID`, `feedback_set_ID`, `feedback_score`) VALUES (586, 110, 4);
INSERT INTO `ModulerDatabase`.`Feedback` (`feedback_ID`, `feedback_set_ID`, `feedback_score`) VALUES (587, 111, 5);
INSERT INTO `ModulerDatabase`.`Feedback` (`feedback_ID`, `feedback_set_ID`, `feedback_score`) VALUES (588, 112, 4);
INSERT INTO `ModulerDatabase`.`Feedback` (`feedback_ID`, `feedback_set_ID`, `feedback_score`) VALUES (589, 113, 4);
INSERT INTO `ModulerDatabase`.`Feedback` (`feedback_ID`, `feedback_set_ID`, `feedback_score`) VALUES (590, 114, 4);
INSERT INTO `ModulerDatabase`.`Feedback` (`feedback_ID`, `feedback_set_ID`, `feedback_score`) VALUES (591, 115, 5);
INSERT INTO `ModulerDatabase`.`Feedback` (`feedback_ID`, `feedback_set_ID`, `feedback_score`) VALUES (592, 116, 1);
INSERT INTO `ModulerDatabase`.`Feedback` (`feedback_ID`, `feedback_set_ID`, `feedback_score`) VALUES (593, 117, 5);
INSERT INTO `ModulerDatabase`.`Feedback` (`feedback_ID`, `feedback_set_ID`, `feedback_score`) VALUES (594, 118, 3);
INSERT INTO `ModulerDatabase`.`Feedback` (`feedback_ID`, `feedback_set_ID`, `feedback_score`) VALUES (595, 119, 4);
INSERT INTO `ModulerDatabase`.`Feedback` (`feedback_ID`, `feedback_set_ID`, `feedback_score`) VALUES (596, 120, 1);
INSERT INTO `ModulerDatabase`.`Feedback` (`feedback_ID`, `feedback_set_ID`, `feedback_score`) VALUES (597, 121, 1);
INSERT INTO `ModulerDatabase`.`Feedback` (`feedback_ID`, `feedback_set_ID`, `feedback_score`) VALUES (598, 122, 2);
INSERT INTO `ModulerDatabase`.`Feedback` (`feedback_ID`, `feedback_set_ID`, `feedback_score`) VALUES (599, 123, 3);
INSERT INTO `ModulerDatabase`.`Feedback` (`feedback_ID`, `feedback_set_ID`, `feedback_score`) VALUES (600, 124, 4);
INSERT INTO `ModulerDatabase`.`Feedback` (`feedback_ID`, `feedback_set_ID`, `feedback_score`) VALUES (601, 125, 1);
INSERT INTO `ModulerDatabase`.`Feedback` (`feedback_ID`, `feedback_set_ID`, `feedback_score`) VALUES (602, 126, 2);
INSERT INTO `ModulerDatabase`.`Feedback` (`feedback_ID`, `feedback_set_ID`, `feedback_score`) VALUES (603, 127, 3);
INSERT INTO `ModulerDatabase`.`Feedback` (`feedback_ID`, `feedback_set_ID`, `feedback_score`) VALUES (604, 128, 1);
INSERT INTO `ModulerDatabase`.`Feedback` (`feedback_ID`, `feedback_set_ID`, `feedback_score`) VALUES (605, 129, 2);
INSERT INTO `ModulerDatabase`.`Feedback` (`feedback_ID`, `feedback_set_ID`, `feedback_score`) VALUES (606, 130, 4);
INSERT INTO `ModulerDatabase`.`Feedback` (`feedback_ID`, `feedback_set_ID`, `feedback_score`) VALUES (607, 131, 3);
INSERT INTO `ModulerDatabase`.`Feedback` (`feedback_ID`, `feedback_set_ID`, `feedback_score`) VALUES (608, 132, 5);
INSERT INTO `ModulerDatabase`.`Feedback` (`feedback_ID`, `feedback_set_ID`, `feedback_score`) VALUES (609, 133, 4);
INSERT INTO `ModulerDatabase`.`Feedback` (`feedback_ID`, `feedback_set_ID`, `feedback_score`) VALUES (610, 134, 5);
INSERT INTO `ModulerDatabase`.`Feedback` (`feedback_ID`, `feedback_set_ID`, `feedback_score`) VALUES (611, 135, 5);
INSERT INTO `ModulerDatabase`.`Feedback` (`feedback_ID`, `feedback_set_ID`, `feedback_score`) VALUES (612, 136, 5);
INSERT INTO `ModulerDatabase`.`Feedback` (`feedback_ID`, `feedback_set_ID`, `feedback_score`) VALUES (613, 137, 5);
INSERT INTO `ModulerDatabase`.`Feedback` (`feedback_ID`, `feedback_set_ID`, `feedback_score`) VALUES (614, 138, 1);
INSERT INTO `ModulerDatabase`.`Feedback` (`feedback_ID`, `feedback_set_ID`, `feedback_score`) VALUES (615, 139, 5);
INSERT INTO `ModulerDatabase`.`Feedback` (`feedback_ID`, `feedback_set_ID`, `feedback_score`) VALUES (616, 140, 4);
INSERT INTO `ModulerDatabase`.`Feedback` (`feedback_ID`, `feedback_set_ID`, `feedback_score`) VALUES (617, 141, 3);
INSERT INTO `ModulerDatabase`.`Feedback` (`feedback_ID`, `feedback_set_ID`, `feedback_score`) VALUES (618, 142, 2);
INSERT INTO `ModulerDatabase`.`Feedback` (`feedback_ID`, `feedback_set_ID`, `feedback_score`) VALUES (619, 143, 1);
INSERT INTO `ModulerDatabase`.`Feedback` (`feedback_ID`, `feedback_set_ID`, `feedback_score`) VALUES (620, 144, 1);
INSERT INTO `ModulerDatabase`.`Feedback` (`feedback_ID`, `feedback_set_ID`, `feedback_score`) VALUES (621, 145, 3);
INSERT INTO `ModulerDatabase`.`Feedback` (`feedback_ID`, `feedback_set_ID`, `feedback_score`) VALUES (622, 146, 4);
INSERT INTO `ModulerDatabase`.`Feedback` (`feedback_ID`, `feedback_set_ID`, `feedback_score`) VALUES (623, 147, 2);
INSERT INTO `ModulerDatabase`.`Feedback` (`feedback_ID`, `feedback_set_ID`, `feedback_score`) VALUES (624, 148, 1);
INSERT INTO `ModulerDatabase`.`Feedback` (`feedback_ID`, `feedback_set_ID`, `feedback_score`) VALUES (625, 149, 5);
INSERT INTO `ModulerDatabase`.`Feedback` (`feedback_ID`, `feedback_set_ID`, `feedback_score`) VALUES (626, 150, 4);
INSERT INTO `ModulerDatabase`.`Feedback` (`feedback_ID`, `feedback_set_ID`, `feedback_score`) VALUES (627, 151, 1);
INSERT INTO `ModulerDatabase`.`Feedback` (`feedback_ID`, `feedback_set_ID`, `feedback_score`) VALUES (628, 152, 4);
INSERT INTO `ModulerDatabase`.`Feedback` (`feedback_ID`, `feedback_set_ID`, `feedback_score`) VALUES (629, 153, 5);
INSERT INTO `ModulerDatabase`.`Feedback` (`feedback_ID`, `feedback_set_ID`, `feedback_score`) VALUES (630, 154, 3);
INSERT INTO `ModulerDatabase`.`Feedback` (`feedback_ID`, `feedback_set_ID`, `feedback_score`) VALUES (631, 155, 4);
INSERT INTO `ModulerDatabase`.`Feedback` (`feedback_ID`, `feedback_set_ID`, `feedback_score`) VALUES (632, 156, 3);
INSERT INTO `ModulerDatabase`.`Feedback` (`feedback_ID`, `feedback_set_ID`, `feedback_score`) VALUES (633, 157, 3);
INSERT INTO `ModulerDatabase`.`Feedback` (`feedback_ID`, `feedback_set_ID`, `feedback_score`) VALUES (634, 158, 2);
INSERT INTO `ModulerDatabase`.`Feedback` (`feedback_ID`, `feedback_set_ID`, `feedback_score`) VALUES (635, 159, 2);
INSERT INTO `ModulerDatabase`.`Feedback` (`feedback_ID`, `feedback_set_ID`, `feedback_score`) VALUES (636, 160, 2);
INSERT INTO `ModulerDatabase`.`Feedback` (`feedback_ID`, `feedback_set_ID`, `feedback_score`) VALUES (637, 161, 5);
INSERT INTO `ModulerDatabase`.`Feedback` (`feedback_ID`, `feedback_set_ID`, `feedback_score`) VALUES (638, 162, 5);
INSERT INTO `ModulerDatabase`.`Feedback` (`feedback_ID`, `feedback_set_ID`, `feedback_score`) VALUES (639, 163, 1);
INSERT INTO `ModulerDatabase`.`Feedback` (`feedback_ID`, `feedback_set_ID`, `feedback_score`) VALUES (640, 164, 2);
INSERT INTO `ModulerDatabase`.`Feedback` (`feedback_ID`, `feedback_set_ID`, `feedback_score`) VALUES (641, 165, 2);
INSERT INTO `ModulerDatabase`.`Feedback` (`feedback_ID`, `feedback_set_ID`, `feedback_score`) VALUES (642, 166, 3);
INSERT INTO `ModulerDatabase`.`Feedback` (`feedback_ID`, `feedback_set_ID`, `feedback_score`) VALUES (643, 167, 5);
INSERT INTO `ModulerDatabase`.`Feedback` (`feedback_ID`, `feedback_set_ID`, `feedback_score`) VALUES (644, 168, 4);
INSERT INTO `ModulerDatabase`.`Feedback` (`feedback_ID`, `feedback_set_ID`, `feedback_score`) VALUES (645, 169, 2);
INSERT INTO `ModulerDatabase`.`Feedback` (`feedback_ID`, `feedback_set_ID`, `feedback_score`) VALUES (646, 170, 4);
INSERT INTO `ModulerDatabase`.`Feedback` (`feedback_ID`, `feedback_set_ID`, `feedback_score`) VALUES (647, 171, 1);
INSERT INTO `ModulerDatabase`.`Feedback` (`feedback_ID`, `feedback_set_ID`, `feedback_score`) VALUES (648, 172, 4);
INSERT INTO `ModulerDatabase`.`Feedback` (`feedback_ID`, `feedback_set_ID`, `feedback_score`) VALUES (649, 173, 4);
INSERT INTO `ModulerDatabase`.`Feedback` (`feedback_ID`, `feedback_set_ID`, `feedback_score`) VALUES (650, 174, 3);
INSERT INTO `ModulerDatabase`.`Feedback` (`feedback_ID`, `feedback_set_ID`, `feedback_score`) VALUES (651, 175, 1);
INSERT INTO `ModulerDatabase`.`Feedback` (`feedback_ID`, `feedback_set_ID`, `feedback_score`) VALUES (652, 176, 5);
INSERT INTO `ModulerDatabase`.`Feedback` (`feedback_ID`, `feedback_set_ID`, `feedback_score`) VALUES (653, 177, 1);
INSERT INTO `ModulerDatabase`.`Feedback` (`feedback_ID`, `feedback_set_ID`, `feedback_score`) VALUES (654, 178, 1);
INSERT INTO `ModulerDatabase`.`Feedback` (`feedback_ID`, `feedback_set_ID`, `feedback_score`) VALUES (655, 179, 2);
INSERT INTO `ModulerDatabase`.`Feedback` (`feedback_ID`, `feedback_set_ID`, `feedback_score`) VALUES (656, 180, 1);
INSERT INTO `ModulerDatabase`.`Feedback` (`feedback_ID`, `feedback_set_ID`, `feedback_score`) VALUES (657, 181, 2);
INSERT INTO `ModulerDatabase`.`Feedback` (`feedback_ID`, `feedback_set_ID`, `feedback_score`) VALUES (658, 182, 5);
INSERT INTO `ModulerDatabase`.`Feedback` (`feedback_ID`, `feedback_set_ID`, `feedback_score`) VALUES (659, 183, 1);
INSERT INTO `ModulerDatabase`.`Feedback` (`feedback_ID`, `feedback_set_ID`, `feedback_score`) VALUES (660, 184, 4);
INSERT INTO `ModulerDatabase`.`Feedback` (`feedback_ID`, `feedback_set_ID`, `feedback_score`) VALUES (661, 185, 4);
INSERT INTO `ModulerDatabase`.`Feedback` (`feedback_ID`, `feedback_set_ID`, `feedback_score`) VALUES (662, 186, 1);
INSERT INTO `ModulerDatabase`.`Feedback` (`feedback_ID`, `feedback_set_ID`, `feedback_score`) VALUES (663, 187, 5);
INSERT INTO `ModulerDatabase`.`Feedback` (`feedback_ID`, `feedback_set_ID`, `feedback_score`) VALUES (664, 188, 4);
INSERT INTO `ModulerDatabase`.`Feedback` (`feedback_ID`, `feedback_set_ID`, `feedback_score`) VALUES (665, 189, 1);
INSERT INTO `ModulerDatabase`.`Feedback` (`feedback_ID`, `feedback_set_ID`, `feedback_score`) VALUES (666, 190, 3);
INSERT INTO `ModulerDatabase`.`Feedback` (`feedback_ID`, `feedback_set_ID`, `feedback_score`) VALUES (667, 191, 1);
INSERT INTO `ModulerDatabase`.`Feedback` (`feedback_ID`, `feedback_set_ID`, `feedback_score`) VALUES (668, 192, 5);
INSERT INTO `ModulerDatabase`.`Feedback` (`feedback_ID`, `feedback_set_ID`, `feedback_score`) VALUES (669, 193, 3);
INSERT INTO `ModulerDatabase`.`Feedback` (`feedback_ID`, `feedback_set_ID`, `feedback_score`) VALUES (670, 194, 2);
INSERT INTO `ModulerDatabase`.`Feedback` (`feedback_ID`, `feedback_set_ID`, `feedback_score`) VALUES (671, 195, 3);
INSERT INTO `ModulerDatabase`.`Feedback` (`feedback_ID`, `feedback_set_ID`, `feedback_score`) VALUES (672, 196, 4);
INSERT INTO `ModulerDatabase`.`Feedback` (`feedback_ID`, `feedback_set_ID`, `feedback_score`) VALUES (673, 197, 4);
INSERT INTO `ModulerDatabase`.`Feedback` (`feedback_ID`, `feedback_set_ID`, `feedback_score`) VALUES (674, 198, 5);
INSERT INTO `ModulerDatabase`.`Feedback` (`feedback_ID`, `feedback_set_ID`, `feedback_score`) VALUES (675, 199, 1);
INSERT INTO `ModulerDatabase`.`Feedback` (`feedback_ID`, `feedback_set_ID`, `feedback_score`) VALUES (676, 200, 4);
INSERT INTO `ModulerDatabase`.`Feedback` (`feedback_ID`, `feedback_set_ID`, `feedback_score`) VALUES (677, 201, 3);
INSERT INTO `ModulerDatabase`.`Feedback` (`feedback_ID`, `feedback_set_ID`, `feedback_score`) VALUES (678, 202, 2);
INSERT INTO `ModulerDatabase`.`Feedback` (`feedback_ID`, `feedback_set_ID`, `feedback_score`) VALUES (679, 203, 4);
INSERT INTO `ModulerDatabase`.`Feedback` (`feedback_ID`, `feedback_set_ID`, `feedback_score`) VALUES (680, 204, 4);
INSERT INTO `ModulerDatabase`.`Feedback` (`feedback_ID`, `feedback_set_ID`, `feedback_score`) VALUES (681, 205, 1);
INSERT INTO `ModulerDatabase`.`Feedback` (`feedback_ID`, `feedback_set_ID`, `feedback_score`) VALUES (682, 206, 1);
INSERT INTO `ModulerDatabase`.`Feedback` (`feedback_ID`, `feedback_set_ID`, `feedback_score`) VALUES (683, 207, 2);
INSERT INTO `ModulerDatabase`.`Feedback` (`feedback_ID`, `feedback_set_ID`, `feedback_score`) VALUES (684, 208, 5);
INSERT INTO `ModulerDatabase`.`Feedback` (`feedback_ID`, `feedback_set_ID`, `feedback_score`) VALUES (685, 209, 1);
INSERT INTO `ModulerDatabase`.`Feedback` (`feedback_ID`, `feedback_set_ID`, `feedback_score`) VALUES (686, 210, 1);
INSERT INTO `ModulerDatabase`.`Feedback` (`feedback_ID`, `feedback_set_ID`, `feedback_score`) VALUES (687, 211, 3);
INSERT INTO `ModulerDatabase`.`Feedback` (`feedback_ID`, `feedback_set_ID`, `feedback_score`) VALUES (688, 212, 2);
INSERT INTO `ModulerDatabase`.`Feedback` (`feedback_ID`, `feedback_set_ID`, `feedback_score`) VALUES (689, 213, 1);
INSERT INTO `ModulerDatabase`.`Feedback` (`feedback_ID`, `feedback_set_ID`, `feedback_score`) VALUES (690, 214, 1);
INSERT INTO `ModulerDatabase`.`Feedback` (`feedback_ID`, `feedback_set_ID`, `feedback_score`) VALUES (691, 215, 3);
INSERT INTO `ModulerDatabase`.`Feedback` (`feedback_ID`, `feedback_set_ID`, `feedback_score`) VALUES (692, 216, 2);
INSERT INTO `ModulerDatabase`.`Feedback` (`feedback_ID`, `feedback_set_ID`, `feedback_score`) VALUES (693, 217, 2);
INSERT INTO `ModulerDatabase`.`Feedback` (`feedback_ID`, `feedback_set_ID`, `feedback_score`) VALUES (694, 218, 4);
INSERT INTO `ModulerDatabase`.`Feedback` (`feedback_ID`, `feedback_set_ID`, `feedback_score`) VALUES (695, 219, 4);
INSERT INTO `ModulerDatabase`.`Feedback` (`feedback_ID`, `feedback_set_ID`, `feedback_score`) VALUES (696, 220, 1);
INSERT INTO `ModulerDatabase`.`Feedback` (`feedback_ID`, `feedback_set_ID`, `feedback_score`) VALUES (697, 221, 1);
INSERT INTO `ModulerDatabase`.`Feedback` (`feedback_ID`, `feedback_set_ID`, `feedback_score`) VALUES (698, 222, 5);
INSERT INTO `ModulerDatabase`.`Feedback` (`feedback_ID`, `feedback_set_ID`, `feedback_score`) VALUES (699, 223, 1);
INSERT INTO `ModulerDatabase`.`Feedback` (`feedback_ID`, `feedback_set_ID`, `feedback_score`) VALUES (700, 224, 2);
INSERT INTO `ModulerDatabase`.`Feedback` (`feedback_ID`, `feedback_set_ID`, `feedback_score`) VALUES (701, 225, 2);
INSERT INTO `ModulerDatabase`.`Feedback` (`feedback_ID`, `feedback_set_ID`, `feedback_score`) VALUES (702, 226, 5);
INSERT INTO `ModulerDatabase`.`Feedback` (`feedback_ID`, `feedback_set_ID`, `feedback_score`) VALUES (703, 227, 1);
INSERT INTO `ModulerDatabase`.`Feedback` (`feedback_ID`, `feedback_set_ID`, `feedback_score`) VALUES (704, 228, 5);
INSERT INTO `ModulerDatabase`.`Feedback` (`feedback_ID`, `feedback_set_ID`, `feedback_score`) VALUES (705, 229, 3);
INSERT INTO `ModulerDatabase`.`Feedback` (`feedback_ID`, `feedback_set_ID`, `feedback_score`) VALUES (706, 230, 5);
INSERT INTO `ModulerDatabase`.`Feedback` (`feedback_ID`, `feedback_set_ID`, `feedback_score`) VALUES (707, 231, 2);
INSERT INTO `ModulerDatabase`.`Feedback` (`feedback_ID`, `feedback_set_ID`, `feedback_score`) VALUES (708, 232, 4);
INSERT INTO `ModulerDatabase`.`Feedback` (`feedback_ID`, `feedback_set_ID`, `feedback_score`) VALUES (709, 233, 3);
INSERT INTO `ModulerDatabase`.`Feedback` (`feedback_ID`, `feedback_set_ID`, `feedback_score`) VALUES (710, 234, 5);
INSERT INTO `ModulerDatabase`.`Feedback` (`feedback_ID`, `feedback_set_ID`, `feedback_score`) VALUES (711, 235, 3);
INSERT INTO `ModulerDatabase`.`Feedback` (`feedback_ID`, `feedback_set_ID`, `feedback_score`) VALUES (712, 236, 3);
INSERT INTO `ModulerDatabase`.`Feedback` (`feedback_ID`, `feedback_set_ID`, `feedback_score`) VALUES (713, 237, 3);
INSERT INTO `ModulerDatabase`.`Feedback` (`feedback_ID`, `feedback_set_ID`, `feedback_score`) VALUES (714, 238, 1);
INSERT INTO `ModulerDatabase`.`Feedback` (`feedback_ID`, `feedback_set_ID`, `feedback_score`) VALUES (715, 239, 1);
INSERT INTO `ModulerDatabase`.`Feedback` (`feedback_ID`, `feedback_set_ID`, `feedback_score`) VALUES (716, 240, 2);
INSERT INTO `ModulerDatabase`.`Feedback` (`feedback_ID`, `feedback_set_ID`, `feedback_score`) VALUES (717, 241, 1);
INSERT INTO `ModulerDatabase`.`Feedback` (`feedback_ID`, `feedback_set_ID`, `feedback_score`) VALUES (718, 242, 2);
INSERT INTO `ModulerDatabase`.`Feedback` (`feedback_ID`, `feedback_set_ID`, `feedback_score`) VALUES (719, 243, 5);
INSERT INTO `ModulerDatabase`.`Feedback` (`feedback_ID`, `feedback_set_ID`, `feedback_score`) VALUES (720, 244, 4);
INSERT INTO `ModulerDatabase`.`Feedback` (`feedback_ID`, `feedback_set_ID`, `feedback_score`) VALUES (721, 245, 1);
INSERT INTO `ModulerDatabase`.`Feedback` (`feedback_ID`, `feedback_set_ID`, `feedback_score`) VALUES (722, 246, 3);
INSERT INTO `ModulerDatabase`.`Feedback` (`feedback_ID`, `feedback_set_ID`, `feedback_score`) VALUES (723, 247, 1);
INSERT INTO `ModulerDatabase`.`Feedback` (`feedback_ID`, `feedback_set_ID`, `feedback_score`) VALUES (724, 248, 2);
INSERT INTO `ModulerDatabase`.`Feedback` (`feedback_ID`, `feedback_set_ID`, `feedback_score`) VALUES (725, 249, 3);
INSERT INTO `ModulerDatabase`.`Feedback` (`feedback_ID`, `feedback_set_ID`, `feedback_score`) VALUES (726, 250, 3);
INSERT INTO `ModulerDatabase`.`Feedback` (`feedback_ID`, `feedback_set_ID`, `feedback_score`) VALUES (727, 251, 4);
INSERT INTO `ModulerDatabase`.`Feedback` (`feedback_ID`, `feedback_set_ID`, `feedback_score`) VALUES (728, 252, 3);
INSERT INTO `ModulerDatabase`.`Feedback` (`feedback_ID`, `feedback_set_ID`, `feedback_score`) VALUES (729, 253, 4);
INSERT INTO `ModulerDatabase`.`Feedback` (`feedback_ID`, `feedback_set_ID`, `feedback_score`) VALUES (730, 254, 2);
INSERT INTO `ModulerDatabase`.`Feedback` (`feedback_ID`, `feedback_set_ID`, `feedback_score`) VALUES (731, 255, 5);
INSERT INTO `ModulerDatabase`.`Feedback` (`feedback_ID`, `feedback_set_ID`, `feedback_score`) VALUES (732, 256, 3);
INSERT INTO `ModulerDatabase`.`Feedback` (`feedback_ID`, `feedback_set_ID`, `feedback_score`) VALUES (733, 257, 4);
INSERT INTO `ModulerDatabase`.`Feedback` (`feedback_ID`, `feedback_set_ID`, `feedback_score`) VALUES (734, 258, 4);
INSERT INTO `ModulerDatabase`.`Feedback` (`feedback_ID`, `feedback_set_ID`, `feedback_score`) VALUES (735, 259, 5);
INSERT INTO `ModulerDatabase`.`Feedback` (`feedback_ID`, `feedback_set_ID`, `feedback_score`) VALUES (736, 260, 2);
INSERT INTO `ModulerDatabase`.`Feedback` (`feedback_ID`, `feedback_set_ID`, `feedback_score`) VALUES (737, 261, 5);
INSERT INTO `ModulerDatabase`.`Feedback` (`feedback_ID`, `feedback_set_ID`, `feedback_score`) VALUES (738, 262, 5);
INSERT INTO `ModulerDatabase`.`Feedback` (`feedback_ID`, `feedback_set_ID`, `feedback_score`) VALUES (739, 263, 1);
INSERT INTO `ModulerDatabase`.`Feedback` (`feedback_ID`, `feedback_set_ID`, `feedback_score`) VALUES (740, 264, 5);
INSERT INTO `ModulerDatabase`.`Feedback` (`feedback_ID`, `feedback_set_ID`, `feedback_score`) VALUES (741, 265, 5);
INSERT INTO `ModulerDatabase`.`Feedback` (`feedback_ID`, `feedback_set_ID`, `feedback_score`) VALUES (742, 266, 3);
INSERT INTO `ModulerDatabase`.`Feedback` (`feedback_ID`, `feedback_set_ID`, `feedback_score`) VALUES (743, 267, 2);
INSERT INTO `ModulerDatabase`.`Feedback` (`feedback_ID`, `feedback_set_ID`, `feedback_score`) VALUES (744, 268, 2);
INSERT INTO `ModulerDatabase`.`Feedback` (`feedback_ID`, `feedback_set_ID`, `feedback_score`) VALUES (745, 269, 5);
INSERT INTO `ModulerDatabase`.`Feedback` (`feedback_ID`, `feedback_set_ID`, `feedback_score`) VALUES (746, 270, 1);
INSERT INTO `ModulerDatabase`.`Feedback` (`feedback_ID`, `feedback_set_ID`, `feedback_score`) VALUES (747, 271, 3);
INSERT INTO `ModulerDatabase`.`Feedback` (`feedback_ID`, `feedback_set_ID`, `feedback_score`) VALUES (748, 272, 4);
INSERT INTO `ModulerDatabase`.`Feedback` (`feedback_ID`, `feedback_set_ID`, `feedback_score`) VALUES (749, 273, 1);
INSERT INTO `ModulerDatabase`.`Feedback` (`feedback_ID`, `feedback_set_ID`, `feedback_score`) VALUES (750, 274, 4);
INSERT INTO `ModulerDatabase`.`Feedback` (`feedback_ID`, `feedback_set_ID`, `feedback_score`) VALUES (751, 275, 3);
INSERT INTO `ModulerDatabase`.`Feedback` (`feedback_ID`, `feedback_set_ID`, `feedback_score`) VALUES (752, 276, 5);
INSERT INTO `ModulerDatabase`.`Feedback` (`feedback_ID`, `feedback_set_ID`, `feedback_score`) VALUES (753, 277, 1);
INSERT INTO `ModulerDatabase`.`Feedback` (`feedback_ID`, `feedback_set_ID`, `feedback_score`) VALUES (754, 278, 4);
INSERT INTO `ModulerDatabase`.`Feedback` (`feedback_ID`, `feedback_set_ID`, `feedback_score`) VALUES (755, 279, 1);
INSERT INTO `ModulerDatabase`.`Feedback` (`feedback_ID`, `feedback_set_ID`, `feedback_score`) VALUES (756, 280, 3);
INSERT INTO `ModulerDatabase`.`Feedback` (`feedback_ID`, `feedback_set_ID`, `feedback_score`) VALUES (757, 281, 5);
INSERT INTO `ModulerDatabase`.`Feedback` (`feedback_ID`, `feedback_set_ID`, `feedback_score`) VALUES (758, 282, 2);
INSERT INTO `ModulerDatabase`.`Feedback` (`feedback_ID`, `feedback_set_ID`, `feedback_score`) VALUES (759, 283, 2);
INSERT INTO `ModulerDatabase`.`Feedback` (`feedback_ID`, `feedback_set_ID`, `feedback_score`) VALUES (760, 284, 1);
INSERT INTO `ModulerDatabase`.`Feedback` (`feedback_ID`, `feedback_set_ID`, `feedback_score`) VALUES (761, 285, 3);
INSERT INTO `ModulerDatabase`.`Feedback` (`feedback_ID`, `feedback_set_ID`, `feedback_score`) VALUES (762, 286, 4);
INSERT INTO `ModulerDatabase`.`Feedback` (`feedback_ID`, `feedback_set_ID`, `feedback_score`) VALUES (763, 287, 4);
INSERT INTO `ModulerDatabase`.`Feedback` (`feedback_ID`, `feedback_set_ID`, `feedback_score`) VALUES (764, 288, 4);
INSERT INTO `ModulerDatabase`.`Feedback` (`feedback_ID`, `feedback_set_ID`, `feedback_score`) VALUES (765, 289, 1);
INSERT INTO `ModulerDatabase`.`Feedback` (`feedback_ID`, `feedback_set_ID`, `feedback_score`) VALUES (766, 290, 1);
INSERT INTO `ModulerDatabase`.`Feedback` (`feedback_ID`, `feedback_set_ID`, `feedback_score`) VALUES (767, 291, 4);
INSERT INTO `ModulerDatabase`.`Feedback` (`feedback_ID`, `feedback_set_ID`, `feedback_score`) VALUES (768, 292, 4);
INSERT INTO `ModulerDatabase`.`Feedback` (`feedback_ID`, `feedback_set_ID`, `feedback_score`) VALUES (769, 293, 2);
INSERT INTO `ModulerDatabase`.`Feedback` (`feedback_ID`, `feedback_set_ID`, `feedback_score`) VALUES (770, 294, 4);
INSERT INTO `ModulerDatabase`.`Feedback` (`feedback_ID`, `feedback_set_ID`, `feedback_score`) VALUES (771, 295, 5);
INSERT INTO `ModulerDatabase`.`Feedback` (`feedback_ID`, `feedback_set_ID`, `feedback_score`) VALUES (772, 296, 2);
INSERT INTO `ModulerDatabase`.`Feedback` (`feedback_ID`, `feedback_set_ID`, `feedback_score`) VALUES (773, 297, 3);
INSERT INTO `ModulerDatabase`.`Feedback` (`feedback_ID`, `feedback_set_ID`, `feedback_score`) VALUES (774, 298, 1);
INSERT INTO `ModulerDatabase`.`Feedback` (`feedback_ID`, `feedback_set_ID`, `feedback_score`) VALUES (775, 299, 2);
INSERT INTO `ModulerDatabase`.`Feedback` (`feedback_ID`, `feedback_set_ID`, `feedback_score`) VALUES (776, 300, 1);
INSERT INTO `ModulerDatabase`.`Feedback` (`feedback_ID`, `feedback_set_ID`, `feedback_score`) VALUES (777, 301, 2);
INSERT INTO `ModulerDatabase`.`Feedback` (`feedback_ID`, `feedback_set_ID`, `feedback_score`) VALUES (778, 302, 3);
INSERT INTO `ModulerDatabase`.`Feedback` (`feedback_ID`, `feedback_set_ID`, `feedback_score`) VALUES (779, 303, 1);
INSERT INTO `ModulerDatabase`.`Feedback` (`feedback_ID`, `feedback_set_ID`, `feedback_score`) VALUES (780, 304, 2);
INSERT INTO `ModulerDatabase`.`Feedback` (`feedback_ID`, `feedback_set_ID`, `feedback_score`) VALUES (781, 305, 1);
INSERT INTO `ModulerDatabase`.`Feedback` (`feedback_ID`, `feedback_set_ID`, `feedback_score`) VALUES (782, 306, 2);
INSERT INTO `ModulerDatabase`.`Feedback` (`feedback_ID`, `feedback_set_ID`, `feedback_score`) VALUES (783, 307, 5);
INSERT INTO `ModulerDatabase`.`Feedback` (`feedback_ID`, `feedback_set_ID`, `feedback_score`) VALUES (784, 308, 1);
INSERT INTO `ModulerDatabase`.`Feedback` (`feedback_ID`, `feedback_set_ID`, `feedback_score`) VALUES (785, 309, 3);
INSERT INTO `ModulerDatabase`.`Feedback` (`feedback_ID`, `feedback_set_ID`, `feedback_score`) VALUES (786, 310, 5);
INSERT INTO `ModulerDatabase`.`Feedback` (`feedback_ID`, `feedback_set_ID`, `feedback_score`) VALUES (787, 311, 1);
INSERT INTO `ModulerDatabase`.`Feedback` (`feedback_ID`, `feedback_set_ID`, `feedback_score`) VALUES (788, 312, 2);
INSERT INTO `ModulerDatabase`.`Feedback` (`feedback_ID`, `feedback_set_ID`, `feedback_score`) VALUES (789, 313, 4);
INSERT INTO `ModulerDatabase`.`Feedback` (`feedback_ID`, `feedback_set_ID`, `feedback_score`) VALUES (790, 314, 4);
INSERT INTO `ModulerDatabase`.`Feedback` (`feedback_ID`, `feedback_set_ID`, `feedback_score`) VALUES (791, 315, 2);
INSERT INTO `ModulerDatabase`.`Feedback` (`feedback_ID`, `feedback_set_ID`, `feedback_score`) VALUES (792, 316, 1);
INSERT INTO `ModulerDatabase`.`Feedback` (`feedback_ID`, `feedback_set_ID`, `feedback_score`) VALUES (793, 317, 3);
INSERT INTO `ModulerDatabase`.`Feedback` (`feedback_ID`, `feedback_set_ID`, `feedback_score`) VALUES (794, 318, 5);
INSERT INTO `ModulerDatabase`.`Feedback` (`feedback_ID`, `feedback_set_ID`, `feedback_score`) VALUES (795, 319, 2);
INSERT INTO `ModulerDatabase`.`Feedback` (`feedback_ID`, `feedback_set_ID`, `feedback_score`) VALUES (796, 320, 2);
INSERT INTO `ModulerDatabase`.`Feedback` (`feedback_ID`, `feedback_set_ID`, `feedback_score`) VALUES (797, 321, 5);
INSERT INTO `ModulerDatabase`.`Feedback` (`feedback_ID`, `feedback_set_ID`, `feedback_score`) VALUES (798, 322, 2);
INSERT INTO `ModulerDatabase`.`Feedback` (`feedback_ID`, `feedback_set_ID`, `feedback_score`) VALUES (799, 323, 5);
INSERT INTO `ModulerDatabase`.`Feedback` (`feedback_ID`, `feedback_set_ID`, `feedback_score`) VALUES (800, 324, 2);
INSERT INTO `ModulerDatabase`.`Feedback` (`feedback_ID`, `feedback_set_ID`, `feedback_score`) VALUES (801, 325, 5);
INSERT INTO `ModulerDatabase`.`Feedback` (`feedback_ID`, `feedback_set_ID`, `feedback_score`) VALUES (802, 326, 1);
INSERT INTO `ModulerDatabase`.`Feedback` (`feedback_ID`, `feedback_set_ID`, `feedback_score`) VALUES (803, 327, 1);
INSERT INTO `ModulerDatabase`.`Feedback` (`feedback_ID`, `feedback_set_ID`, `feedback_score`) VALUES (804, 328, 5);
INSERT INTO `ModulerDatabase`.`Feedback` (`feedback_ID`, `feedback_set_ID`, `feedback_score`) VALUES (805, 329, 5);
INSERT INTO `ModulerDatabase`.`Feedback` (`feedback_ID`, `feedback_set_ID`, `feedback_score`) VALUES (806, 330, 5);
INSERT INTO `ModulerDatabase`.`Feedback` (`feedback_ID`, `feedback_set_ID`, `feedback_score`) VALUES (807, 331, 5);
INSERT INTO `ModulerDatabase`.`Feedback` (`feedback_ID`, `feedback_set_ID`, `feedback_score`) VALUES (808, 332, 4);
INSERT INTO `ModulerDatabase`.`Feedback` (`feedback_ID`, `feedback_set_ID`, `feedback_score`) VALUES (809, 333, 4);
INSERT INTO `ModulerDatabase`.`Feedback` (`feedback_ID`, `feedback_set_ID`, `feedback_score`) VALUES (810, 334, 2);
INSERT INTO `ModulerDatabase`.`Feedback` (`feedback_ID`, `feedback_set_ID`, `feedback_score`) VALUES (811, 335, 5);
INSERT INTO `ModulerDatabase`.`Feedback` (`feedback_ID`, `feedback_set_ID`, `feedback_score`) VALUES (812, 336, 5);
INSERT INTO `ModulerDatabase`.`Feedback` (`feedback_ID`, `feedback_set_ID`, `feedback_score`) VALUES (813, 337, 2);
INSERT INTO `ModulerDatabase`.`Feedback` (`feedback_ID`, `feedback_set_ID`, `feedback_score`) VALUES (814, 338, 4);
INSERT INTO `ModulerDatabase`.`Feedback` (`feedback_ID`, `feedback_set_ID`, `feedback_score`) VALUES (815, 339, 3);
INSERT INTO `ModulerDatabase`.`Feedback` (`feedback_ID`, `feedback_set_ID`, `feedback_score`) VALUES (816, 340, 4);
INSERT INTO `ModulerDatabase`.`Feedback` (`feedback_ID`, `feedback_set_ID`, `feedback_score`) VALUES (817, 341, 2);
INSERT INTO `ModulerDatabase`.`Feedback` (`feedback_ID`, `feedback_set_ID`, `feedback_score`) VALUES (818, 342, 5);
INSERT INTO `ModulerDatabase`.`Feedback` (`feedback_ID`, `feedback_set_ID`, `feedback_score`) VALUES (819, 343, 1);
INSERT INTO `ModulerDatabase`.`Feedback` (`feedback_ID`, `feedback_set_ID`, `feedback_score`) VALUES (820, 344, 2);
INSERT INTO `ModulerDatabase`.`Feedback` (`feedback_ID`, `feedback_set_ID`, `feedback_score`) VALUES (821, 345, 2);
INSERT INTO `ModulerDatabase`.`Feedback` (`feedback_ID`, `feedback_set_ID`, `feedback_score`) VALUES (822, 346, 4);
INSERT INTO `ModulerDatabase`.`Feedback` (`feedback_ID`, `feedback_set_ID`, `feedback_score`) VALUES (823, 347, 3);
INSERT INTO `ModulerDatabase`.`Feedback` (`feedback_ID`, `feedback_set_ID`, `feedback_score`) VALUES (824, 348, 2);
INSERT INTO `ModulerDatabase`.`Feedback` (`feedback_ID`, `feedback_set_ID`, `feedback_score`) VALUES (825, 349, 2);
INSERT INTO `ModulerDatabase`.`Feedback` (`feedback_ID`, `feedback_set_ID`, `feedback_score`) VALUES (826, 350, 4);
INSERT INTO `ModulerDatabase`.`Feedback` (`feedback_ID`, `feedback_set_ID`, `feedback_score`) VALUES (827, 351, 5);
INSERT INTO `ModulerDatabase`.`Feedback` (`feedback_ID`, `feedback_set_ID`, `feedback_score`) VALUES (828, 352, 1);
INSERT INTO `ModulerDatabase`.`Feedback` (`feedback_ID`, `feedback_set_ID`, `feedback_score`) VALUES (829, 353, 1);
INSERT INTO `ModulerDatabase`.`Feedback` (`feedback_ID`, `feedback_set_ID`, `feedback_score`) VALUES (830, 354, 2);
INSERT INTO `ModulerDatabase`.`Feedback` (`feedback_ID`, `feedback_set_ID`, `feedback_score`) VALUES (831, 355, 5);
INSERT INTO `ModulerDatabase`.`Feedback` (`feedback_ID`, `feedback_set_ID`, `feedback_score`) VALUES (832, 356, 2);
INSERT INTO `ModulerDatabase`.`Feedback` (`feedback_ID`, `feedback_set_ID`, `feedback_score`) VALUES (833, 357, 3);
INSERT INTO `ModulerDatabase`.`Feedback` (`feedback_ID`, `feedback_set_ID`, `feedback_score`) VALUES (834, 358, 2);
INSERT INTO `ModulerDatabase`.`Feedback` (`feedback_ID`, `feedback_set_ID`, `feedback_score`) VALUES (835, 359, 3);
INSERT INTO `ModulerDatabase`.`Feedback` (`feedback_ID`, `feedback_set_ID`, `feedback_score`) VALUES (836, 360, 5);
INSERT INTO `ModulerDatabase`.`Feedback` (`feedback_ID`, `feedback_set_ID`, `feedback_score`) VALUES (837, 361, 4);
INSERT INTO `ModulerDatabase`.`Feedback` (`feedback_ID`, `feedback_set_ID`, `feedback_score`) VALUES (838, 362, 3);
INSERT INTO `ModulerDatabase`.`Feedback` (`feedback_ID`, `feedback_set_ID`, `feedback_score`) VALUES (839, 363, 2);
INSERT INTO `ModulerDatabase`.`Feedback` (`feedback_ID`, `feedback_set_ID`, `feedback_score`) VALUES (840, 364, 3);
INSERT INTO `ModulerDatabase`.`Feedback` (`feedback_ID`, `feedback_set_ID`, `feedback_score`) VALUES (841, 365, 5);
INSERT INTO `ModulerDatabase`.`Feedback` (`feedback_ID`, `feedback_set_ID`, `feedback_score`) VALUES (842, 366, 4);
INSERT INTO `ModulerDatabase`.`Feedback` (`feedback_ID`, `feedback_set_ID`, `feedback_score`) VALUES (843, 367, 4);
INSERT INTO `ModulerDatabase`.`Feedback` (`feedback_ID`, `feedback_set_ID`, `feedback_score`) VALUES (844, 368, 2);
INSERT INTO `ModulerDatabase`.`Feedback` (`feedback_ID`, `feedback_set_ID`, `feedback_score`) VALUES (845, 369, 1);
INSERT INTO `ModulerDatabase`.`Feedback` (`feedback_ID`, `feedback_set_ID`, `feedback_score`) VALUES (846, 370, 1);
INSERT INTO `ModulerDatabase`.`Feedback` (`feedback_ID`, `feedback_set_ID`, `feedback_score`) VALUES (847, 371, 1);
INSERT INTO `ModulerDatabase`.`Feedback` (`feedback_ID`, `feedback_set_ID`, `feedback_score`) VALUES (848, 372, 2);
INSERT INTO `ModulerDatabase`.`Feedback` (`feedback_ID`, `feedback_set_ID`, `feedback_score`) VALUES (849, 373, 5);
INSERT INTO `ModulerDatabase`.`Feedback` (`feedback_ID`, `feedback_set_ID`, `feedback_score`) VALUES (850, 374, 1);
INSERT INTO `ModulerDatabase`.`Feedback` (`feedback_ID`, `feedback_set_ID`, `feedback_score`) VALUES (851, 375, 5);
INSERT INTO `ModulerDatabase`.`Feedback` (`feedback_ID`, `feedback_set_ID`, `feedback_score`) VALUES (852, 376, 5);
INSERT INTO `ModulerDatabase`.`Feedback` (`feedback_ID`, `feedback_set_ID`, `feedback_score`) VALUES (853, 377, 5);
INSERT INTO `ModulerDatabase`.`Feedback` (`feedback_ID`, `feedback_set_ID`, `feedback_score`) VALUES (854, 378, 3);
INSERT INTO `ModulerDatabase`.`Feedback` (`feedback_ID`, `feedback_set_ID`, `feedback_score`) VALUES (855, 379, 2);
INSERT INTO `ModulerDatabase`.`Feedback` (`feedback_ID`, `feedback_set_ID`, `feedback_score`) VALUES (856, 380, 2);
INSERT INTO `ModulerDatabase`.`Feedback` (`feedback_ID`, `feedback_set_ID`, `feedback_score`) VALUES (857, 381, 1);
INSERT INTO `ModulerDatabase`.`Feedback` (`feedback_ID`, `feedback_set_ID`, `feedback_score`) VALUES (858, 382, 5);
INSERT INTO `ModulerDatabase`.`Feedback` (`feedback_ID`, `feedback_set_ID`, `feedback_score`) VALUES (859, 383, 2);
INSERT INTO `ModulerDatabase`.`Feedback` (`feedback_ID`, `feedback_set_ID`, `feedback_score`) VALUES (860, 384, 3);
INSERT INTO `ModulerDatabase`.`Feedback` (`feedback_ID`, `feedback_set_ID`, `feedback_score`) VALUES (861, 385, 2);
INSERT INTO `ModulerDatabase`.`Feedback` (`feedback_ID`, `feedback_set_ID`, `feedback_score`) VALUES (862, 386, 4);
INSERT INTO `ModulerDatabase`.`Feedback` (`feedback_ID`, `feedback_set_ID`, `feedback_score`) VALUES (863, 387, 3);
INSERT INTO `ModulerDatabase`.`Feedback` (`feedback_ID`, `feedback_set_ID`, `feedback_score`) VALUES (864, 388, 4);
INSERT INTO `ModulerDatabase`.`Feedback` (`feedback_ID`, `feedback_set_ID`, `feedback_score`) VALUES (865, 389, 4);
INSERT INTO `ModulerDatabase`.`Feedback` (`feedback_ID`, `feedback_set_ID`, `feedback_score`) VALUES (866, 390, 4);
INSERT INTO `ModulerDatabase`.`Feedback` (`feedback_ID`, `feedback_set_ID`, `feedback_score`) VALUES (867, 391, 4);
INSERT INTO `ModulerDatabase`.`Feedback` (`feedback_ID`, `feedback_set_ID`, `feedback_score`) VALUES (868, 392, 5);
INSERT INTO `ModulerDatabase`.`Feedback` (`feedback_ID`, `feedback_set_ID`, `feedback_score`) VALUES (869, 393, 2);
INSERT INTO `ModulerDatabase`.`Feedback` (`feedback_ID`, `feedback_set_ID`, `feedback_score`) VALUES (870, 394, 1);
INSERT INTO `ModulerDatabase`.`Feedback` (`feedback_ID`, `feedback_set_ID`, `feedback_score`) VALUES (871, 395, 5);
INSERT INTO `ModulerDatabase`.`Feedback` (`feedback_ID`, `feedback_set_ID`, `feedback_score`) VALUES (872, 396, 5);
INSERT INTO `ModulerDatabase`.`Feedback` (`feedback_ID`, `feedback_set_ID`, `feedback_score`) VALUES (873, 397, 5);
INSERT INTO `ModulerDatabase`.`Feedback` (`feedback_ID`, `feedback_set_ID`, `feedback_score`) VALUES (874, 398, 1);
INSERT INTO `ModulerDatabase`.`Feedback` (`feedback_ID`, `feedback_set_ID`, `feedback_score`) VALUES (875, 399, 4);
INSERT INTO `ModulerDatabase`.`Feedback` (`feedback_ID`, `feedback_set_ID`, `feedback_score`) VALUES (876, 400, 4);
INSERT INTO `ModulerDatabase`.`Feedback` (`feedback_ID`, `feedback_set_ID`, `feedback_score`) VALUES (877, 401, 3);
INSERT INTO `ModulerDatabase`.`Feedback` (`feedback_ID`, `feedback_set_ID`, `feedback_score`) VALUES (878, 402, 3);
INSERT INTO `ModulerDatabase`.`Feedback` (`feedback_ID`, `feedback_set_ID`, `feedback_score`) VALUES (879, 403, 4);
INSERT INTO `ModulerDatabase`.`Feedback` (`feedback_ID`, `feedback_set_ID`, `feedback_score`) VALUES (880, 404, 5);
INSERT INTO `ModulerDatabase`.`Feedback` (`feedback_ID`, `feedback_set_ID`, `feedback_score`) VALUES (881, 405, 3);
INSERT INTO `ModulerDatabase`.`Feedback` (`feedback_ID`, `feedback_set_ID`, `feedback_score`) VALUES (882, 406, 3);
INSERT INTO `ModulerDatabase`.`Feedback` (`feedback_ID`, `feedback_set_ID`, `feedback_score`) VALUES (883, 407, 5);
INSERT INTO `ModulerDatabase`.`Feedback` (`feedback_ID`, `feedback_set_ID`, `feedback_score`) VALUES (884, 408, 3);
INSERT INTO `ModulerDatabase`.`Feedback` (`feedback_ID`, `feedback_set_ID`, `feedback_score`) VALUES (885, 409, 2);
INSERT INTO `ModulerDatabase`.`Feedback` (`feedback_ID`, `feedback_set_ID`, `feedback_score`) VALUES (886, 410, 3);
INSERT INTO `ModulerDatabase`.`Feedback` (`feedback_ID`, `feedback_set_ID`, `feedback_score`) VALUES (887, 411, 2);
INSERT INTO `ModulerDatabase`.`Feedback` (`feedback_ID`, `feedback_set_ID`, `feedback_score`) VALUES (888, 412, 2);
INSERT INTO `ModulerDatabase`.`Feedback` (`feedback_ID`, `feedback_set_ID`, `feedback_score`) VALUES (889, 413, 1);
INSERT INTO `ModulerDatabase`.`Feedback` (`feedback_ID`, `feedback_set_ID`, `feedback_score`) VALUES (890, 414, 4);
INSERT INTO `ModulerDatabase`.`Feedback` (`feedback_ID`, `feedback_set_ID`, `feedback_score`) VALUES (891, 415, 4);
INSERT INTO `ModulerDatabase`.`Feedback` (`feedback_ID`, `feedback_set_ID`, `feedback_score`) VALUES (892, 416, 4);
INSERT INTO `ModulerDatabase`.`Feedback` (`feedback_ID`, `feedback_set_ID`, `feedback_score`) VALUES (893, 417, 2);
INSERT INTO `ModulerDatabase`.`Feedback` (`feedback_ID`, `feedback_set_ID`, `feedback_score`) VALUES (894, 418, 1);
INSERT INTO `ModulerDatabase`.`Feedback` (`feedback_ID`, `feedback_set_ID`, `feedback_score`) VALUES (895, 419, 5);
INSERT INTO `ModulerDatabase`.`Feedback` (`feedback_ID`, `feedback_set_ID`, `feedback_score`) VALUES (896, 420, 2);
INSERT INTO `ModulerDatabase`.`Feedback` (`feedback_ID`, `feedback_set_ID`, `feedback_score`) VALUES (897, 421, 3);
INSERT INTO `ModulerDatabase`.`Feedback` (`feedback_ID`, `feedback_set_ID`, `feedback_score`) VALUES (898, 422, 2);
INSERT INTO `ModulerDatabase`.`Feedback` (`feedback_ID`, `feedback_set_ID`, `feedback_score`) VALUES (899, 423, 2);
INSERT INTO `ModulerDatabase`.`Feedback` (`feedback_ID`, `feedback_set_ID`, `feedback_score`) VALUES (900, 424, 2);
INSERT INTO `ModulerDatabase`.`Feedback` (`feedback_ID`, `feedback_set_ID`, `feedback_score`) VALUES (901, 425, 1);
INSERT INTO `ModulerDatabase`.`Feedback` (`feedback_ID`, `feedback_set_ID`, `feedback_score`) VALUES (902, 426, 4);
INSERT INTO `ModulerDatabase`.`Feedback` (`feedback_ID`, `feedback_set_ID`, `feedback_score`) VALUES (903, 427, 1);
INSERT INTO `ModulerDatabase`.`Feedback` (`feedback_ID`, `feedback_set_ID`, `feedback_score`) VALUES (904, 428, 1);
INSERT INTO `ModulerDatabase`.`Feedback` (`feedback_ID`, `feedback_set_ID`, `feedback_score`) VALUES (905, 429, 5);
INSERT INTO `ModulerDatabase`.`Feedback` (`feedback_ID`, `feedback_set_ID`, `feedback_score`) VALUES (906, 430, 5);
INSERT INTO `ModulerDatabase`.`Feedback` (`feedback_ID`, `feedback_set_ID`, `feedback_score`) VALUES (907, 431, 3);
INSERT INTO `ModulerDatabase`.`Feedback` (`feedback_ID`, `feedback_set_ID`, `feedback_score`) VALUES (908, 432, 1);
INSERT INTO `ModulerDatabase`.`Feedback` (`feedback_ID`, `feedback_set_ID`, `feedback_score`) VALUES (909, 433, 4);
INSERT INTO `ModulerDatabase`.`Feedback` (`feedback_ID`, `feedback_set_ID`, `feedback_score`) VALUES (910, 434, 4);
INSERT INTO `ModulerDatabase`.`Feedback` (`feedback_ID`, `feedback_set_ID`, `feedback_score`) VALUES (911, 435, 5);
INSERT INTO `ModulerDatabase`.`Feedback` (`feedback_ID`, `feedback_set_ID`, `feedback_score`) VALUES (912, 436, 1);
INSERT INTO `ModulerDatabase`.`Feedback` (`feedback_ID`, `feedback_set_ID`, `feedback_score`) VALUES (913, 437, 3);
INSERT INTO `ModulerDatabase`.`Feedback` (`feedback_ID`, `feedback_set_ID`, `feedback_score`) VALUES (914, 438, 1);
INSERT INTO `ModulerDatabase`.`Feedback` (`feedback_ID`, `feedback_set_ID`, `feedback_score`) VALUES (915, 439, 5);
INSERT INTO `ModulerDatabase`.`Feedback` (`feedback_ID`, `feedback_set_ID`, `feedback_score`) VALUES (916, 440, 4);
INSERT INTO `ModulerDatabase`.`Feedback` (`feedback_ID`, `feedback_set_ID`, `feedback_score`) VALUES (917, 441, 2);
INSERT INTO `ModulerDatabase`.`Feedback` (`feedback_ID`, `feedback_set_ID`, `feedback_score`) VALUES (918, 442, 2);
INSERT INTO `ModulerDatabase`.`Feedback` (`feedback_ID`, `feedback_set_ID`, `feedback_score`) VALUES (919, 443, 4);
INSERT INTO `ModulerDatabase`.`Feedback` (`feedback_ID`, `feedback_set_ID`, `feedback_score`) VALUES (920, 444, 2);
INSERT INTO `ModulerDatabase`.`Feedback` (`feedback_ID`, `feedback_set_ID`, `feedback_score`) VALUES (921, 445, 5);
INSERT INTO `ModulerDatabase`.`Feedback` (`feedback_ID`, `feedback_set_ID`, `feedback_score`) VALUES (922, 446, 3);
INSERT INTO `ModulerDatabase`.`Feedback` (`feedback_ID`, `feedback_set_ID`, `feedback_score`) VALUES (923, 447, 4);
INSERT INTO `ModulerDatabase`.`Feedback` (`feedback_ID`, `feedback_set_ID`, `feedback_score`) VALUES (924, 448, 3);
INSERT INTO `ModulerDatabase`.`Feedback` (`feedback_ID`, `feedback_set_ID`, `feedback_score`) VALUES (925, 449, 5);
INSERT INTO `ModulerDatabase`.`Feedback` (`feedback_ID`, `feedback_set_ID`, `feedback_score`) VALUES (926, 450, 1);
INSERT INTO `ModulerDatabase`.`Feedback` (`feedback_ID`, `feedback_set_ID`, `feedback_score`) VALUES (927, 451, 2);
INSERT INTO `ModulerDatabase`.`Feedback` (`feedback_ID`, `feedback_set_ID`, `feedback_score`) VALUES (928, 452, 5);
INSERT INTO `ModulerDatabase`.`Feedback` (`feedback_ID`, `feedback_set_ID`, `feedback_score`) VALUES (929, 453, 5);
INSERT INTO `ModulerDatabase`.`Feedback` (`feedback_ID`, `feedback_set_ID`, `feedback_score`) VALUES (930, 454, 1);
INSERT INTO `ModulerDatabase`.`Feedback` (`feedback_ID`, `feedback_set_ID`, `feedback_score`) VALUES (931, 455, 4);
INSERT INTO `ModulerDatabase`.`Feedback` (`feedback_ID`, `feedback_set_ID`, `feedback_score`) VALUES (932, 456, 4);
INSERT INTO `ModulerDatabase`.`Feedback` (`feedback_ID`, `feedback_set_ID`, `feedback_score`) VALUES (933, 457, 2);
INSERT INTO `ModulerDatabase`.`Feedback` (`feedback_ID`, `feedback_set_ID`, `feedback_score`) VALUES (934, 458, 5);
INSERT INTO `ModulerDatabase`.`Feedback` (`feedback_ID`, `feedback_set_ID`, `feedback_score`) VALUES (935, 459, 4);
INSERT INTO `ModulerDatabase`.`Feedback` (`feedback_ID`, `feedback_set_ID`, `feedback_score`) VALUES (936, 460, 5);
INSERT INTO `ModulerDatabase`.`Feedback` (`feedback_ID`, `feedback_set_ID`, `feedback_score`) VALUES (937, 461, 2);
INSERT INTO `ModulerDatabase`.`Feedback` (`feedback_ID`, `feedback_set_ID`, `feedback_score`) VALUES (938, 462, 1);
INSERT INTO `ModulerDatabase`.`Feedback` (`feedback_ID`, `feedback_set_ID`, `feedback_score`) VALUES (939, 463, 2);
INSERT INTO `ModulerDatabase`.`Feedback` (`feedback_ID`, `feedback_set_ID`, `feedback_score`) VALUES (940, 464, 3);
INSERT INTO `ModulerDatabase`.`Feedback` (`feedback_ID`, `feedback_set_ID`, `feedback_score`) VALUES (941, 465, 1);
INSERT INTO `ModulerDatabase`.`Feedback` (`feedback_ID`, `feedback_set_ID`, `feedback_score`) VALUES (942, 466, 5);
INSERT INTO `ModulerDatabase`.`Feedback` (`feedback_ID`, `feedback_set_ID`, `feedback_score`) VALUES (943, 467, 4);
INSERT INTO `ModulerDatabase`.`Feedback` (`feedback_ID`, `feedback_set_ID`, `feedback_score`) VALUES (944, 468, 1);
INSERT INTO `ModulerDatabase`.`Feedback` (`feedback_ID`, `feedback_set_ID`, `feedback_score`) VALUES (945, 469, 3);
INSERT INTO `ModulerDatabase`.`Feedback` (`feedback_ID`, `feedback_set_ID`, `feedback_score`) VALUES (946, 470, 5);
INSERT INTO `ModulerDatabase`.`Feedback` (`feedback_ID`, `feedback_set_ID`, `feedback_score`) VALUES (947, 471, 1);
INSERT INTO `ModulerDatabase`.`Feedback` (`feedback_ID`, `feedback_set_ID`, `feedback_score`) VALUES (948, 472, 3);
INSERT INTO `ModulerDatabase`.`Feedback` (`feedback_ID`, `feedback_set_ID`, `feedback_score`) VALUES (949, 473, 4);
INSERT INTO `ModulerDatabase`.`Feedback` (`feedback_ID`, `feedback_set_ID`, `feedback_score`) VALUES (950, 474, 5);
INSERT INTO `ModulerDatabase`.`Feedback` (`feedback_ID`, `feedback_set_ID`, `feedback_score`) VALUES (951, 475, 4);
INSERT INTO `ModulerDatabase`.`Feedback` (`feedback_ID`, `feedback_set_ID`, `feedback_score`) VALUES (952, 476, 2);
INSERT INTO `ModulerDatabase`.`Feedback` (`feedback_ID`, `feedback_set_ID`, `feedback_score`) VALUES (953, 1, 3);
INSERT INTO `ModulerDatabase`.`Feedback` (`feedback_ID`, `feedback_set_ID`, `feedback_score`) VALUES (954, 2, 5);
INSERT INTO `ModulerDatabase`.`Feedback` (`feedback_ID`, `feedback_set_ID`, `feedback_score`) VALUES (955, 3, 3);
INSERT INTO `ModulerDatabase`.`Feedback` (`feedback_ID`, `feedback_set_ID`, `feedback_score`) VALUES (956, 4, 3);
INSERT INTO `ModulerDatabase`.`Feedback` (`feedback_ID`, `feedback_set_ID`, `feedback_score`) VALUES (957, 5, 4);
INSERT INTO `ModulerDatabase`.`Feedback` (`feedback_ID`, `feedback_set_ID`, `feedback_score`) VALUES (958, 6, 5);
INSERT INTO `ModulerDatabase`.`Feedback` (`feedback_ID`, `feedback_set_ID`, `feedback_score`) VALUES (959, 7, 4);
INSERT INTO `ModulerDatabase`.`Feedback` (`feedback_ID`, `feedback_set_ID`, `feedback_score`) VALUES (960, 8, 4);
INSERT INTO `ModulerDatabase`.`Feedback` (`feedback_ID`, `feedback_set_ID`, `feedback_score`) VALUES (961, 9, 3);
INSERT INTO `ModulerDatabase`.`Feedback` (`feedback_ID`, `feedback_set_ID`, `feedback_score`) VALUES (962, 10, 1);
INSERT INTO `ModulerDatabase`.`Feedback` (`feedback_ID`, `feedback_set_ID`, `feedback_score`) VALUES (963, 11, 4);
INSERT INTO `ModulerDatabase`.`Feedback` (`feedback_ID`, `feedback_set_ID`, `feedback_score`) VALUES (964, 12, 5);
INSERT INTO `ModulerDatabase`.`Feedback` (`feedback_ID`, `feedback_set_ID`, `feedback_score`) VALUES (965, 13, 1);
INSERT INTO `ModulerDatabase`.`Feedback` (`feedback_ID`, `feedback_set_ID`, `feedback_score`) VALUES (966, 14, 1);
INSERT INTO `ModulerDatabase`.`Feedback` (`feedback_ID`, `feedback_set_ID`, `feedback_score`) VALUES (967, 15, 3);
INSERT INTO `ModulerDatabase`.`Feedback` (`feedback_ID`, `feedback_set_ID`, `feedback_score`) VALUES (968, 16, 1);
INSERT INTO `ModulerDatabase`.`Feedback` (`feedback_ID`, `feedback_set_ID`, `feedback_score`) VALUES (969, 17, 2);
INSERT INTO `ModulerDatabase`.`Feedback` (`feedback_ID`, `feedback_set_ID`, `feedback_score`) VALUES (970, 18, 5);
INSERT INTO `ModulerDatabase`.`Feedback` (`feedback_ID`, `feedback_set_ID`, `feedback_score`) VALUES (971, 19, 1);
INSERT INTO `ModulerDatabase`.`Feedback` (`feedback_ID`, `feedback_set_ID`, `feedback_score`) VALUES (972, 20, 1);
INSERT INTO `ModulerDatabase`.`Feedback` (`feedback_ID`, `feedback_set_ID`, `feedback_score`) VALUES (973, 21, 1);
INSERT INTO `ModulerDatabase`.`Feedback` (`feedback_ID`, `feedback_set_ID`, `feedback_score`) VALUES (974, 22, 4);
INSERT INTO `ModulerDatabase`.`Feedback` (`feedback_ID`, `feedback_set_ID`, `feedback_score`) VALUES (975, 23, 1);
INSERT INTO `ModulerDatabase`.`Feedback` (`feedback_ID`, `feedback_set_ID`, `feedback_score`) VALUES (976, 24, 1);
INSERT INTO `ModulerDatabase`.`Feedback` (`feedback_ID`, `feedback_set_ID`, `feedback_score`) VALUES (977, 25, 2);
INSERT INTO `ModulerDatabase`.`Feedback` (`feedback_ID`, `feedback_set_ID`, `feedback_score`) VALUES (978, 26, 1);
INSERT INTO `ModulerDatabase`.`Feedback` (`feedback_ID`, `feedback_set_ID`, `feedback_score`) VALUES (979, 27, 1);
INSERT INTO `ModulerDatabase`.`Feedback` (`feedback_ID`, `feedback_set_ID`, `feedback_score`) VALUES (980, 28, 2);
INSERT INTO `ModulerDatabase`.`Feedback` (`feedback_ID`, `feedback_set_ID`, `feedback_score`) VALUES (981, 29, 2);
INSERT INTO `ModulerDatabase`.`Feedback` (`feedback_ID`, `feedback_set_ID`, `feedback_score`) VALUES (982, 30, 1);
INSERT INTO `ModulerDatabase`.`Feedback` (`feedback_ID`, `feedback_set_ID`, `feedback_score`) VALUES (983, 31, 2);
INSERT INTO `ModulerDatabase`.`Feedback` (`feedback_ID`, `feedback_set_ID`, `feedback_score`) VALUES (984, 32, 4);
INSERT INTO `ModulerDatabase`.`Feedback` (`feedback_ID`, `feedback_set_ID`, `feedback_score`) VALUES (985, 33, 5);
INSERT INTO `ModulerDatabase`.`Feedback` (`feedback_ID`, `feedback_set_ID`, `feedback_score`) VALUES (986, 34, 5);
INSERT INTO `ModulerDatabase`.`Feedback` (`feedback_ID`, `feedback_set_ID`, `feedback_score`) VALUES (987, 35, 5);
INSERT INTO `ModulerDatabase`.`Feedback` (`feedback_ID`, `feedback_set_ID`, `feedback_score`) VALUES (988, 36, 1);
INSERT INTO `ModulerDatabase`.`Feedback` (`feedback_ID`, `feedback_set_ID`, `feedback_score`) VALUES (989, 37, 3);
INSERT INTO `ModulerDatabase`.`Feedback` (`feedback_ID`, `feedback_set_ID`, `feedback_score`) VALUES (990, 38, 3);
INSERT INTO `ModulerDatabase`.`Feedback` (`feedback_ID`, `feedback_set_ID`, `feedback_score`) VALUES (991, 39, 4);
INSERT INTO `ModulerDatabase`.`Feedback` (`feedback_ID`, `feedback_set_ID`, `feedback_score`) VALUES (992, 40, 3);
INSERT INTO `ModulerDatabase`.`Feedback` (`feedback_ID`, `feedback_set_ID`, `feedback_score`) VALUES (993, 41, 4);
INSERT INTO `ModulerDatabase`.`Feedback` (`feedback_ID`, `feedback_set_ID`, `feedback_score`) VALUES (994, 42, 4);
INSERT INTO `ModulerDatabase`.`Feedback` (`feedback_ID`, `feedback_set_ID`, `feedback_score`) VALUES (995, 43, 1);
INSERT INTO `ModulerDatabase`.`Feedback` (`feedback_ID`, `feedback_set_ID`, `feedback_score`) VALUES (996, 44, 2);
INSERT INTO `ModulerDatabase`.`Feedback` (`feedback_ID`, `feedback_set_ID`, `feedback_score`) VALUES (997, 45, 2);
INSERT INTO `ModulerDatabase`.`Feedback` (`feedback_ID`, `feedback_set_ID`, `feedback_score`) VALUES (998, 46, 5);
INSERT INTO `ModulerDatabase`.`Feedback` (`feedback_ID`, `feedback_set_ID`, `feedback_score`) VALUES (999, 47, 4);
INSERT INTO `ModulerDatabase`.`Feedback` (`feedback_ID`, `feedback_set_ID`, `feedback_score`) VALUES (1000, 48, 4);
INSERT INTO `ModulerDatabase`.`Feedback` (`feedback_ID`, `feedback_set_ID`, `feedback_score`) VALUES (1001, 49, 3);
INSERT INTO `ModulerDatabase`.`Feedback` (`feedback_ID`, `feedback_set_ID`, `feedback_score`) VALUES (1002, 50, 2);
INSERT INTO `ModulerDatabase`.`Feedback` (`feedback_ID`, `feedback_set_ID`, `feedback_score`) VALUES (1003, 51, 5);
INSERT INTO `ModulerDatabase`.`Feedback` (`feedback_ID`, `feedback_set_ID`, `feedback_score`) VALUES (1004, 52, 4);
INSERT INTO `ModulerDatabase`.`Feedback` (`feedback_ID`, `feedback_set_ID`, `feedback_score`) VALUES (1005, 53, 1);
INSERT INTO `ModulerDatabase`.`Feedback` (`feedback_ID`, `feedback_set_ID`, `feedback_score`) VALUES (1006, 54, 4);
INSERT INTO `ModulerDatabase`.`Feedback` (`feedback_ID`, `feedback_set_ID`, `feedback_score`) VALUES (1007, 55, 5);
INSERT INTO `ModulerDatabase`.`Feedback` (`feedback_ID`, `feedback_set_ID`, `feedback_score`) VALUES (1008, 56, 4);
INSERT INTO `ModulerDatabase`.`Feedback` (`feedback_ID`, `feedback_set_ID`, `feedback_score`) VALUES (1009, 57, 5);
INSERT INTO `ModulerDatabase`.`Feedback` (`feedback_ID`, `feedback_set_ID`, `feedback_score`) VALUES (1010, 58, 1);
INSERT INTO `ModulerDatabase`.`Feedback` (`feedback_ID`, `feedback_set_ID`, `feedback_score`) VALUES (1011, 59, 2);
INSERT INTO `ModulerDatabase`.`Feedback` (`feedback_ID`, `feedback_set_ID`, `feedback_score`) VALUES (1012, 60, 4);
INSERT INTO `ModulerDatabase`.`Feedback` (`feedback_ID`, `feedback_set_ID`, `feedback_score`) VALUES (1013, 61, 3);
INSERT INTO `ModulerDatabase`.`Feedback` (`feedback_ID`, `feedback_set_ID`, `feedback_score`) VALUES (1014, 62, 5);
INSERT INTO `ModulerDatabase`.`Feedback` (`feedback_ID`, `feedback_set_ID`, `feedback_score`) VALUES (1015, 63, 5);
INSERT INTO `ModulerDatabase`.`Feedback` (`feedback_ID`, `feedback_set_ID`, `feedback_score`) VALUES (1016, 64, 5);
INSERT INTO `ModulerDatabase`.`Feedback` (`feedback_ID`, `feedback_set_ID`, `feedback_score`) VALUES (1017, 65, 2);
INSERT INTO `ModulerDatabase`.`Feedback` (`feedback_ID`, `feedback_set_ID`, `feedback_score`) VALUES (1018, 66, 5);
INSERT INTO `ModulerDatabase`.`Feedback` (`feedback_ID`, `feedback_set_ID`, `feedback_score`) VALUES (1019, 67, 1);
INSERT INTO `ModulerDatabase`.`Feedback` (`feedback_ID`, `feedback_set_ID`, `feedback_score`) VALUES (1020, 68, 4);
INSERT INTO `ModulerDatabase`.`Feedback` (`feedback_ID`, `feedback_set_ID`, `feedback_score`) VALUES (1021, 69, 2);
INSERT INTO `ModulerDatabase`.`Feedback` (`feedback_ID`, `feedback_set_ID`, `feedback_score`) VALUES (1022, 70, 4);
INSERT INTO `ModulerDatabase`.`Feedback` (`feedback_ID`, `feedback_set_ID`, `feedback_score`) VALUES (1023, 71, 5);
INSERT INTO `ModulerDatabase`.`Feedback` (`feedback_ID`, `feedback_set_ID`, `feedback_score`) VALUES (1024, 72, 1);
INSERT INTO `ModulerDatabase`.`Feedback` (`feedback_ID`, `feedback_set_ID`, `feedback_score`) VALUES (1025, 73, 2);
INSERT INTO `ModulerDatabase`.`Feedback` (`feedback_ID`, `feedback_set_ID`, `feedback_score`) VALUES (1026, 74, 3);
INSERT INTO `ModulerDatabase`.`Feedback` (`feedback_ID`, `feedback_set_ID`, `feedback_score`) VALUES (1027, 75, 5);
INSERT INTO `ModulerDatabase`.`Feedback` (`feedback_ID`, `feedback_set_ID`, `feedback_score`) VALUES (1028, 76, 5);
INSERT INTO `ModulerDatabase`.`Feedback` (`feedback_ID`, `feedback_set_ID`, `feedback_score`) VALUES (1029, 77, 4);
INSERT INTO `ModulerDatabase`.`Feedback` (`feedback_ID`, `feedback_set_ID`, `feedback_score`) VALUES (1030, 78, 2);
INSERT INTO `ModulerDatabase`.`Feedback` (`feedback_ID`, `feedback_set_ID`, `feedback_score`) VALUES (1031, 79, 2);
INSERT INTO `ModulerDatabase`.`Feedback` (`feedback_ID`, `feedback_set_ID`, `feedback_score`) VALUES (1032, 80, 3);
INSERT INTO `ModulerDatabase`.`Feedback` (`feedback_ID`, `feedback_set_ID`, `feedback_score`) VALUES (1033, 81, 5);
INSERT INTO `ModulerDatabase`.`Feedback` (`feedback_ID`, `feedback_set_ID`, `feedback_score`) VALUES (1034, 82, 4);
INSERT INTO `ModulerDatabase`.`Feedback` (`feedback_ID`, `feedback_set_ID`, `feedback_score`) VALUES (1035, 83, 4);
INSERT INTO `ModulerDatabase`.`Feedback` (`feedback_ID`, `feedback_set_ID`, `feedback_score`) VALUES (1036, 84, 4);
INSERT INTO `ModulerDatabase`.`Feedback` (`feedback_ID`, `feedback_set_ID`, `feedback_score`) VALUES (1037, 85, 5);
INSERT INTO `ModulerDatabase`.`Feedback` (`feedback_ID`, `feedback_set_ID`, `feedback_score`) VALUES (1038, 86, 4);
INSERT INTO `ModulerDatabase`.`Feedback` (`feedback_ID`, `feedback_set_ID`, `feedback_score`) VALUES (1039, 87, 2);
INSERT INTO `ModulerDatabase`.`Feedback` (`feedback_ID`, `feedback_set_ID`, `feedback_score`) VALUES (1040, 88, 5);
INSERT INTO `ModulerDatabase`.`Feedback` (`feedback_ID`, `feedback_set_ID`, `feedback_score`) VALUES (1041, 89, 3);
INSERT INTO `ModulerDatabase`.`Feedback` (`feedback_ID`, `feedback_set_ID`, `feedback_score`) VALUES (1042, 90, 2);
INSERT INTO `ModulerDatabase`.`Feedback` (`feedback_ID`, `feedback_set_ID`, `feedback_score`) VALUES (1043, 91, 2);
INSERT INTO `ModulerDatabase`.`Feedback` (`feedback_ID`, `feedback_set_ID`, `feedback_score`) VALUES (1044, 92, 1);
INSERT INTO `ModulerDatabase`.`Feedback` (`feedback_ID`, `feedback_set_ID`, `feedback_score`) VALUES (1045, 93, 4);
INSERT INTO `ModulerDatabase`.`Feedback` (`feedback_ID`, `feedback_set_ID`, `feedback_score`) VALUES (1046, 94, 4);
INSERT INTO `ModulerDatabase`.`Feedback` (`feedback_ID`, `feedback_set_ID`, `feedback_score`) VALUES (1047, 95, 4);
INSERT INTO `ModulerDatabase`.`Feedback` (`feedback_ID`, `feedback_set_ID`, `feedback_score`) VALUES (1048, 96, 1);
INSERT INTO `ModulerDatabase`.`Feedback` (`feedback_ID`, `feedback_set_ID`, `feedback_score`) VALUES (1049, 97, 4);
INSERT INTO `ModulerDatabase`.`Feedback` (`feedback_ID`, `feedback_set_ID`, `feedback_score`) VALUES (1050, 98, 3);
INSERT INTO `ModulerDatabase`.`Feedback` (`feedback_ID`, `feedback_set_ID`, `feedback_score`) VALUES (1051, 99, 5);
INSERT INTO `ModulerDatabase`.`Feedback` (`feedback_ID`, `feedback_set_ID`, `feedback_score`) VALUES (1052, 100, 1);
INSERT INTO `ModulerDatabase`.`Feedback` (`feedback_ID`, `feedback_set_ID`, `feedback_score`) VALUES (1053, 101, 5);
INSERT INTO `ModulerDatabase`.`Feedback` (`feedback_ID`, `feedback_set_ID`, `feedback_score`) VALUES (1054, 102, 1);
INSERT INTO `ModulerDatabase`.`Feedback` (`feedback_ID`, `feedback_set_ID`, `feedback_score`) VALUES (1055, 103, 4);
INSERT INTO `ModulerDatabase`.`Feedback` (`feedback_ID`, `feedback_set_ID`, `feedback_score`) VALUES (1056, 104, 4);
INSERT INTO `ModulerDatabase`.`Feedback` (`feedback_ID`, `feedback_set_ID`, `feedback_score`) VALUES (1057, 105, 2);
INSERT INTO `ModulerDatabase`.`Feedback` (`feedback_ID`, `feedback_set_ID`, `feedback_score`) VALUES (1058, 106, 3);
INSERT INTO `ModulerDatabase`.`Feedback` (`feedback_ID`, `feedback_set_ID`, `feedback_score`) VALUES (1059, 107, 2);
INSERT INTO `ModulerDatabase`.`Feedback` (`feedback_ID`, `feedback_set_ID`, `feedback_score`) VALUES (1060, 108, 3);
INSERT INTO `ModulerDatabase`.`Feedback` (`feedback_ID`, `feedback_set_ID`, `feedback_score`) VALUES (1061, 109, 2);
INSERT INTO `ModulerDatabase`.`Feedback` (`feedback_ID`, `feedback_set_ID`, `feedback_score`) VALUES (1062, 110, 3);
INSERT INTO `ModulerDatabase`.`Feedback` (`feedback_ID`, `feedback_set_ID`, `feedback_score`) VALUES (1063, 111, 1);
INSERT INTO `ModulerDatabase`.`Feedback` (`feedback_ID`, `feedback_set_ID`, `feedback_score`) VALUES (1064, 112, 2);
INSERT INTO `ModulerDatabase`.`Feedback` (`feedback_ID`, `feedback_set_ID`, `feedback_score`) VALUES (1065, 113, 1);
INSERT INTO `ModulerDatabase`.`Feedback` (`feedback_ID`, `feedback_set_ID`, `feedback_score`) VALUES (1066, 114, 4);
INSERT INTO `ModulerDatabase`.`Feedback` (`feedback_ID`, `feedback_set_ID`, `feedback_score`) VALUES (1067, 115, 4);
INSERT INTO `ModulerDatabase`.`Feedback` (`feedback_ID`, `feedback_set_ID`, `feedback_score`) VALUES (1068, 116, 3);
INSERT INTO `ModulerDatabase`.`Feedback` (`feedback_ID`, `feedback_set_ID`, `feedback_score`) VALUES (1069, 117, 1);
INSERT INTO `ModulerDatabase`.`Feedback` (`feedback_ID`, `feedback_set_ID`, `feedback_score`) VALUES (1070, 118, 5);
INSERT INTO `ModulerDatabase`.`Feedback` (`feedback_ID`, `feedback_set_ID`, `feedback_score`) VALUES (1071, 119, 5);
INSERT INTO `ModulerDatabase`.`Feedback` (`feedback_ID`, `feedback_set_ID`, `feedback_score`) VALUES (1072, 120, 4);
INSERT INTO `ModulerDatabase`.`Feedback` (`feedback_ID`, `feedback_set_ID`, `feedback_score`) VALUES (1073, 121, 1);
INSERT INTO `ModulerDatabase`.`Feedback` (`feedback_ID`, `feedback_set_ID`, `feedback_score`) VALUES (1074, 122, 3);
INSERT INTO `ModulerDatabase`.`Feedback` (`feedback_ID`, `feedback_set_ID`, `feedback_score`) VALUES (1075, 123, 3);
INSERT INTO `ModulerDatabase`.`Feedback` (`feedback_ID`, `feedback_set_ID`, `feedback_score`) VALUES (1076, 124, 4);
INSERT INTO `ModulerDatabase`.`Feedback` (`feedback_ID`, `feedback_set_ID`, `feedback_score`) VALUES (1077, 125, 4);
INSERT INTO `ModulerDatabase`.`Feedback` (`feedback_ID`, `feedback_set_ID`, `feedback_score`) VALUES (1078, 126, 2);
INSERT INTO `ModulerDatabase`.`Feedback` (`feedback_ID`, `feedback_set_ID`, `feedback_score`) VALUES (1079, 127, 5);
INSERT INTO `ModulerDatabase`.`Feedback` (`feedback_ID`, `feedback_set_ID`, `feedback_score`) VALUES (1080, 128, 5);
INSERT INTO `ModulerDatabase`.`Feedback` (`feedback_ID`, `feedback_set_ID`, `feedback_score`) VALUES (1081, 129, 5);
INSERT INTO `ModulerDatabase`.`Feedback` (`feedback_ID`, `feedback_set_ID`, `feedback_score`) VALUES (1082, 130, 3);
INSERT INTO `ModulerDatabase`.`Feedback` (`feedback_ID`, `feedback_set_ID`, `feedback_score`) VALUES (1083, 131, 2);
INSERT INTO `ModulerDatabase`.`Feedback` (`feedback_ID`, `feedback_set_ID`, `feedback_score`) VALUES (1084, 132, 2);
INSERT INTO `ModulerDatabase`.`Feedback` (`feedback_ID`, `feedback_set_ID`, `feedback_score`) VALUES (1085, 133, 1);
INSERT INTO `ModulerDatabase`.`Feedback` (`feedback_ID`, `feedback_set_ID`, `feedback_score`) VALUES (1086, 134, 5);
INSERT INTO `ModulerDatabase`.`Feedback` (`feedback_ID`, `feedback_set_ID`, `feedback_score`) VALUES (1087, 135, 5);
INSERT INTO `ModulerDatabase`.`Feedback` (`feedback_ID`, `feedback_set_ID`, `feedback_score`) VALUES (1088, 136, 5);
INSERT INTO `ModulerDatabase`.`Feedback` (`feedback_ID`, `feedback_set_ID`, `feedback_score`) VALUES (1089, 137, 5);
INSERT INTO `ModulerDatabase`.`Feedback` (`feedback_ID`, `feedback_set_ID`, `feedback_score`) VALUES (1090, 138, 1);
INSERT INTO `ModulerDatabase`.`Feedback` (`feedback_ID`, `feedback_set_ID`, `feedback_score`) VALUES (1091, 139, 1);
INSERT INTO `ModulerDatabase`.`Feedback` (`feedback_ID`, `feedback_set_ID`, `feedback_score`) VALUES (1092, 140, 3);
INSERT INTO `ModulerDatabase`.`Feedback` (`feedback_ID`, `feedback_set_ID`, `feedback_score`) VALUES (1093, 141, 3);
INSERT INTO `ModulerDatabase`.`Feedback` (`feedback_ID`, `feedback_set_ID`, `feedback_score`) VALUES (1094, 142, 2);
INSERT INTO `ModulerDatabase`.`Feedback` (`feedback_ID`, `feedback_set_ID`, `feedback_score`) VALUES (1095, 143, 1);
INSERT INTO `ModulerDatabase`.`Feedback` (`feedback_ID`, `feedback_set_ID`, `feedback_score`) VALUES (1096, 144, 3);
INSERT INTO `ModulerDatabase`.`Feedback` (`feedback_ID`, `feedback_set_ID`, `feedback_score`) VALUES (1097, 145, 1);
INSERT INTO `ModulerDatabase`.`Feedback` (`feedback_ID`, `feedback_set_ID`, `feedback_score`) VALUES (1098, 146, 2);
INSERT INTO `ModulerDatabase`.`Feedback` (`feedback_ID`, `feedback_set_ID`, `feedback_score`) VALUES (1099, 147, 4);
INSERT INTO `ModulerDatabase`.`Feedback` (`feedback_ID`, `feedback_set_ID`, `feedback_score`) VALUES (1100, 148, 1);
INSERT INTO `ModulerDatabase`.`Feedback` (`feedback_ID`, `feedback_set_ID`, `feedback_score`) VALUES (1101, 149, 5);
INSERT INTO `ModulerDatabase`.`Feedback` (`feedback_ID`, `feedback_set_ID`, `feedback_score`) VALUES (1102, 150, 5);
INSERT INTO `ModulerDatabase`.`Feedback` (`feedback_ID`, `feedback_set_ID`, `feedback_score`) VALUES (1103, 151, 1);
INSERT INTO `ModulerDatabase`.`Feedback` (`feedback_ID`, `feedback_set_ID`, `feedback_score`) VALUES (1104, 152, 5);
INSERT INTO `ModulerDatabase`.`Feedback` (`feedback_ID`, `feedback_set_ID`, `feedback_score`) VALUES (1105, 153, 5);
INSERT INTO `ModulerDatabase`.`Feedback` (`feedback_ID`, `feedback_set_ID`, `feedback_score`) VALUES (1106, 154, 5);
INSERT INTO `ModulerDatabase`.`Feedback` (`feedback_ID`, `feedback_set_ID`, `feedback_score`) VALUES (1107, 155, 2);
INSERT INTO `ModulerDatabase`.`Feedback` (`feedback_ID`, `feedback_set_ID`, `feedback_score`) VALUES (1108, 156, 2);
INSERT INTO `ModulerDatabase`.`Feedback` (`feedback_ID`, `feedback_set_ID`, `feedback_score`) VALUES (1109, 157, 4);
INSERT INTO `ModulerDatabase`.`Feedback` (`feedback_ID`, `feedback_set_ID`, `feedback_score`) VALUES (1110, 158, 1);
INSERT INTO `ModulerDatabase`.`Feedback` (`feedback_ID`, `feedback_set_ID`, `feedback_score`) VALUES (1111, 159, 2);
INSERT INTO `ModulerDatabase`.`Feedback` (`feedback_ID`, `feedback_set_ID`, `feedback_score`) VALUES (1112, 160, 3);
INSERT INTO `ModulerDatabase`.`Feedback` (`feedback_ID`, `feedback_set_ID`, `feedback_score`) VALUES (1113, 161, 4);
INSERT INTO `ModulerDatabase`.`Feedback` (`feedback_ID`, `feedback_set_ID`, `feedback_score`) VALUES (1114, 162, 4);
INSERT INTO `ModulerDatabase`.`Feedback` (`feedback_ID`, `feedback_set_ID`, `feedback_score`) VALUES (1115, 163, 3);
INSERT INTO `ModulerDatabase`.`Feedback` (`feedback_ID`, `feedback_set_ID`, `feedback_score`) VALUES (1116, 164, 1);
INSERT INTO `ModulerDatabase`.`Feedback` (`feedback_ID`, `feedback_set_ID`, `feedback_score`) VALUES (1117, 165, 2);
INSERT INTO `ModulerDatabase`.`Feedback` (`feedback_ID`, `feedback_set_ID`, `feedback_score`) VALUES (1118, 166, 3);
INSERT INTO `ModulerDatabase`.`Feedback` (`feedback_ID`, `feedback_set_ID`, `feedback_score`) VALUES (1119, 167, 5);
INSERT INTO `ModulerDatabase`.`Feedback` (`feedback_ID`, `feedback_set_ID`, `feedback_score`) VALUES (1120, 168, 1);
INSERT INTO `ModulerDatabase`.`Feedback` (`feedback_ID`, `feedback_set_ID`, `feedback_score`) VALUES (1121, 169, 4);
INSERT INTO `ModulerDatabase`.`Feedback` (`feedback_ID`, `feedback_set_ID`, `feedback_score`) VALUES (1122, 170, 1);
INSERT INTO `ModulerDatabase`.`Feedback` (`feedback_ID`, `feedback_set_ID`, `feedback_score`) VALUES (1123, 171, 1);
INSERT INTO `ModulerDatabase`.`Feedback` (`feedback_ID`, `feedback_set_ID`, `feedback_score`) VALUES (1124, 172, 5);
INSERT INTO `ModulerDatabase`.`Feedback` (`feedback_ID`, `feedback_set_ID`, `feedback_score`) VALUES (1125, 173, 2);
INSERT INTO `ModulerDatabase`.`Feedback` (`feedback_ID`, `feedback_set_ID`, `feedback_score`) VALUES (1126, 174, 2);
INSERT INTO `ModulerDatabase`.`Feedback` (`feedback_ID`, `feedback_set_ID`, `feedback_score`) VALUES (1127, 175, 1);
INSERT INTO `ModulerDatabase`.`Feedback` (`feedback_ID`, `feedback_set_ID`, `feedback_score`) VALUES (1128, 176, 5);
INSERT INTO `ModulerDatabase`.`Feedback` (`feedback_ID`, `feedback_set_ID`, `feedback_score`) VALUES (1129, 177, 3);
INSERT INTO `ModulerDatabase`.`Feedback` (`feedback_ID`, `feedback_set_ID`, `feedback_score`) VALUES (1130, 178, 3);
INSERT INTO `ModulerDatabase`.`Feedback` (`feedback_ID`, `feedback_set_ID`, `feedback_score`) VALUES (1131, 179, 4);
INSERT INTO `ModulerDatabase`.`Feedback` (`feedback_ID`, `feedback_set_ID`, `feedback_score`) VALUES (1132, 180, 4);
INSERT INTO `ModulerDatabase`.`Feedback` (`feedback_ID`, `feedback_set_ID`, `feedback_score`) VALUES (1133, 181, 1);
INSERT INTO `ModulerDatabase`.`Feedback` (`feedback_ID`, `feedback_set_ID`, `feedback_score`) VALUES (1134, 182, 3);
INSERT INTO `ModulerDatabase`.`Feedback` (`feedback_ID`, `feedback_set_ID`, `feedback_score`) VALUES (1135, 183, 3);
INSERT INTO `ModulerDatabase`.`Feedback` (`feedback_ID`, `feedback_set_ID`, `feedback_score`) VALUES (1136, 184, 5);
INSERT INTO `ModulerDatabase`.`Feedback` (`feedback_ID`, `feedback_set_ID`, `feedback_score`) VALUES (1137, 185, 5);
INSERT INTO `ModulerDatabase`.`Feedback` (`feedback_ID`, `feedback_set_ID`, `feedback_score`) VALUES (1138, 186, 1);
INSERT INTO `ModulerDatabase`.`Feedback` (`feedback_ID`, `feedback_set_ID`, `feedback_score`) VALUES (1139, 187, 5);
INSERT INTO `ModulerDatabase`.`Feedback` (`feedback_ID`, `feedback_set_ID`, `feedback_score`) VALUES (1140, 188, 5);
INSERT INTO `ModulerDatabase`.`Feedback` (`feedback_ID`, `feedback_set_ID`, `feedback_score`) VALUES (1141, 189, 5);
INSERT INTO `ModulerDatabase`.`Feedback` (`feedback_ID`, `feedback_set_ID`, `feedback_score`) VALUES (1142, 190, 5);
INSERT INTO `ModulerDatabase`.`Feedback` (`feedback_ID`, `feedback_set_ID`, `feedback_score`) VALUES (1143, 191, 2);
INSERT INTO `ModulerDatabase`.`Feedback` (`feedback_ID`, `feedback_set_ID`, `feedback_score`) VALUES (1144, 192, 5);
INSERT INTO `ModulerDatabase`.`Feedback` (`feedback_ID`, `feedback_set_ID`, `feedback_score`) VALUES (1145, 193, 2);
INSERT INTO `ModulerDatabase`.`Feedback` (`feedback_ID`, `feedback_set_ID`, `feedback_score`) VALUES (1146, 194, 3);
INSERT INTO `ModulerDatabase`.`Feedback` (`feedback_ID`, `feedback_set_ID`, `feedback_score`) VALUES (1147, 195, 4);
INSERT INTO `ModulerDatabase`.`Feedback` (`feedback_ID`, `feedback_set_ID`, `feedback_score`) VALUES (1148, 196, 1);
INSERT INTO `ModulerDatabase`.`Feedback` (`feedback_ID`, `feedback_set_ID`, `feedback_score`) VALUES (1149, 197, 5);
INSERT INTO `ModulerDatabase`.`Feedback` (`feedback_ID`, `feedback_set_ID`, `feedback_score`) VALUES (1150, 198, 5);
INSERT INTO `ModulerDatabase`.`Feedback` (`feedback_ID`, `feedback_set_ID`, `feedback_score`) VALUES (1151, 199, 1);
INSERT INTO `ModulerDatabase`.`Feedback` (`feedback_ID`, `feedback_set_ID`, `feedback_score`) VALUES (1152, 200, 1);
INSERT INTO `ModulerDatabase`.`Feedback` (`feedback_ID`, `feedback_set_ID`, `feedback_score`) VALUES (1153, 201, 5);
INSERT INTO `ModulerDatabase`.`Feedback` (`feedback_ID`, `feedback_set_ID`, `feedback_score`) VALUES (1154, 202, 5);
INSERT INTO `ModulerDatabase`.`Feedback` (`feedback_ID`, `feedback_set_ID`, `feedback_score`) VALUES (1155, 203, 3);
INSERT INTO `ModulerDatabase`.`Feedback` (`feedback_ID`, `feedback_set_ID`, `feedback_score`) VALUES (1156, 204, 4);
INSERT INTO `ModulerDatabase`.`Feedback` (`feedback_ID`, `feedback_set_ID`, `feedback_score`) VALUES (1157, 205, 1);
INSERT INTO `ModulerDatabase`.`Feedback` (`feedback_ID`, `feedback_set_ID`, `feedback_score`) VALUES (1158, 206, 3);
INSERT INTO `ModulerDatabase`.`Feedback` (`feedback_ID`, `feedback_set_ID`, `feedback_score`) VALUES (1159, 207, 5);
INSERT INTO `ModulerDatabase`.`Feedback` (`feedback_ID`, `feedback_set_ID`, `feedback_score`) VALUES (1160, 208, 5);
INSERT INTO `ModulerDatabase`.`Feedback` (`feedback_ID`, `feedback_set_ID`, `feedback_score`) VALUES (1161, 209, 1);
INSERT INTO `ModulerDatabase`.`Feedback` (`feedback_ID`, `feedback_set_ID`, `feedback_score`) VALUES (1162, 210, 5);
INSERT INTO `ModulerDatabase`.`Feedback` (`feedback_ID`, `feedback_set_ID`, `feedback_score`) VALUES (1163, 211, 4);
INSERT INTO `ModulerDatabase`.`Feedback` (`feedback_ID`, `feedback_set_ID`, `feedback_score`) VALUES (1164, 212, 3);
INSERT INTO `ModulerDatabase`.`Feedback` (`feedback_ID`, `feedback_set_ID`, `feedback_score`) VALUES (1165, 213, 1);
INSERT INTO `ModulerDatabase`.`Feedback` (`feedback_ID`, `feedback_set_ID`, `feedback_score`) VALUES (1166, 214, 2);
INSERT INTO `ModulerDatabase`.`Feedback` (`feedback_ID`, `feedback_set_ID`, `feedback_score`) VALUES (1167, 215, 2);
INSERT INTO `ModulerDatabase`.`Feedback` (`feedback_ID`, `feedback_set_ID`, `feedback_score`) VALUES (1168, 216, 4);
INSERT INTO `ModulerDatabase`.`Feedback` (`feedback_ID`, `feedback_set_ID`, `feedback_score`) VALUES (1169, 217, 1);
INSERT INTO `ModulerDatabase`.`Feedback` (`feedback_ID`, `feedback_set_ID`, `feedback_score`) VALUES (1170, 218, 4);
INSERT INTO `ModulerDatabase`.`Feedback` (`feedback_ID`, `feedback_set_ID`, `feedback_score`) VALUES (1171, 219, 4);
INSERT INTO `ModulerDatabase`.`Feedback` (`feedback_ID`, `feedback_set_ID`, `feedback_score`) VALUES (1172, 220, 3);
INSERT INTO `ModulerDatabase`.`Feedback` (`feedback_ID`, `feedback_set_ID`, `feedback_score`) VALUES (1173, 221, 3);
INSERT INTO `ModulerDatabase`.`Feedback` (`feedback_ID`, `feedback_set_ID`, `feedback_score`) VALUES (1174, 222, 4);
INSERT INTO `ModulerDatabase`.`Feedback` (`feedback_ID`, `feedback_set_ID`, `feedback_score`) VALUES (1175, 223, 1);
INSERT INTO `ModulerDatabase`.`Feedback` (`feedback_ID`, `feedback_set_ID`, `feedback_score`) VALUES (1176, 224, 5);
INSERT INTO `ModulerDatabase`.`Feedback` (`feedback_ID`, `feedback_set_ID`, `feedback_score`) VALUES (1177, 225, 1);
INSERT INTO `ModulerDatabase`.`Feedback` (`feedback_ID`, `feedback_set_ID`, `feedback_score`) VALUES (1178, 226, 4);
INSERT INTO `ModulerDatabase`.`Feedback` (`feedback_ID`, `feedback_set_ID`, `feedback_score`) VALUES (1179, 227, 2);
INSERT INTO `ModulerDatabase`.`Feedback` (`feedback_ID`, `feedback_set_ID`, `feedback_score`) VALUES (1180, 228, 1);
INSERT INTO `ModulerDatabase`.`Feedback` (`feedback_ID`, `feedback_set_ID`, `feedback_score`) VALUES (1181, 229, 4);
INSERT INTO `ModulerDatabase`.`Feedback` (`feedback_ID`, `feedback_set_ID`, `feedback_score`) VALUES (1182, 230, 5);
INSERT INTO `ModulerDatabase`.`Feedback` (`feedback_ID`, `feedback_set_ID`, `feedback_score`) VALUES (1183, 231, 5);
INSERT INTO `ModulerDatabase`.`Feedback` (`feedback_ID`, `feedback_set_ID`, `feedback_score`) VALUES (1184, 232, 5);
INSERT INTO `ModulerDatabase`.`Feedback` (`feedback_ID`, `feedback_set_ID`, `feedback_score`) VALUES (1185, 233, 3);
INSERT INTO `ModulerDatabase`.`Feedback` (`feedback_ID`, `feedback_set_ID`, `feedback_score`) VALUES (1186, 234, 2);
INSERT INTO `ModulerDatabase`.`Feedback` (`feedback_ID`, `feedback_set_ID`, `feedback_score`) VALUES (1187, 235, 1);
INSERT INTO `ModulerDatabase`.`Feedback` (`feedback_ID`, `feedback_set_ID`, `feedback_score`) VALUES (1188, 236, 2);
INSERT INTO `ModulerDatabase`.`Feedback` (`feedback_ID`, `feedback_set_ID`, `feedback_score`) VALUES (1189, 237, 5);
INSERT INTO `ModulerDatabase`.`Feedback` (`feedback_ID`, `feedback_set_ID`, `feedback_score`) VALUES (1190, 238, 2);
INSERT INTO `ModulerDatabase`.`Feedback` (`feedback_ID`, `feedback_set_ID`, `feedback_score`) VALUES (1191, 239, 5);
INSERT INTO `ModulerDatabase`.`Feedback` (`feedback_ID`, `feedback_set_ID`, `feedback_score`) VALUES (1192, 240, 5);
INSERT INTO `ModulerDatabase`.`Feedback` (`feedback_ID`, `feedback_set_ID`, `feedback_score`) VALUES (1193, 241, 1);
INSERT INTO `ModulerDatabase`.`Feedback` (`feedback_ID`, `feedback_set_ID`, `feedback_score`) VALUES (1194, 242, 3);
INSERT INTO `ModulerDatabase`.`Feedback` (`feedback_ID`, `feedback_set_ID`, `feedback_score`) VALUES (1195, 243, 1);
INSERT INTO `ModulerDatabase`.`Feedback` (`feedback_ID`, `feedback_set_ID`, `feedback_score`) VALUES (1196, 244, 4);
INSERT INTO `ModulerDatabase`.`Feedback` (`feedback_ID`, `feedback_set_ID`, `feedback_score`) VALUES (1197, 245, 2);
INSERT INTO `ModulerDatabase`.`Feedback` (`feedback_ID`, `feedback_set_ID`, `feedback_score`) VALUES (1198, 246, 3);
INSERT INTO `ModulerDatabase`.`Feedback` (`feedback_ID`, `feedback_set_ID`, `feedback_score`) VALUES (1199, 247, 5);
INSERT INTO `ModulerDatabase`.`Feedback` (`feedback_ID`, `feedback_set_ID`, `feedback_score`) VALUES (1200, 248, 3);
INSERT INTO `ModulerDatabase`.`Feedback` (`feedback_ID`, `feedback_set_ID`, `feedback_score`) VALUES (1201, 249, 3);
INSERT INTO `ModulerDatabase`.`Feedback` (`feedback_ID`, `feedback_set_ID`, `feedback_score`) VALUES (1202, 250, 3);
INSERT INTO `ModulerDatabase`.`Feedback` (`feedback_ID`, `feedback_set_ID`, `feedback_score`) VALUES (1203, 251, 4);
INSERT INTO `ModulerDatabase`.`Feedback` (`feedback_ID`, `feedback_set_ID`, `feedback_score`) VALUES (1204, 252, 5);
INSERT INTO `ModulerDatabase`.`Feedback` (`feedback_ID`, `feedback_set_ID`, `feedback_score`) VALUES (1205, 253, 2);
INSERT INTO `ModulerDatabase`.`Feedback` (`feedback_ID`, `feedback_set_ID`, `feedback_score`) VALUES (1206, 254, 1);
INSERT INTO `ModulerDatabase`.`Feedback` (`feedback_ID`, `feedback_set_ID`, `feedback_score`) VALUES (1207, 255, 2);
INSERT INTO `ModulerDatabase`.`Feedback` (`feedback_ID`, `feedback_set_ID`, `feedback_score`) VALUES (1208, 256, 2);
INSERT INTO `ModulerDatabase`.`Feedback` (`feedback_ID`, `feedback_set_ID`, `feedback_score`) VALUES (1209, 257, 2);
INSERT INTO `ModulerDatabase`.`Feedback` (`feedback_ID`, `feedback_set_ID`, `feedback_score`) VALUES (1210, 258, 4);
INSERT INTO `ModulerDatabase`.`Feedback` (`feedback_ID`, `feedback_set_ID`, `feedback_score`) VALUES (1211, 259, 5);
INSERT INTO `ModulerDatabase`.`Feedback` (`feedback_ID`, `feedback_set_ID`, `feedback_score`) VALUES (1212, 260, 1);
INSERT INTO `ModulerDatabase`.`Feedback` (`feedback_ID`, `feedback_set_ID`, `feedback_score`) VALUES (1213, 261, 5);
INSERT INTO `ModulerDatabase`.`Feedback` (`feedback_ID`, `feedback_set_ID`, `feedback_score`) VALUES (1214, 262, 4);
INSERT INTO `ModulerDatabase`.`Feedback` (`feedback_ID`, `feedback_set_ID`, `feedback_score`) VALUES (1215, 263, 2);
INSERT INTO `ModulerDatabase`.`Feedback` (`feedback_ID`, `feedback_set_ID`, `feedback_score`) VALUES (1216, 264, 2);
INSERT INTO `ModulerDatabase`.`Feedback` (`feedback_ID`, `feedback_set_ID`, `feedback_score`) VALUES (1217, 265, 4);
INSERT INTO `ModulerDatabase`.`Feedback` (`feedback_ID`, `feedback_set_ID`, `feedback_score`) VALUES (1218, 266, 5);
INSERT INTO `ModulerDatabase`.`Feedback` (`feedback_ID`, `feedback_set_ID`, `feedback_score`) VALUES (1219, 267, 2);
INSERT INTO `ModulerDatabase`.`Feedback` (`feedback_ID`, `feedback_set_ID`, `feedback_score`) VALUES (1220, 268, 4);
INSERT INTO `ModulerDatabase`.`Feedback` (`feedback_ID`, `feedback_set_ID`, `feedback_score`) VALUES (1221, 269, 1);
INSERT INTO `ModulerDatabase`.`Feedback` (`feedback_ID`, `feedback_set_ID`, `feedback_score`) VALUES (1222, 270, 3);
INSERT INTO `ModulerDatabase`.`Feedback` (`feedback_ID`, `feedback_set_ID`, `feedback_score`) VALUES (1223, 271, 3);
INSERT INTO `ModulerDatabase`.`Feedback` (`feedback_ID`, `feedback_set_ID`, `feedback_score`) VALUES (1224, 272, 3);
INSERT INTO `ModulerDatabase`.`Feedback` (`feedback_ID`, `feedback_set_ID`, `feedback_score`) VALUES (1225, 273, 4);
INSERT INTO `ModulerDatabase`.`Feedback` (`feedback_ID`, `feedback_set_ID`, `feedback_score`) VALUES (1226, 274, 5);
INSERT INTO `ModulerDatabase`.`Feedback` (`feedback_ID`, `feedback_set_ID`, `feedback_score`) VALUES (1227, 275, 3);
INSERT INTO `ModulerDatabase`.`Feedback` (`feedback_ID`, `feedback_set_ID`, `feedback_score`) VALUES (1228, 276, 2);
INSERT INTO `ModulerDatabase`.`Feedback` (`feedback_ID`, `feedback_set_ID`, `feedback_score`) VALUES (1229, 277, 3);
INSERT INTO `ModulerDatabase`.`Feedback` (`feedback_ID`, `feedback_set_ID`, `feedback_score`) VALUES (1230, 278, 2);
INSERT INTO `ModulerDatabase`.`Feedback` (`feedback_ID`, `feedback_set_ID`, `feedback_score`) VALUES (1231, 279, 5);
INSERT INTO `ModulerDatabase`.`Feedback` (`feedback_ID`, `feedback_set_ID`, `feedback_score`) VALUES (1232, 280, 4);
INSERT INTO `ModulerDatabase`.`Feedback` (`feedback_ID`, `feedback_set_ID`, `feedback_score`) VALUES (1233, 281, 1);
INSERT INTO `ModulerDatabase`.`Feedback` (`feedback_ID`, `feedback_set_ID`, `feedback_score`) VALUES (1234, 282, 5);
INSERT INTO `ModulerDatabase`.`Feedback` (`feedback_ID`, `feedback_set_ID`, `feedback_score`) VALUES (1235, 283, 3);
INSERT INTO `ModulerDatabase`.`Feedback` (`feedback_ID`, `feedback_set_ID`, `feedback_score`) VALUES (1236, 284, 3);
INSERT INTO `ModulerDatabase`.`Feedback` (`feedback_ID`, `feedback_set_ID`, `feedback_score`) VALUES (1237, 285, 5);
INSERT INTO `ModulerDatabase`.`Feedback` (`feedback_ID`, `feedback_set_ID`, `feedback_score`) VALUES (1238, 286, 2);
INSERT INTO `ModulerDatabase`.`Feedback` (`feedback_ID`, `feedback_set_ID`, `feedback_score`) VALUES (1239, 287, 4);
INSERT INTO `ModulerDatabase`.`Feedback` (`feedback_ID`, `feedback_set_ID`, `feedback_score`) VALUES (1240, 288, 2);
INSERT INTO `ModulerDatabase`.`Feedback` (`feedback_ID`, `feedback_set_ID`, `feedback_score`) VALUES (1241, 289, 5);
INSERT INTO `ModulerDatabase`.`Feedback` (`feedback_ID`, `feedback_set_ID`, `feedback_score`) VALUES (1242, 290, 3);
INSERT INTO `ModulerDatabase`.`Feedback` (`feedback_ID`, `feedback_set_ID`, `feedback_score`) VALUES (1243, 291, 4);
INSERT INTO `ModulerDatabase`.`Feedback` (`feedback_ID`, `feedback_set_ID`, `feedback_score`) VALUES (1244, 292, 4);
INSERT INTO `ModulerDatabase`.`Feedback` (`feedback_ID`, `feedback_set_ID`, `feedback_score`) VALUES (1245, 293, 3);
INSERT INTO `ModulerDatabase`.`Feedback` (`feedback_ID`, `feedback_set_ID`, `feedback_score`) VALUES (1246, 294, 3);
INSERT INTO `ModulerDatabase`.`Feedback` (`feedback_ID`, `feedback_set_ID`, `feedback_score`) VALUES (1247, 295, 3);
INSERT INTO `ModulerDatabase`.`Feedback` (`feedback_ID`, `feedback_set_ID`, `feedback_score`) VALUES (1248, 296, 4);
INSERT INTO `ModulerDatabase`.`Feedback` (`feedback_ID`, `feedback_set_ID`, `feedback_score`) VALUES (1249, 297, 5);
INSERT INTO `ModulerDatabase`.`Feedback` (`feedback_ID`, `feedback_set_ID`, `feedback_score`) VALUES (1250, 298, 5);
INSERT INTO `ModulerDatabase`.`Feedback` (`feedback_ID`, `feedback_set_ID`, `feedback_score`) VALUES (1251, 299, 2);
INSERT INTO `ModulerDatabase`.`Feedback` (`feedback_ID`, `feedback_set_ID`, `feedback_score`) VALUES (1252, 300, 4);
INSERT INTO `ModulerDatabase`.`Feedback` (`feedback_ID`, `feedback_set_ID`, `feedback_score`) VALUES (1253, 301, 5);
INSERT INTO `ModulerDatabase`.`Feedback` (`feedback_ID`, `feedback_set_ID`, `feedback_score`) VALUES (1254, 302, 1);
INSERT INTO `ModulerDatabase`.`Feedback` (`feedback_ID`, `feedback_set_ID`, `feedback_score`) VALUES (1255, 303, 2);
INSERT INTO `ModulerDatabase`.`Feedback` (`feedback_ID`, `feedback_set_ID`, `feedback_score`) VALUES (1256, 304, 3);
INSERT INTO `ModulerDatabase`.`Feedback` (`feedback_ID`, `feedback_set_ID`, `feedback_score`) VALUES (1257, 305, 3);
INSERT INTO `ModulerDatabase`.`Feedback` (`feedback_ID`, `feedback_set_ID`, `feedback_score`) VALUES (1258, 306, 2);
INSERT INTO `ModulerDatabase`.`Feedback` (`feedback_ID`, `feedback_set_ID`, `feedback_score`) VALUES (1259, 307, 1);
INSERT INTO `ModulerDatabase`.`Feedback` (`feedback_ID`, `feedback_set_ID`, `feedback_score`) VALUES (1260, 308, 4);
INSERT INTO `ModulerDatabase`.`Feedback` (`feedback_ID`, `feedback_set_ID`, `feedback_score`) VALUES (1261, 309, 2);
INSERT INTO `ModulerDatabase`.`Feedback` (`feedback_ID`, `feedback_set_ID`, `feedback_score`) VALUES (1262, 310, 2);
INSERT INTO `ModulerDatabase`.`Feedback` (`feedback_ID`, `feedback_set_ID`, `feedback_score`) VALUES (1263, 311, 3);
INSERT INTO `ModulerDatabase`.`Feedback` (`feedback_ID`, `feedback_set_ID`, `feedback_score`) VALUES (1264, 312, 2);
INSERT INTO `ModulerDatabase`.`Feedback` (`feedback_ID`, `feedback_set_ID`, `feedback_score`) VALUES (1265, 313, 1);
INSERT INTO `ModulerDatabase`.`Feedback` (`feedback_ID`, `feedback_set_ID`, `feedback_score`) VALUES (1266, 314, 3);
INSERT INTO `ModulerDatabase`.`Feedback` (`feedback_ID`, `feedback_set_ID`, `feedback_score`) VALUES (1267, 315, 1);
INSERT INTO `ModulerDatabase`.`Feedback` (`feedback_ID`, `feedback_set_ID`, `feedback_score`) VALUES (1268, 316, 3);
INSERT INTO `ModulerDatabase`.`Feedback` (`feedback_ID`, `feedback_set_ID`, `feedback_score`) VALUES (1269, 317, 1);
INSERT INTO `ModulerDatabase`.`Feedback` (`feedback_ID`, `feedback_set_ID`, `feedback_score`) VALUES (1270, 318, 2);
INSERT INTO `ModulerDatabase`.`Feedback` (`feedback_ID`, `feedback_set_ID`, `feedback_score`) VALUES (1271, 319, 3);
INSERT INTO `ModulerDatabase`.`Feedback` (`feedback_ID`, `feedback_set_ID`, `feedback_score`) VALUES (1272, 320, 5);
INSERT INTO `ModulerDatabase`.`Feedback` (`feedback_ID`, `feedback_set_ID`, `feedback_score`) VALUES (1273, 321, 4);
INSERT INTO `ModulerDatabase`.`Feedback` (`feedback_ID`, `feedback_set_ID`, `feedback_score`) VALUES (1274, 322, 3);
INSERT INTO `ModulerDatabase`.`Feedback` (`feedback_ID`, `feedback_set_ID`, `feedback_score`) VALUES (1275, 323, 5);
INSERT INTO `ModulerDatabase`.`Feedback` (`feedback_ID`, `feedback_set_ID`, `feedback_score`) VALUES (1276, 324, 2);
INSERT INTO `ModulerDatabase`.`Feedback` (`feedback_ID`, `feedback_set_ID`, `feedback_score`) VALUES (1277, 325, 2);
INSERT INTO `ModulerDatabase`.`Feedback` (`feedback_ID`, `feedback_set_ID`, `feedback_score`) VALUES (1278, 326, 1);
INSERT INTO `ModulerDatabase`.`Feedback` (`feedback_ID`, `feedback_set_ID`, `feedback_score`) VALUES (1279, 327, 5);
INSERT INTO `ModulerDatabase`.`Feedback` (`feedback_ID`, `feedback_set_ID`, `feedback_score`) VALUES (1280, 328, 5);
INSERT INTO `ModulerDatabase`.`Feedback` (`feedback_ID`, `feedback_set_ID`, `feedback_score`) VALUES (1281, 329, 4);
INSERT INTO `ModulerDatabase`.`Feedback` (`feedback_ID`, `feedback_set_ID`, `feedback_score`) VALUES (1282, 330, 5);
INSERT INTO `ModulerDatabase`.`Feedback` (`feedback_ID`, `feedback_set_ID`, `feedback_score`) VALUES (1283, 331, 3);
INSERT INTO `ModulerDatabase`.`Feedback` (`feedback_ID`, `feedback_set_ID`, `feedback_score`) VALUES (1284, 332, 2);
INSERT INTO `ModulerDatabase`.`Feedback` (`feedback_ID`, `feedback_set_ID`, `feedback_score`) VALUES (1285, 333, 5);
INSERT INTO `ModulerDatabase`.`Feedback` (`feedback_ID`, `feedback_set_ID`, `feedback_score`) VALUES (1286, 334, 3);
INSERT INTO `ModulerDatabase`.`Feedback` (`feedback_ID`, `feedback_set_ID`, `feedback_score`) VALUES (1287, 335, 2);
INSERT INTO `ModulerDatabase`.`Feedback` (`feedback_ID`, `feedback_set_ID`, `feedback_score`) VALUES (1288, 336, 4);
INSERT INTO `ModulerDatabase`.`Feedback` (`feedback_ID`, `feedback_set_ID`, `feedback_score`) VALUES (1289, 337, 5);
INSERT INTO `ModulerDatabase`.`Feedback` (`feedback_ID`, `feedback_set_ID`, `feedback_score`) VALUES (1290, 338, 2);
INSERT INTO `ModulerDatabase`.`Feedback` (`feedback_ID`, `feedback_set_ID`, `feedback_score`) VALUES (1291, 339, 1);
INSERT INTO `ModulerDatabase`.`Feedback` (`feedback_ID`, `feedback_set_ID`, `feedback_score`) VALUES (1292, 340, 5);
INSERT INTO `ModulerDatabase`.`Feedback` (`feedback_ID`, `feedback_set_ID`, `feedback_score`) VALUES (1293, 341, 4);
INSERT INTO `ModulerDatabase`.`Feedback` (`feedback_ID`, `feedback_set_ID`, `feedback_score`) VALUES (1294, 342, 1);
INSERT INTO `ModulerDatabase`.`Feedback` (`feedback_ID`, `feedback_set_ID`, `feedback_score`) VALUES (1295, 343, 1);
INSERT INTO `ModulerDatabase`.`Feedback` (`feedback_ID`, `feedback_set_ID`, `feedback_score`) VALUES (1296, 344, 2);
INSERT INTO `ModulerDatabase`.`Feedback` (`feedback_ID`, `feedback_set_ID`, `feedback_score`) VALUES (1297, 345, 1);
INSERT INTO `ModulerDatabase`.`Feedback` (`feedback_ID`, `feedback_set_ID`, `feedback_score`) VALUES (1298, 346, 3);
INSERT INTO `ModulerDatabase`.`Feedback` (`feedback_ID`, `feedback_set_ID`, `feedback_score`) VALUES (1299, 347, 5);
INSERT INTO `ModulerDatabase`.`Feedback` (`feedback_ID`, `feedback_set_ID`, `feedback_score`) VALUES (1300, 348, 4);
INSERT INTO `ModulerDatabase`.`Feedback` (`feedback_ID`, `feedback_set_ID`, `feedback_score`) VALUES (1301, 349, 5);
INSERT INTO `ModulerDatabase`.`Feedback` (`feedback_ID`, `feedback_set_ID`, `feedback_score`) VALUES (1302, 350, 5);
INSERT INTO `ModulerDatabase`.`Feedback` (`feedback_ID`, `feedback_set_ID`, `feedback_score`) VALUES (1303, 351, 3);
INSERT INTO `ModulerDatabase`.`Feedback` (`feedback_ID`, `feedback_set_ID`, `feedback_score`) VALUES (1304, 352, 4);
INSERT INTO `ModulerDatabase`.`Feedback` (`feedback_ID`, `feedback_set_ID`, `feedback_score`) VALUES (1305, 353, 2);
INSERT INTO `ModulerDatabase`.`Feedback` (`feedback_ID`, `feedback_set_ID`, `feedback_score`) VALUES (1306, 354, 1);
INSERT INTO `ModulerDatabase`.`Feedback` (`feedback_ID`, `feedback_set_ID`, `feedback_score`) VALUES (1307, 355, 4);
INSERT INTO `ModulerDatabase`.`Feedback` (`feedback_ID`, `feedback_set_ID`, `feedback_score`) VALUES (1308, 356, 5);
INSERT INTO `ModulerDatabase`.`Feedback` (`feedback_ID`, `feedback_set_ID`, `feedback_score`) VALUES (1309, 357, 5);
INSERT INTO `ModulerDatabase`.`Feedback` (`feedback_ID`, `feedback_set_ID`, `feedback_score`) VALUES (1310, 358, 1);
INSERT INTO `ModulerDatabase`.`Feedback` (`feedback_ID`, `feedback_set_ID`, `feedback_score`) VALUES (1311, 359, 1);
INSERT INTO `ModulerDatabase`.`Feedback` (`feedback_ID`, `feedback_set_ID`, `feedback_score`) VALUES (1312, 360, 4);
INSERT INTO `ModulerDatabase`.`Feedback` (`feedback_ID`, `feedback_set_ID`, `feedback_score`) VALUES (1313, 361, 3);
INSERT INTO `ModulerDatabase`.`Feedback` (`feedback_ID`, `feedback_set_ID`, `feedback_score`) VALUES (1314, 362, 4);
INSERT INTO `ModulerDatabase`.`Feedback` (`feedback_ID`, `feedback_set_ID`, `feedback_score`) VALUES (1315, 363, 2);
INSERT INTO `ModulerDatabase`.`Feedback` (`feedback_ID`, `feedback_set_ID`, `feedback_score`) VALUES (1316, 364, 3);
INSERT INTO `ModulerDatabase`.`Feedback` (`feedback_ID`, `feedback_set_ID`, `feedback_score`) VALUES (1317, 365, 4);
INSERT INTO `ModulerDatabase`.`Feedback` (`feedback_ID`, `feedback_set_ID`, `feedback_score`) VALUES (1318, 366, 1);
INSERT INTO `ModulerDatabase`.`Feedback` (`feedback_ID`, `feedback_set_ID`, `feedback_score`) VALUES (1319, 367, 5);
INSERT INTO `ModulerDatabase`.`Feedback` (`feedback_ID`, `feedback_set_ID`, `feedback_score`) VALUES (1320, 368, 2);
INSERT INTO `ModulerDatabase`.`Feedback` (`feedback_ID`, `feedback_set_ID`, `feedback_score`) VALUES (1321, 369, 5);
INSERT INTO `ModulerDatabase`.`Feedback` (`feedback_ID`, `feedback_set_ID`, `feedback_score`) VALUES (1322, 370, 2);
INSERT INTO `ModulerDatabase`.`Feedback` (`feedback_ID`, `feedback_set_ID`, `feedback_score`) VALUES (1323, 371, 1);
INSERT INTO `ModulerDatabase`.`Feedback` (`feedback_ID`, `feedback_set_ID`, `feedback_score`) VALUES (1324, 372, 4);
INSERT INTO `ModulerDatabase`.`Feedback` (`feedback_ID`, `feedback_set_ID`, `feedback_score`) VALUES (1325, 373, 3);
INSERT INTO `ModulerDatabase`.`Feedback` (`feedback_ID`, `feedback_set_ID`, `feedback_score`) VALUES (1326, 374, 2);
INSERT INTO `ModulerDatabase`.`Feedback` (`feedback_ID`, `feedback_set_ID`, `feedback_score`) VALUES (1327, 375, 5);
INSERT INTO `ModulerDatabase`.`Feedback` (`feedback_ID`, `feedback_set_ID`, `feedback_score`) VALUES (1328, 376, 1);
INSERT INTO `ModulerDatabase`.`Feedback` (`feedback_ID`, `feedback_set_ID`, `feedback_score`) VALUES (1329, 377, 1);
INSERT INTO `ModulerDatabase`.`Feedback` (`feedback_ID`, `feedback_set_ID`, `feedback_score`) VALUES (1330, 378, 1);
INSERT INTO `ModulerDatabase`.`Feedback` (`feedback_ID`, `feedback_set_ID`, `feedback_score`) VALUES (1331, 379, 3);
INSERT INTO `ModulerDatabase`.`Feedback` (`feedback_ID`, `feedback_set_ID`, `feedback_score`) VALUES (1332, 380, 4);
INSERT INTO `ModulerDatabase`.`Feedback` (`feedback_ID`, `feedback_set_ID`, `feedback_score`) VALUES (1333, 381, 5);
INSERT INTO `ModulerDatabase`.`Feedback` (`feedback_ID`, `feedback_set_ID`, `feedback_score`) VALUES (1334, 382, 3);
INSERT INTO `ModulerDatabase`.`Feedback` (`feedback_ID`, `feedback_set_ID`, `feedback_score`) VALUES (1335, 383, 4);
INSERT INTO `ModulerDatabase`.`Feedback` (`feedback_ID`, `feedback_set_ID`, `feedback_score`) VALUES (1336, 384, 4);
INSERT INTO `ModulerDatabase`.`Feedback` (`feedback_ID`, `feedback_set_ID`, `feedback_score`) VALUES (1337, 385, 1);
INSERT INTO `ModulerDatabase`.`Feedback` (`feedback_ID`, `feedback_set_ID`, `feedback_score`) VALUES (1338, 386, 1);
INSERT INTO `ModulerDatabase`.`Feedback` (`feedback_ID`, `feedback_set_ID`, `feedback_score`) VALUES (1339, 387, 3);
INSERT INTO `ModulerDatabase`.`Feedback` (`feedback_ID`, `feedback_set_ID`, `feedback_score`) VALUES (1340, 388, 1);
INSERT INTO `ModulerDatabase`.`Feedback` (`feedback_ID`, `feedback_set_ID`, `feedback_score`) VALUES (1341, 389, 4);
INSERT INTO `ModulerDatabase`.`Feedback` (`feedback_ID`, `feedback_set_ID`, `feedback_score`) VALUES (1342, 390, 5);
INSERT INTO `ModulerDatabase`.`Feedback` (`feedback_ID`, `feedback_set_ID`, `feedback_score`) VALUES (1343, 391, 3);
INSERT INTO `ModulerDatabase`.`Feedback` (`feedback_ID`, `feedback_set_ID`, `feedback_score`) VALUES (1344, 392, 5);
INSERT INTO `ModulerDatabase`.`Feedback` (`feedback_ID`, `feedback_set_ID`, `feedback_score`) VALUES (1345, 393, 4);
INSERT INTO `ModulerDatabase`.`Feedback` (`feedback_ID`, `feedback_set_ID`, `feedback_score`) VALUES (1346, 394, 1);
INSERT INTO `ModulerDatabase`.`Feedback` (`feedback_ID`, `feedback_set_ID`, `feedback_score`) VALUES (1347, 395, 3);
INSERT INTO `ModulerDatabase`.`Feedback` (`feedback_ID`, `feedback_set_ID`, `feedback_score`) VALUES (1348, 396, 4);
INSERT INTO `ModulerDatabase`.`Feedback` (`feedback_ID`, `feedback_set_ID`, `feedback_score`) VALUES (1349, 397, 3);
INSERT INTO `ModulerDatabase`.`Feedback` (`feedback_ID`, `feedback_set_ID`, `feedback_score`) VALUES (1350, 398, 1);
INSERT INTO `ModulerDatabase`.`Feedback` (`feedback_ID`, `feedback_set_ID`, `feedback_score`) VALUES (1351, 399, 5);
INSERT INTO `ModulerDatabase`.`Feedback` (`feedback_ID`, `feedback_set_ID`, `feedback_score`) VALUES (1352, 400, 4);
INSERT INTO `ModulerDatabase`.`Feedback` (`feedback_ID`, `feedback_set_ID`, `feedback_score`) VALUES (1353, 401, 5);
INSERT INTO `ModulerDatabase`.`Feedback` (`feedback_ID`, `feedback_set_ID`, `feedback_score`) VALUES (1354, 402, 2);
INSERT INTO `ModulerDatabase`.`Feedback` (`feedback_ID`, `feedback_set_ID`, `feedback_score`) VALUES (1355, 403, 1);
INSERT INTO `ModulerDatabase`.`Feedback` (`feedback_ID`, `feedback_set_ID`, `feedback_score`) VALUES (1356, 404, 5);
INSERT INTO `ModulerDatabase`.`Feedback` (`feedback_ID`, `feedback_set_ID`, `feedback_score`) VALUES (1357, 405, 1);
INSERT INTO `ModulerDatabase`.`Feedback` (`feedback_ID`, `feedback_set_ID`, `feedback_score`) VALUES (1358, 406, 2);
INSERT INTO `ModulerDatabase`.`Feedback` (`feedback_ID`, `feedback_set_ID`, `feedback_score`) VALUES (1359, 407, 3);
INSERT INTO `ModulerDatabase`.`Feedback` (`feedback_ID`, `feedback_set_ID`, `feedback_score`) VALUES (1360, 408, 3);
INSERT INTO `ModulerDatabase`.`Feedback` (`feedback_ID`, `feedback_set_ID`, `feedback_score`) VALUES (1361, 409, 5);
INSERT INTO `ModulerDatabase`.`Feedback` (`feedback_ID`, `feedback_set_ID`, `feedback_score`) VALUES (1362, 410, 2);
INSERT INTO `ModulerDatabase`.`Feedback` (`feedback_ID`, `feedback_set_ID`, `feedback_score`) VALUES (1363, 411, 2);
INSERT INTO `ModulerDatabase`.`Feedback` (`feedback_ID`, `feedback_set_ID`, `feedback_score`) VALUES (1364, 412, 5);
INSERT INTO `ModulerDatabase`.`Feedback` (`feedback_ID`, `feedback_set_ID`, `feedback_score`) VALUES (1365, 413, 4);
INSERT INTO `ModulerDatabase`.`Feedback` (`feedback_ID`, `feedback_set_ID`, `feedback_score`) VALUES (1366, 414, 1);
INSERT INTO `ModulerDatabase`.`Feedback` (`feedback_ID`, `feedback_set_ID`, `feedback_score`) VALUES (1367, 415, 2);
INSERT INTO `ModulerDatabase`.`Feedback` (`feedback_ID`, `feedback_set_ID`, `feedback_score`) VALUES (1368, 416, 1);
INSERT INTO `ModulerDatabase`.`Feedback` (`feedback_ID`, `feedback_set_ID`, `feedback_score`) VALUES (1369, 417, 5);
INSERT INTO `ModulerDatabase`.`Feedback` (`feedback_ID`, `feedback_set_ID`, `feedback_score`) VALUES (1370, 418, 1);
INSERT INTO `ModulerDatabase`.`Feedback` (`feedback_ID`, `feedback_set_ID`, `feedback_score`) VALUES (1371, 419, 4);
INSERT INTO `ModulerDatabase`.`Feedback` (`feedback_ID`, `feedback_set_ID`, `feedback_score`) VALUES (1372, 420, 3);
INSERT INTO `ModulerDatabase`.`Feedback` (`feedback_ID`, `feedback_set_ID`, `feedback_score`) VALUES (1373, 421, 2);
INSERT INTO `ModulerDatabase`.`Feedback` (`feedback_ID`, `feedback_set_ID`, `feedback_score`) VALUES (1374, 422, 1);
INSERT INTO `ModulerDatabase`.`Feedback` (`feedback_ID`, `feedback_set_ID`, `feedback_score`) VALUES (1375, 423, 5);
INSERT INTO `ModulerDatabase`.`Feedback` (`feedback_ID`, `feedback_set_ID`, `feedback_score`) VALUES (1376, 424, 4);
INSERT INTO `ModulerDatabase`.`Feedback` (`feedback_ID`, `feedback_set_ID`, `feedback_score`) VALUES (1377, 425, 1);
INSERT INTO `ModulerDatabase`.`Feedback` (`feedback_ID`, `feedback_set_ID`, `feedback_score`) VALUES (1378, 426, 2);
INSERT INTO `ModulerDatabase`.`Feedback` (`feedback_ID`, `feedback_set_ID`, `feedback_score`) VALUES (1379, 427, 3);
INSERT INTO `ModulerDatabase`.`Feedback` (`feedback_ID`, `feedback_set_ID`, `feedback_score`) VALUES (1380, 428, 1);
INSERT INTO `ModulerDatabase`.`Feedback` (`feedback_ID`, `feedback_set_ID`, `feedback_score`) VALUES (1381, 429, 4);
INSERT INTO `ModulerDatabase`.`Feedback` (`feedback_ID`, `feedback_set_ID`, `feedback_score`) VALUES (1382, 430, 1);
INSERT INTO `ModulerDatabase`.`Feedback` (`feedback_ID`, `feedback_set_ID`, `feedback_score`) VALUES (1383, 431, 4);
INSERT INTO `ModulerDatabase`.`Feedback` (`feedback_ID`, `feedback_set_ID`, `feedback_score`) VALUES (1384, 432, 4);
INSERT INTO `ModulerDatabase`.`Feedback` (`feedback_ID`, `feedback_set_ID`, `feedback_score`) VALUES (1385, 433, 4);
INSERT INTO `ModulerDatabase`.`Feedback` (`feedback_ID`, `feedback_set_ID`, `feedback_score`) VALUES (1386, 434, 5);
INSERT INTO `ModulerDatabase`.`Feedback` (`feedback_ID`, `feedback_set_ID`, `feedback_score`) VALUES (1387, 435, 2);
INSERT INTO `ModulerDatabase`.`Feedback` (`feedback_ID`, `feedback_set_ID`, `feedback_score`) VALUES (1388, 436, 2);
INSERT INTO `ModulerDatabase`.`Feedback` (`feedback_ID`, `feedback_set_ID`, `feedback_score`) VALUES (1389, 437, 5);
INSERT INTO `ModulerDatabase`.`Feedback` (`feedback_ID`, `feedback_set_ID`, `feedback_score`) VALUES (1390, 438, 4);
INSERT INTO `ModulerDatabase`.`Feedback` (`feedback_ID`, `feedback_set_ID`, `feedback_score`) VALUES (1391, 439, 3);
INSERT INTO `ModulerDatabase`.`Feedback` (`feedback_ID`, `feedback_set_ID`, `feedback_score`) VALUES (1392, 440, 5);
INSERT INTO `ModulerDatabase`.`Feedback` (`feedback_ID`, `feedback_set_ID`, `feedback_score`) VALUES (1393, 441, 4);
INSERT INTO `ModulerDatabase`.`Feedback` (`feedback_ID`, `feedback_set_ID`, `feedback_score`) VALUES (1394, 442, 3);
INSERT INTO `ModulerDatabase`.`Feedback` (`feedback_ID`, `feedback_set_ID`, `feedback_score`) VALUES (1395, 443, 1);
INSERT INTO `ModulerDatabase`.`Feedback` (`feedback_ID`, `feedback_set_ID`, `feedback_score`) VALUES (1396, 444, 5);
INSERT INTO `ModulerDatabase`.`Feedback` (`feedback_ID`, `feedback_set_ID`, `feedback_score`) VALUES (1397, 445, 2);
INSERT INTO `ModulerDatabase`.`Feedback` (`feedback_ID`, `feedback_set_ID`, `feedback_score`) VALUES (1398, 446, 1);
INSERT INTO `ModulerDatabase`.`Feedback` (`feedback_ID`, `feedback_set_ID`, `feedback_score`) VALUES (1399, 447, 1);
INSERT INTO `ModulerDatabase`.`Feedback` (`feedback_ID`, `feedback_set_ID`, `feedback_score`) VALUES (1400, 448, 1);
INSERT INTO `ModulerDatabase`.`Feedback` (`feedback_ID`, `feedback_set_ID`, `feedback_score`) VALUES (1401, 449, 2);
INSERT INTO `ModulerDatabase`.`Feedback` (`feedback_ID`, `feedback_set_ID`, `feedback_score`) VALUES (1402, 450, 2);
INSERT INTO `ModulerDatabase`.`Feedback` (`feedback_ID`, `feedback_set_ID`, `feedback_score`) VALUES (1403, 451, 1);
INSERT INTO `ModulerDatabase`.`Feedback` (`feedback_ID`, `feedback_set_ID`, `feedback_score`) VALUES (1404, 452, 5);
INSERT INTO `ModulerDatabase`.`Feedback` (`feedback_ID`, `feedback_set_ID`, `feedback_score`) VALUES (1405, 453, 1);
INSERT INTO `ModulerDatabase`.`Feedback` (`feedback_ID`, `feedback_set_ID`, `feedback_score`) VALUES (1406, 454, 4);
INSERT INTO `ModulerDatabase`.`Feedback` (`feedback_ID`, `feedback_set_ID`, `feedback_score`) VALUES (1407, 455, 4);
INSERT INTO `ModulerDatabase`.`Feedback` (`feedback_ID`, `feedback_set_ID`, `feedback_score`) VALUES (1408, 456, 4);
INSERT INTO `ModulerDatabase`.`Feedback` (`feedback_ID`, `feedback_set_ID`, `feedback_score`) VALUES (1409, 457, 1);
INSERT INTO `ModulerDatabase`.`Feedback` (`feedback_ID`, `feedback_set_ID`, `feedback_score`) VALUES (1410, 458, 5);
INSERT INTO `ModulerDatabase`.`Feedback` (`feedback_ID`, `feedback_set_ID`, `feedback_score`) VALUES (1411, 459, 2);
INSERT INTO `ModulerDatabase`.`Feedback` (`feedback_ID`, `feedback_set_ID`, `feedback_score`) VALUES (1412, 460, 2);
INSERT INTO `ModulerDatabase`.`Feedback` (`feedback_ID`, `feedback_set_ID`, `feedback_score`) VALUES (1413, 461, 5);
INSERT INTO `ModulerDatabase`.`Feedback` (`feedback_ID`, `feedback_set_ID`, `feedback_score`) VALUES (1414, 462, 2);
INSERT INTO `ModulerDatabase`.`Feedback` (`feedback_ID`, `feedback_set_ID`, `feedback_score`) VALUES (1415, 463, 5);
INSERT INTO `ModulerDatabase`.`Feedback` (`feedback_ID`, `feedback_set_ID`, `feedback_score`) VALUES (1416, 464, 4);
INSERT INTO `ModulerDatabase`.`Feedback` (`feedback_ID`, `feedback_set_ID`, `feedback_score`) VALUES (1417, 465, 1);
INSERT INTO `ModulerDatabase`.`Feedback` (`feedback_ID`, `feedback_set_ID`, `feedback_score`) VALUES (1418, 466, 3);
INSERT INTO `ModulerDatabase`.`Feedback` (`feedback_ID`, `feedback_set_ID`, `feedback_score`) VALUES (1419, 467, 3);
INSERT INTO `ModulerDatabase`.`Feedback` (`feedback_ID`, `feedback_set_ID`, `feedback_score`) VALUES (1420, 468, 4);
INSERT INTO `ModulerDatabase`.`Feedback` (`feedback_ID`, `feedback_set_ID`, `feedback_score`) VALUES (1421, 469, 2);
INSERT INTO `ModulerDatabase`.`Feedback` (`feedback_ID`, `feedback_set_ID`, `feedback_score`) VALUES (1422, 470, 1);
INSERT INTO `ModulerDatabase`.`Feedback` (`feedback_ID`, `feedback_set_ID`, `feedback_score`) VALUES (1423, 471, 1);
INSERT INTO `ModulerDatabase`.`Feedback` (`feedback_ID`, `feedback_set_ID`, `feedback_score`) VALUES (1424, 472, 3);
INSERT INTO `ModulerDatabase`.`Feedback` (`feedback_ID`, `feedback_set_ID`, `feedback_score`) VALUES (1425, 473, 1);
INSERT INTO `ModulerDatabase`.`Feedback` (`feedback_ID`, `feedback_set_ID`, `feedback_score`) VALUES (1426, 474, 2);
INSERT INTO `ModulerDatabase`.`Feedback` (`feedback_ID`, `feedback_set_ID`, `feedback_score`) VALUES (1427, 475, 4);
INSERT INTO `ModulerDatabase`.`Feedback` (`feedback_ID`, `feedback_set_ID`, `feedback_score`) VALUES (1428, 476, 1);
INSERT INTO `ModulerDatabase`.`Feedback` (`feedback_ID`, `feedback_set_ID`, `feedback_score`) VALUES (1429, 1, 2);
INSERT INTO `ModulerDatabase`.`Feedback` (`feedback_ID`, `feedback_set_ID`, `feedback_score`) VALUES (1430, 2, 5);
INSERT INTO `ModulerDatabase`.`Feedback` (`feedback_ID`, `feedback_set_ID`, `feedback_score`) VALUES (1431, 3, 3);
INSERT INTO `ModulerDatabase`.`Feedback` (`feedback_ID`, `feedback_set_ID`, `feedback_score`) VALUES (1432, 4, 2);
INSERT INTO `ModulerDatabase`.`Feedback` (`feedback_ID`, `feedback_set_ID`, `feedback_score`) VALUES (1433, 5, 3);
INSERT INTO `ModulerDatabase`.`Feedback` (`feedback_ID`, `feedback_set_ID`, `feedback_score`) VALUES (1434, 6, 2);
INSERT INTO `ModulerDatabase`.`Feedback` (`feedback_ID`, `feedback_set_ID`, `feedback_score`) VALUES (1435, 7, 3);
INSERT INTO `ModulerDatabase`.`Feedback` (`feedback_ID`, `feedback_set_ID`, `feedback_score`) VALUES (1436, 8, 1);
INSERT INTO `ModulerDatabase`.`Feedback` (`feedback_ID`, `feedback_set_ID`, `feedback_score`) VALUES (1437, 9, 1);
INSERT INTO `ModulerDatabase`.`Feedback` (`feedback_ID`, `feedback_set_ID`, `feedback_score`) VALUES (1438, 10, 5);
INSERT INTO `ModulerDatabase`.`Feedback` (`feedback_ID`, `feedback_set_ID`, `feedback_score`) VALUES (1439, 11, 1);
INSERT INTO `ModulerDatabase`.`Feedback` (`feedback_ID`, `feedback_set_ID`, `feedback_score`) VALUES (1440, 12, 1);
INSERT INTO `ModulerDatabase`.`Feedback` (`feedback_ID`, `feedback_set_ID`, `feedback_score`) VALUES (1441, 13, 2);
INSERT INTO `ModulerDatabase`.`Feedback` (`feedback_ID`, `feedback_set_ID`, `feedback_score`) VALUES (1442, 14, 1);
INSERT INTO `ModulerDatabase`.`Feedback` (`feedback_ID`, `feedback_set_ID`, `feedback_score`) VALUES (1443, 15, 1);
INSERT INTO `ModulerDatabase`.`Feedback` (`feedback_ID`, `feedback_set_ID`, `feedback_score`) VALUES (1444, 16, 5);
INSERT INTO `ModulerDatabase`.`Feedback` (`feedback_ID`, `feedback_set_ID`, `feedback_score`) VALUES (1445, 17, 1);
INSERT INTO `ModulerDatabase`.`Feedback` (`feedback_ID`, `feedback_set_ID`, `feedback_score`) VALUES (1446, 18, 3);
INSERT INTO `ModulerDatabase`.`Feedback` (`feedback_ID`, `feedback_set_ID`, `feedback_score`) VALUES (1447, 19, 2);
INSERT INTO `ModulerDatabase`.`Feedback` (`feedback_ID`, `feedback_set_ID`, `feedback_score`) VALUES (1448, 20, 2);
INSERT INTO `ModulerDatabase`.`Feedback` (`feedback_ID`, `feedback_set_ID`, `feedback_score`) VALUES (1449, 21, 3);
INSERT INTO `ModulerDatabase`.`Feedback` (`feedback_ID`, `feedback_set_ID`, `feedback_score`) VALUES (1450, 22, 2);
INSERT INTO `ModulerDatabase`.`Feedback` (`feedback_ID`, `feedback_set_ID`, `feedback_score`) VALUES (1451, 23, 2);
INSERT INTO `ModulerDatabase`.`Feedback` (`feedback_ID`, `feedback_set_ID`, `feedback_score`) VALUES (1452, 24, 2);
INSERT INTO `ModulerDatabase`.`Feedback` (`feedback_ID`, `feedback_set_ID`, `feedback_score`) VALUES (1453, 25, 3);
INSERT INTO `ModulerDatabase`.`Feedback` (`feedback_ID`, `feedback_set_ID`, `feedback_score`) VALUES (1454, 26, 4);
INSERT INTO `ModulerDatabase`.`Feedback` (`feedback_ID`, `feedback_set_ID`, `feedback_score`) VALUES (1455, 27, 4);
INSERT INTO `ModulerDatabase`.`Feedback` (`feedback_ID`, `feedback_set_ID`, `feedback_score`) VALUES (1456, 28, 2);
INSERT INTO `ModulerDatabase`.`Feedback` (`feedback_ID`, `feedback_set_ID`, `feedback_score`) VALUES (1457, 29, 3);
INSERT INTO `ModulerDatabase`.`Feedback` (`feedback_ID`, `feedback_set_ID`, `feedback_score`) VALUES (1458, 30, 5);
INSERT INTO `ModulerDatabase`.`Feedback` (`feedback_ID`, `feedback_set_ID`, `feedback_score`) VALUES (1459, 31, 4);
INSERT INTO `ModulerDatabase`.`Feedback` (`feedback_ID`, `feedback_set_ID`, `feedback_score`) VALUES (1460, 32, 5);
INSERT INTO `ModulerDatabase`.`Feedback` (`feedback_ID`, `feedback_set_ID`, `feedback_score`) VALUES (1461, 33, 2);
INSERT INTO `ModulerDatabase`.`Feedback` (`feedback_ID`, `feedback_set_ID`, `feedback_score`) VALUES (1462, 34, 4);
INSERT INTO `ModulerDatabase`.`Feedback` (`feedback_ID`, `feedback_set_ID`, `feedback_score`) VALUES (1463, 35, 4);
INSERT INTO `ModulerDatabase`.`Feedback` (`feedback_ID`, `feedback_set_ID`, `feedback_score`) VALUES (1464, 36, 2);
INSERT INTO `ModulerDatabase`.`Feedback` (`feedback_ID`, `feedback_set_ID`, `feedback_score`) VALUES (1465, 37, 3);
INSERT INTO `ModulerDatabase`.`Feedback` (`feedback_ID`, `feedback_set_ID`, `feedback_score`) VALUES (1466, 38, 5);
INSERT INTO `ModulerDatabase`.`Feedback` (`feedback_ID`, `feedback_set_ID`, `feedback_score`) VALUES (1467, 39, 2);
INSERT INTO `ModulerDatabase`.`Feedback` (`feedback_ID`, `feedback_set_ID`, `feedback_score`) VALUES (1468, 40, 3);
INSERT INTO `ModulerDatabase`.`Feedback` (`feedback_ID`, `feedback_set_ID`, `feedback_score`) VALUES (1469, 41, 3);
INSERT INTO `ModulerDatabase`.`Feedback` (`feedback_ID`, `feedback_set_ID`, `feedback_score`) VALUES (1470, 42, 3);
INSERT INTO `ModulerDatabase`.`Feedback` (`feedback_ID`, `feedback_set_ID`, `feedback_score`) VALUES (1471, 43, 3);
INSERT INTO `ModulerDatabase`.`Feedback` (`feedback_ID`, `feedback_set_ID`, `feedback_score`) VALUES (1472, 44, 2);
INSERT INTO `ModulerDatabase`.`Feedback` (`feedback_ID`, `feedback_set_ID`, `feedback_score`) VALUES (1473, 45, 5);
INSERT INTO `ModulerDatabase`.`Feedback` (`feedback_ID`, `feedback_set_ID`, `feedback_score`) VALUES (1474, 46, 5);
INSERT INTO `ModulerDatabase`.`Feedback` (`feedback_ID`, `feedback_set_ID`, `feedback_score`) VALUES (1475, 47, 4);
INSERT INTO `ModulerDatabase`.`Feedback` (`feedback_ID`, `feedback_set_ID`, `feedback_score`) VALUES (1476, 48, 4);
INSERT INTO `ModulerDatabase`.`Feedback` (`feedback_ID`, `feedback_set_ID`, `feedback_score`) VALUES (1477, 49, 3);
INSERT INTO `ModulerDatabase`.`Feedback` (`feedback_ID`, `feedback_set_ID`, `feedback_score`) VALUES (1478, 50, 2);
INSERT INTO `ModulerDatabase`.`Feedback` (`feedback_ID`, `feedback_set_ID`, `feedback_score`) VALUES (1479, 51, 2);
INSERT INTO `ModulerDatabase`.`Feedback` (`feedback_ID`, `feedback_set_ID`, `feedback_score`) VALUES (1480, 52, 3);
INSERT INTO `ModulerDatabase`.`Feedback` (`feedback_ID`, `feedback_set_ID`, `feedback_score`) VALUES (1481, 53, 3);
INSERT INTO `ModulerDatabase`.`Feedback` (`feedback_ID`, `feedback_set_ID`, `feedback_score`) VALUES (1482, 54, 2);
INSERT INTO `ModulerDatabase`.`Feedback` (`feedback_ID`, `feedback_set_ID`, `feedback_score`) VALUES (1483, 55, 2);
INSERT INTO `ModulerDatabase`.`Feedback` (`feedback_ID`, `feedback_set_ID`, `feedback_score`) VALUES (1484, 56, 4);
INSERT INTO `ModulerDatabase`.`Feedback` (`feedback_ID`, `feedback_set_ID`, `feedback_score`) VALUES (1485, 57, 5);
INSERT INTO `ModulerDatabase`.`Feedback` (`feedback_ID`, `feedback_set_ID`, `feedback_score`) VALUES (1486, 58, 4);
INSERT INTO `ModulerDatabase`.`Feedback` (`feedback_ID`, `feedback_set_ID`, `feedback_score`) VALUES (1487, 59, 3);
INSERT INTO `ModulerDatabase`.`Feedback` (`feedback_ID`, `feedback_set_ID`, `feedback_score`) VALUES (1488, 60, 5);
INSERT INTO `ModulerDatabase`.`Feedback` (`feedback_ID`, `feedback_set_ID`, `feedback_score`) VALUES (1489, 61, 4);
INSERT INTO `ModulerDatabase`.`Feedback` (`feedback_ID`, `feedback_set_ID`, `feedback_score`) VALUES (1490, 62, 3);
INSERT INTO `ModulerDatabase`.`Feedback` (`feedback_ID`, `feedback_set_ID`, `feedback_score`) VALUES (1491, 63, 3);
INSERT INTO `ModulerDatabase`.`Feedback` (`feedback_ID`, `feedback_set_ID`, `feedback_score`) VALUES (1492, 64, 4);
INSERT INTO `ModulerDatabase`.`Feedback` (`feedback_ID`, `feedback_set_ID`, `feedback_score`) VALUES (1493, 65, 2);
INSERT INTO `ModulerDatabase`.`Feedback` (`feedback_ID`, `feedback_set_ID`, `feedback_score`) VALUES (1494, 66, 1);
INSERT INTO `ModulerDatabase`.`Feedback` (`feedback_ID`, `feedback_set_ID`, `feedback_score`) VALUES (1495, 67, 1);
INSERT INTO `ModulerDatabase`.`Feedback` (`feedback_ID`, `feedback_set_ID`, `feedback_score`) VALUES (1496, 68, 1);
INSERT INTO `ModulerDatabase`.`Feedback` (`feedback_ID`, `feedback_set_ID`, `feedback_score`) VALUES (1497, 69, 3);
INSERT INTO `ModulerDatabase`.`Feedback` (`feedback_ID`, `feedback_set_ID`, `feedback_score`) VALUES (1498, 70, 5);
INSERT INTO `ModulerDatabase`.`Feedback` (`feedback_ID`, `feedback_set_ID`, `feedback_score`) VALUES (1499, 71, 4);
INSERT INTO `ModulerDatabase`.`Feedback` (`feedback_ID`, `feedback_set_ID`, `feedback_score`) VALUES (1500, 72, 3);
INSERT INTO `ModulerDatabase`.`Feedback` (`feedback_ID`, `feedback_set_ID`, `feedback_score`) VALUES (1501, 73, 3);
INSERT INTO `ModulerDatabase`.`Feedback` (`feedback_ID`, `feedback_set_ID`, `feedback_score`) VALUES (1502, 74, 4);
INSERT INTO `ModulerDatabase`.`Feedback` (`feedback_ID`, `feedback_set_ID`, `feedback_score`) VALUES (1503, 75, 4);
INSERT INTO `ModulerDatabase`.`Feedback` (`feedback_ID`, `feedback_set_ID`, `feedback_score`) VALUES (1504, 76, 3);
INSERT INTO `ModulerDatabase`.`Feedback` (`feedback_ID`, `feedback_set_ID`, `feedback_score`) VALUES (1505, 77, 3);
INSERT INTO `ModulerDatabase`.`Feedback` (`feedback_ID`, `feedback_set_ID`, `feedback_score`) VALUES (1506, 78, 4);
INSERT INTO `ModulerDatabase`.`Feedback` (`feedback_ID`, `feedback_set_ID`, `feedback_score`) VALUES (1507, 79, 4);
INSERT INTO `ModulerDatabase`.`Feedback` (`feedback_ID`, `feedback_set_ID`, `feedback_score`) VALUES (1508, 80, 2);
INSERT INTO `ModulerDatabase`.`Feedback` (`feedback_ID`, `feedback_set_ID`, `feedback_score`) VALUES (1509, 81, 4);
INSERT INTO `ModulerDatabase`.`Feedback` (`feedback_ID`, `feedback_set_ID`, `feedback_score`) VALUES (1510, 82, 3);
INSERT INTO `ModulerDatabase`.`Feedback` (`feedback_ID`, `feedback_set_ID`, `feedback_score`) VALUES (1511, 83, 2);
INSERT INTO `ModulerDatabase`.`Feedback` (`feedback_ID`, `feedback_set_ID`, `feedback_score`) VALUES (1512, 84, 2);
INSERT INTO `ModulerDatabase`.`Feedback` (`feedback_ID`, `feedback_set_ID`, `feedback_score`) VALUES (1513, 85, 4);
INSERT INTO `ModulerDatabase`.`Feedback` (`feedback_ID`, `feedback_set_ID`, `feedback_score`) VALUES (1514, 86, 1);
INSERT INTO `ModulerDatabase`.`Feedback` (`feedback_ID`, `feedback_set_ID`, `feedback_score`) VALUES (1515, 87, 3);
INSERT INTO `ModulerDatabase`.`Feedback` (`feedback_ID`, `feedback_set_ID`, `feedback_score`) VALUES (1516, 88, 2);
INSERT INTO `ModulerDatabase`.`Feedback` (`feedback_ID`, `feedback_set_ID`, `feedback_score`) VALUES (1517, 89, 4);
INSERT INTO `ModulerDatabase`.`Feedback` (`feedback_ID`, `feedback_set_ID`, `feedback_score`) VALUES (1518, 90, 5);
INSERT INTO `ModulerDatabase`.`Feedback` (`feedback_ID`, `feedback_set_ID`, `feedback_score`) VALUES (1519, 91, 5);
INSERT INTO `ModulerDatabase`.`Feedback` (`feedback_ID`, `feedback_set_ID`, `feedback_score`) VALUES (1520, 92, 4);
INSERT INTO `ModulerDatabase`.`Feedback` (`feedback_ID`, `feedback_set_ID`, `feedback_score`) VALUES (1521, 93, 2);
INSERT INTO `ModulerDatabase`.`Feedback` (`feedback_ID`, `feedback_set_ID`, `feedback_score`) VALUES (1522, 94, 4);
INSERT INTO `ModulerDatabase`.`Feedback` (`feedback_ID`, `feedback_set_ID`, `feedback_score`) VALUES (1523, 95, 2);
INSERT INTO `ModulerDatabase`.`Feedback` (`feedback_ID`, `feedback_set_ID`, `feedback_score`) VALUES (1524, 96, 3);
INSERT INTO `ModulerDatabase`.`Feedback` (`feedback_ID`, `feedback_set_ID`, `feedback_score`) VALUES (1525, 97, 2);
INSERT INTO `ModulerDatabase`.`Feedback` (`feedback_ID`, `feedback_set_ID`, `feedback_score`) VALUES (1526, 98, 5);
INSERT INTO `ModulerDatabase`.`Feedback` (`feedback_ID`, `feedback_set_ID`, `feedback_score`) VALUES (1527, 99, 4);
INSERT INTO `ModulerDatabase`.`Feedback` (`feedback_ID`, `feedback_set_ID`, `feedback_score`) VALUES (1528, 100, 1);
INSERT INTO `ModulerDatabase`.`Feedback` (`feedback_ID`, `feedback_set_ID`, `feedback_score`) VALUES (1529, 101, 4);
INSERT INTO `ModulerDatabase`.`Feedback` (`feedback_ID`, `feedback_set_ID`, `feedback_score`) VALUES (1530, 102, 2);
INSERT INTO `ModulerDatabase`.`Feedback` (`feedback_ID`, `feedback_set_ID`, `feedback_score`) VALUES (1531, 103, 2);
INSERT INTO `ModulerDatabase`.`Feedback` (`feedback_ID`, `feedback_set_ID`, `feedback_score`) VALUES (1532, 104, 4);
INSERT INTO `ModulerDatabase`.`Feedback` (`feedback_ID`, `feedback_set_ID`, `feedback_score`) VALUES (1533, 105, 4);
INSERT INTO `ModulerDatabase`.`Feedback` (`feedback_ID`, `feedback_set_ID`, `feedback_score`) VALUES (1534, 106, 3);
INSERT INTO `ModulerDatabase`.`Feedback` (`feedback_ID`, `feedback_set_ID`, `feedback_score`) VALUES (1535, 107, 2);
INSERT INTO `ModulerDatabase`.`Feedback` (`feedback_ID`, `feedback_set_ID`, `feedback_score`) VALUES (1536, 108, 3);
INSERT INTO `ModulerDatabase`.`Feedback` (`feedback_ID`, `feedback_set_ID`, `feedback_score`) VALUES (1537, 109, 5);
INSERT INTO `ModulerDatabase`.`Feedback` (`feedback_ID`, `feedback_set_ID`, `feedback_score`) VALUES (1538, 110, 3);
INSERT INTO `ModulerDatabase`.`Feedback` (`feedback_ID`, `feedback_set_ID`, `feedback_score`) VALUES (1539, 111, 4);
INSERT INTO `ModulerDatabase`.`Feedback` (`feedback_ID`, `feedback_set_ID`, `feedback_score`) VALUES (1540, 112, 4);
INSERT INTO `ModulerDatabase`.`Feedback` (`feedback_ID`, `feedback_set_ID`, `feedback_score`) VALUES (1541, 113, 4);
INSERT INTO `ModulerDatabase`.`Feedback` (`feedback_ID`, `feedback_set_ID`, `feedback_score`) VALUES (1542, 114, 1);
INSERT INTO `ModulerDatabase`.`Feedback` (`feedback_ID`, `feedback_set_ID`, `feedback_score`) VALUES (1543, 115, 5);
INSERT INTO `ModulerDatabase`.`Feedback` (`feedback_ID`, `feedback_set_ID`, `feedback_score`) VALUES (1544, 116, 5);
INSERT INTO `ModulerDatabase`.`Feedback` (`feedback_ID`, `feedback_set_ID`, `feedback_score`) VALUES (1545, 117, 1);
INSERT INTO `ModulerDatabase`.`Feedback` (`feedback_ID`, `feedback_set_ID`, `feedback_score`) VALUES (1546, 118, 2);
INSERT INTO `ModulerDatabase`.`Feedback` (`feedback_ID`, `feedback_set_ID`, `feedback_score`) VALUES (1547, 119, 4);
INSERT INTO `ModulerDatabase`.`Feedback` (`feedback_ID`, `feedback_set_ID`, `feedback_score`) VALUES (1548, 120, 4);
INSERT INTO `ModulerDatabase`.`Feedback` (`feedback_ID`, `feedback_set_ID`, `feedback_score`) VALUES (1549, 121, 4);
INSERT INTO `ModulerDatabase`.`Feedback` (`feedback_ID`, `feedback_set_ID`, `feedback_score`) VALUES (1550, 122, 3);
INSERT INTO `ModulerDatabase`.`Feedback` (`feedback_ID`, `feedback_set_ID`, `feedback_score`) VALUES (1551, 123, 1);
INSERT INTO `ModulerDatabase`.`Feedback` (`feedback_ID`, `feedback_set_ID`, `feedback_score`) VALUES (1552, 124, 1);
INSERT INTO `ModulerDatabase`.`Feedback` (`feedback_ID`, `feedback_set_ID`, `feedback_score`) VALUES (1553, 125, 1);
INSERT INTO `ModulerDatabase`.`Feedback` (`feedback_ID`, `feedback_set_ID`, `feedback_score`) VALUES (1554, 126, 2);
INSERT INTO `ModulerDatabase`.`Feedback` (`feedback_ID`, `feedback_set_ID`, `feedback_score`) VALUES (1555, 127, 4);
INSERT INTO `ModulerDatabase`.`Feedback` (`feedback_ID`, `feedback_set_ID`, `feedback_score`) VALUES (1556, 128, 1);
INSERT INTO `ModulerDatabase`.`Feedback` (`feedback_ID`, `feedback_set_ID`, `feedback_score`) VALUES (1557, 129, 5);
INSERT INTO `ModulerDatabase`.`Feedback` (`feedback_ID`, `feedback_set_ID`, `feedback_score`) VALUES (1558, 130, 2);
INSERT INTO `ModulerDatabase`.`Feedback` (`feedback_ID`, `feedback_set_ID`, `feedback_score`) VALUES (1559, 131, 2);
INSERT INTO `ModulerDatabase`.`Feedback` (`feedback_ID`, `feedback_set_ID`, `feedback_score`) VALUES (1560, 132, 3);
INSERT INTO `ModulerDatabase`.`Feedback` (`feedback_ID`, `feedback_set_ID`, `feedback_score`) VALUES (1561, 133, 3);
INSERT INTO `ModulerDatabase`.`Feedback` (`feedback_ID`, `feedback_set_ID`, `feedback_score`) VALUES (1562, 134, 2);
INSERT INTO `ModulerDatabase`.`Feedback` (`feedback_ID`, `feedback_set_ID`, `feedback_score`) VALUES (1563, 135, 5);
INSERT INTO `ModulerDatabase`.`Feedback` (`feedback_ID`, `feedback_set_ID`, `feedback_score`) VALUES (1564, 136, 4);
INSERT INTO `ModulerDatabase`.`Feedback` (`feedback_ID`, `feedback_set_ID`, `feedback_score`) VALUES (1565, 137, 4);
INSERT INTO `ModulerDatabase`.`Feedback` (`feedback_ID`, `feedback_set_ID`, `feedback_score`) VALUES (1566, 138, 3);
INSERT INTO `ModulerDatabase`.`Feedback` (`feedback_ID`, `feedback_set_ID`, `feedback_score`) VALUES (1567, 139, 5);
INSERT INTO `ModulerDatabase`.`Feedback` (`feedback_ID`, `feedback_set_ID`, `feedback_score`) VALUES (1568, 140, 2);
INSERT INTO `ModulerDatabase`.`Feedback` (`feedback_ID`, `feedback_set_ID`, `feedback_score`) VALUES (1569, 141, 1);
INSERT INTO `ModulerDatabase`.`Feedback` (`feedback_ID`, `feedback_set_ID`, `feedback_score`) VALUES (1570, 142, 2);
INSERT INTO `ModulerDatabase`.`Feedback` (`feedback_ID`, `feedback_set_ID`, `feedback_score`) VALUES (1571, 143, 3);
INSERT INTO `ModulerDatabase`.`Feedback` (`feedback_ID`, `feedback_set_ID`, `feedback_score`) VALUES (1572, 144, 5);
INSERT INTO `ModulerDatabase`.`Feedback` (`feedback_ID`, `feedback_set_ID`, `feedback_score`) VALUES (1573, 145, 1);
INSERT INTO `ModulerDatabase`.`Feedback` (`feedback_ID`, `feedback_set_ID`, `feedback_score`) VALUES (1574, 146, 4);
INSERT INTO `ModulerDatabase`.`Feedback` (`feedback_ID`, `feedback_set_ID`, `feedback_score`) VALUES (1575, 147, 4);
INSERT INTO `ModulerDatabase`.`Feedback` (`feedback_ID`, `feedback_set_ID`, `feedback_score`) VALUES (1576, 148, 2);
INSERT INTO `ModulerDatabase`.`Feedback` (`feedback_ID`, `feedback_set_ID`, `feedback_score`) VALUES (1577, 149, 3);
INSERT INTO `ModulerDatabase`.`Feedback` (`feedback_ID`, `feedback_set_ID`, `feedback_score`) VALUES (1578, 150, 4);
INSERT INTO `ModulerDatabase`.`Feedback` (`feedback_ID`, `feedback_set_ID`, `feedback_score`) VALUES (1579, 151, 1);
INSERT INTO `ModulerDatabase`.`Feedback` (`feedback_ID`, `feedback_set_ID`, `feedback_score`) VALUES (1580, 152, 4);
INSERT INTO `ModulerDatabase`.`Feedback` (`feedback_ID`, `feedback_set_ID`, `feedback_score`) VALUES (1581, 153, 2);
INSERT INTO `ModulerDatabase`.`Feedback` (`feedback_ID`, `feedback_set_ID`, `feedback_score`) VALUES (1582, 154, 4);
INSERT INTO `ModulerDatabase`.`Feedback` (`feedback_ID`, `feedback_set_ID`, `feedback_score`) VALUES (1583, 155, 2);
INSERT INTO `ModulerDatabase`.`Feedback` (`feedback_ID`, `feedback_set_ID`, `feedback_score`) VALUES (1584, 156, 4);
INSERT INTO `ModulerDatabase`.`Feedback` (`feedback_ID`, `feedback_set_ID`, `feedback_score`) VALUES (1585, 157, 2);
INSERT INTO `ModulerDatabase`.`Feedback` (`feedback_ID`, `feedback_set_ID`, `feedback_score`) VALUES (1586, 158, 1);
INSERT INTO `ModulerDatabase`.`Feedback` (`feedback_ID`, `feedback_set_ID`, `feedback_score`) VALUES (1587, 159, 3);
INSERT INTO `ModulerDatabase`.`Feedback` (`feedback_ID`, `feedback_set_ID`, `feedback_score`) VALUES (1588, 160, 1);
INSERT INTO `ModulerDatabase`.`Feedback` (`feedback_ID`, `feedback_set_ID`, `feedback_score`) VALUES (1589, 161, 3);
INSERT INTO `ModulerDatabase`.`Feedback` (`feedback_ID`, `feedback_set_ID`, `feedback_score`) VALUES (1590, 162, 5);
INSERT INTO `ModulerDatabase`.`Feedback` (`feedback_ID`, `feedback_set_ID`, `feedback_score`) VALUES (1591, 163, 3);
INSERT INTO `ModulerDatabase`.`Feedback` (`feedback_ID`, `feedback_set_ID`, `feedback_score`) VALUES (1592, 164, 4);
INSERT INTO `ModulerDatabase`.`Feedback` (`feedback_ID`, `feedback_set_ID`, `feedback_score`) VALUES (1593, 165, 5);
INSERT INTO `ModulerDatabase`.`Feedback` (`feedback_ID`, `feedback_set_ID`, `feedback_score`) VALUES (1594, 166, 4);
INSERT INTO `ModulerDatabase`.`Feedback` (`feedback_ID`, `feedback_set_ID`, `feedback_score`) VALUES (1595, 167, 3);
INSERT INTO `ModulerDatabase`.`Feedback` (`feedback_ID`, `feedback_set_ID`, `feedback_score`) VALUES (1596, 168, 4);
INSERT INTO `ModulerDatabase`.`Feedback` (`feedback_ID`, `feedback_set_ID`, `feedback_score`) VALUES (1597, 169, 2);
INSERT INTO `ModulerDatabase`.`Feedback` (`feedback_ID`, `feedback_set_ID`, `feedback_score`) VALUES (1598, 170, 1);
INSERT INTO `ModulerDatabase`.`Feedback` (`feedback_ID`, `feedback_set_ID`, `feedback_score`) VALUES (1599, 171, 3);
INSERT INTO `ModulerDatabase`.`Feedback` (`feedback_ID`, `feedback_set_ID`, `feedback_score`) VALUES (1600, 172, 5);
INSERT INTO `ModulerDatabase`.`Feedback` (`feedback_ID`, `feedback_set_ID`, `feedback_score`) VALUES (1601, 173, 5);
INSERT INTO `ModulerDatabase`.`Feedback` (`feedback_ID`, `feedback_set_ID`, `feedback_score`) VALUES (1602, 174, 2);
INSERT INTO `ModulerDatabase`.`Feedback` (`feedback_ID`, `feedback_set_ID`, `feedback_score`) VALUES (1603, 175, 1);
INSERT INTO `ModulerDatabase`.`Feedback` (`feedback_ID`, `feedback_set_ID`, `feedback_score`) VALUES (1604, 176, 3);
INSERT INTO `ModulerDatabase`.`Feedback` (`feedback_ID`, `feedback_set_ID`, `feedback_score`) VALUES (1605, 177, 1);
INSERT INTO `ModulerDatabase`.`Feedback` (`feedback_ID`, `feedback_set_ID`, `feedback_score`) VALUES (1606, 178, 3);
INSERT INTO `ModulerDatabase`.`Feedback` (`feedback_ID`, `feedback_set_ID`, `feedback_score`) VALUES (1607, 179, 5);
INSERT INTO `ModulerDatabase`.`Feedback` (`feedback_ID`, `feedback_set_ID`, `feedback_score`) VALUES (1608, 180, 4);
INSERT INTO `ModulerDatabase`.`Feedback` (`feedback_ID`, `feedback_set_ID`, `feedback_score`) VALUES (1609, 181, 4);
INSERT INTO `ModulerDatabase`.`Feedback` (`feedback_ID`, `feedback_set_ID`, `feedback_score`) VALUES (1610, 182, 1);
INSERT INTO `ModulerDatabase`.`Feedback` (`feedback_ID`, `feedback_set_ID`, `feedback_score`) VALUES (1611, 183, 1);
INSERT INTO `ModulerDatabase`.`Feedback` (`feedback_ID`, `feedback_set_ID`, `feedback_score`) VALUES (1612, 184, 3);
INSERT INTO `ModulerDatabase`.`Feedback` (`feedback_ID`, `feedback_set_ID`, `feedback_score`) VALUES (1613, 185, 4);
INSERT INTO `ModulerDatabase`.`Feedback` (`feedback_ID`, `feedback_set_ID`, `feedback_score`) VALUES (1614, 186, 1);
INSERT INTO `ModulerDatabase`.`Feedback` (`feedback_ID`, `feedback_set_ID`, `feedback_score`) VALUES (1615, 187, 4);
INSERT INTO `ModulerDatabase`.`Feedback` (`feedback_ID`, `feedback_set_ID`, `feedback_score`) VALUES (1616, 188, 3);
INSERT INTO `ModulerDatabase`.`Feedback` (`feedback_ID`, `feedback_set_ID`, `feedback_score`) VALUES (1617, 189, 5);
INSERT INTO `ModulerDatabase`.`Feedback` (`feedback_ID`, `feedback_set_ID`, `feedback_score`) VALUES (1618, 190, 3);
INSERT INTO `ModulerDatabase`.`Feedback` (`feedback_ID`, `feedback_set_ID`, `feedback_score`) VALUES (1619, 191, 4);
INSERT INTO `ModulerDatabase`.`Feedback` (`feedback_ID`, `feedback_set_ID`, `feedback_score`) VALUES (1620, 192, 2);
INSERT INTO `ModulerDatabase`.`Feedback` (`feedback_ID`, `feedback_set_ID`, `feedback_score`) VALUES (1621, 193, 3);
INSERT INTO `ModulerDatabase`.`Feedback` (`feedback_ID`, `feedback_set_ID`, `feedback_score`) VALUES (1622, 194, 3);
INSERT INTO `ModulerDatabase`.`Feedback` (`feedback_ID`, `feedback_set_ID`, `feedback_score`) VALUES (1623, 195, 4);
INSERT INTO `ModulerDatabase`.`Feedback` (`feedback_ID`, `feedback_set_ID`, `feedback_score`) VALUES (1624, 196, 3);
INSERT INTO `ModulerDatabase`.`Feedback` (`feedback_ID`, `feedback_set_ID`, `feedback_score`) VALUES (1625, 197, 5);
INSERT INTO `ModulerDatabase`.`Feedback` (`feedback_ID`, `feedback_set_ID`, `feedback_score`) VALUES (1626, 198, 2);
INSERT INTO `ModulerDatabase`.`Feedback` (`feedback_ID`, `feedback_set_ID`, `feedback_score`) VALUES (1627, 199, 2);
INSERT INTO `ModulerDatabase`.`Feedback` (`feedback_ID`, `feedback_set_ID`, `feedback_score`) VALUES (1628, 200, 3);
INSERT INTO `ModulerDatabase`.`Feedback` (`feedback_ID`, `feedback_set_ID`, `feedback_score`) VALUES (1629, 201, 5);
INSERT INTO `ModulerDatabase`.`Feedback` (`feedback_ID`, `feedback_set_ID`, `feedback_score`) VALUES (1630, 202, 5);
INSERT INTO `ModulerDatabase`.`Feedback` (`feedback_ID`, `feedback_set_ID`, `feedback_score`) VALUES (1631, 203, 5);
INSERT INTO `ModulerDatabase`.`Feedback` (`feedback_ID`, `feedback_set_ID`, `feedback_score`) VALUES (1632, 204, 1);
INSERT INTO `ModulerDatabase`.`Feedback` (`feedback_ID`, `feedback_set_ID`, `feedback_score`) VALUES (1633, 205, 3);
INSERT INTO `ModulerDatabase`.`Feedback` (`feedback_ID`, `feedback_set_ID`, `feedback_score`) VALUES (1634, 206, 3);
INSERT INTO `ModulerDatabase`.`Feedback` (`feedback_ID`, `feedback_set_ID`, `feedback_score`) VALUES (1635, 207, 5);
INSERT INTO `ModulerDatabase`.`Feedback` (`feedback_ID`, `feedback_set_ID`, `feedback_score`) VALUES (1636, 208, 2);
INSERT INTO `ModulerDatabase`.`Feedback` (`feedback_ID`, `feedback_set_ID`, `feedback_score`) VALUES (1637, 209, 1);
INSERT INTO `ModulerDatabase`.`Feedback` (`feedback_ID`, `feedback_set_ID`, `feedback_score`) VALUES (1638, 210, 4);
INSERT INTO `ModulerDatabase`.`Feedback` (`feedback_ID`, `feedback_set_ID`, `feedback_score`) VALUES (1639, 211, 2);
INSERT INTO `ModulerDatabase`.`Feedback` (`feedback_ID`, `feedback_set_ID`, `feedback_score`) VALUES (1640, 212, 4);
INSERT INTO `ModulerDatabase`.`Feedback` (`feedback_ID`, `feedback_set_ID`, `feedback_score`) VALUES (1641, 213, 4);
INSERT INTO `ModulerDatabase`.`Feedback` (`feedback_ID`, `feedback_set_ID`, `feedback_score`) VALUES (1642, 214, 1);
INSERT INTO `ModulerDatabase`.`Feedback` (`feedback_ID`, `feedback_set_ID`, `feedback_score`) VALUES (1643, 215, 4);
INSERT INTO `ModulerDatabase`.`Feedback` (`feedback_ID`, `feedback_set_ID`, `feedback_score`) VALUES (1644, 216, 4);
INSERT INTO `ModulerDatabase`.`Feedback` (`feedback_ID`, `feedback_set_ID`, `feedback_score`) VALUES (1645, 217, 1);
INSERT INTO `ModulerDatabase`.`Feedback` (`feedback_ID`, `feedback_set_ID`, `feedback_score`) VALUES (1646, 218, 4);
INSERT INTO `ModulerDatabase`.`Feedback` (`feedback_ID`, `feedback_set_ID`, `feedback_score`) VALUES (1647, 219, 3);
INSERT INTO `ModulerDatabase`.`Feedback` (`feedback_ID`, `feedback_set_ID`, `feedback_score`) VALUES (1648, 220, 2);
INSERT INTO `ModulerDatabase`.`Feedback` (`feedback_ID`, `feedback_set_ID`, `feedback_score`) VALUES (1649, 221, 1);
INSERT INTO `ModulerDatabase`.`Feedback` (`feedback_ID`, `feedback_set_ID`, `feedback_score`) VALUES (1650, 222, 3);
INSERT INTO `ModulerDatabase`.`Feedback` (`feedback_ID`, `feedback_set_ID`, `feedback_score`) VALUES (1651, 223, 3);
INSERT INTO `ModulerDatabase`.`Feedback` (`feedback_ID`, `feedback_set_ID`, `feedback_score`) VALUES (1652, 224, 3);
INSERT INTO `ModulerDatabase`.`Feedback` (`feedback_ID`, `feedback_set_ID`, `feedback_score`) VALUES (1653, 225, 1);
INSERT INTO `ModulerDatabase`.`Feedback` (`feedback_ID`, `feedback_set_ID`, `feedback_score`) VALUES (1654, 226, 3);
INSERT INTO `ModulerDatabase`.`Feedback` (`feedback_ID`, `feedback_set_ID`, `feedback_score`) VALUES (1655, 227, 4);
INSERT INTO `ModulerDatabase`.`Feedback` (`feedback_ID`, `feedback_set_ID`, `feedback_score`) VALUES (1656, 228, 1);
INSERT INTO `ModulerDatabase`.`Feedback` (`feedback_ID`, `feedback_set_ID`, `feedback_score`) VALUES (1657, 229, 3);
INSERT INTO `ModulerDatabase`.`Feedback` (`feedback_ID`, `feedback_set_ID`, `feedback_score`) VALUES (1658, 230, 4);
INSERT INTO `ModulerDatabase`.`Feedback` (`feedback_ID`, `feedback_set_ID`, `feedback_score`) VALUES (1659, 231, 3);
INSERT INTO `ModulerDatabase`.`Feedback` (`feedback_ID`, `feedback_set_ID`, `feedback_score`) VALUES (1660, 232, 1);
INSERT INTO `ModulerDatabase`.`Feedback` (`feedback_ID`, `feedback_set_ID`, `feedback_score`) VALUES (1661, 233, 5);
INSERT INTO `ModulerDatabase`.`Feedback` (`feedback_ID`, `feedback_set_ID`, `feedback_score`) VALUES (1662, 234, 4);
INSERT INTO `ModulerDatabase`.`Feedback` (`feedback_ID`, `feedback_set_ID`, `feedback_score`) VALUES (1663, 235, 4);
INSERT INTO `ModulerDatabase`.`Feedback` (`feedback_ID`, `feedback_set_ID`, `feedback_score`) VALUES (1664, 236, 5);
INSERT INTO `ModulerDatabase`.`Feedback` (`feedback_ID`, `feedback_set_ID`, `feedback_score`) VALUES (1665, 237, 2);
INSERT INTO `ModulerDatabase`.`Feedback` (`feedback_ID`, `feedback_set_ID`, `feedback_score`) VALUES (1666, 238, 5);
INSERT INTO `ModulerDatabase`.`Feedback` (`feedback_ID`, `feedback_set_ID`, `feedback_score`) VALUES (1667, 239, 2);
INSERT INTO `ModulerDatabase`.`Feedback` (`feedback_ID`, `feedback_set_ID`, `feedback_score`) VALUES (1668, 240, 2);
INSERT INTO `ModulerDatabase`.`Feedback` (`feedback_ID`, `feedback_set_ID`, `feedback_score`) VALUES (1669, 241, 4);
INSERT INTO `ModulerDatabase`.`Feedback` (`feedback_ID`, `feedback_set_ID`, `feedback_score`) VALUES (1670, 242, 1);
INSERT INTO `ModulerDatabase`.`Feedback` (`feedback_ID`, `feedback_set_ID`, `feedback_score`) VALUES (1671, 243, 5);
INSERT INTO `ModulerDatabase`.`Feedback` (`feedback_ID`, `feedback_set_ID`, `feedback_score`) VALUES (1672, 244, 3);
INSERT INTO `ModulerDatabase`.`Feedback` (`feedback_ID`, `feedback_set_ID`, `feedback_score`) VALUES (1673, 245, 1);
INSERT INTO `ModulerDatabase`.`Feedback` (`feedback_ID`, `feedback_set_ID`, `feedback_score`) VALUES (1674, 246, 1);
INSERT INTO `ModulerDatabase`.`Feedback` (`feedback_ID`, `feedback_set_ID`, `feedback_score`) VALUES (1675, 247, 3);
INSERT INTO `ModulerDatabase`.`Feedback` (`feedback_ID`, `feedback_set_ID`, `feedback_score`) VALUES (1676, 248, 3);
INSERT INTO `ModulerDatabase`.`Feedback` (`feedback_ID`, `feedback_set_ID`, `feedback_score`) VALUES (1677, 249, 1);
INSERT INTO `ModulerDatabase`.`Feedback` (`feedback_ID`, `feedback_set_ID`, `feedback_score`) VALUES (1678, 250, 3);
INSERT INTO `ModulerDatabase`.`Feedback` (`feedback_ID`, `feedback_set_ID`, `feedback_score`) VALUES (1679, 251, 4);
INSERT INTO `ModulerDatabase`.`Feedback` (`feedback_ID`, `feedback_set_ID`, `feedback_score`) VALUES (1680, 252, 4);
INSERT INTO `ModulerDatabase`.`Feedback` (`feedback_ID`, `feedback_set_ID`, `feedback_score`) VALUES (1681, 253, 5);
INSERT INTO `ModulerDatabase`.`Feedback` (`feedback_ID`, `feedback_set_ID`, `feedback_score`) VALUES (1682, 254, 3);
INSERT INTO `ModulerDatabase`.`Feedback` (`feedback_ID`, `feedback_set_ID`, `feedback_score`) VALUES (1683, 255, 3);
INSERT INTO `ModulerDatabase`.`Feedback` (`feedback_ID`, `feedback_set_ID`, `feedback_score`) VALUES (1684, 256, 2);
INSERT INTO `ModulerDatabase`.`Feedback` (`feedback_ID`, `feedback_set_ID`, `feedback_score`) VALUES (1685, 257, 5);
INSERT INTO `ModulerDatabase`.`Feedback` (`feedback_ID`, `feedback_set_ID`, `feedback_score`) VALUES (1686, 258, 3);
INSERT INTO `ModulerDatabase`.`Feedback` (`feedback_ID`, `feedback_set_ID`, `feedback_score`) VALUES (1687, 259, 1);
INSERT INTO `ModulerDatabase`.`Feedback` (`feedback_ID`, `feedback_set_ID`, `feedback_score`) VALUES (1688, 260, 1);
INSERT INTO `ModulerDatabase`.`Feedback` (`feedback_ID`, `feedback_set_ID`, `feedback_score`) VALUES (1689, 261, 5);
INSERT INTO `ModulerDatabase`.`Feedback` (`feedback_ID`, `feedback_set_ID`, `feedback_score`) VALUES (1690, 262, 2);
INSERT INTO `ModulerDatabase`.`Feedback` (`feedback_ID`, `feedback_set_ID`, `feedback_score`) VALUES (1691, 263, 4);
INSERT INTO `ModulerDatabase`.`Feedback` (`feedback_ID`, `feedback_set_ID`, `feedback_score`) VALUES (1692, 264, 4);
INSERT INTO `ModulerDatabase`.`Feedback` (`feedback_ID`, `feedback_set_ID`, `feedback_score`) VALUES (1693, 265, 5);
INSERT INTO `ModulerDatabase`.`Feedback` (`feedback_ID`, `feedback_set_ID`, `feedback_score`) VALUES (1694, 266, 3);
INSERT INTO `ModulerDatabase`.`Feedback` (`feedback_ID`, `feedback_set_ID`, `feedback_score`) VALUES (1695, 267, 2);
INSERT INTO `ModulerDatabase`.`Feedback` (`feedback_ID`, `feedback_set_ID`, `feedback_score`) VALUES (1696, 268, 4);
INSERT INTO `ModulerDatabase`.`Feedback` (`feedback_ID`, `feedback_set_ID`, `feedback_score`) VALUES (1697, 269, 4);
INSERT INTO `ModulerDatabase`.`Feedback` (`feedback_ID`, `feedback_set_ID`, `feedback_score`) VALUES (1698, 270, 5);
INSERT INTO `ModulerDatabase`.`Feedback` (`feedback_ID`, `feedback_set_ID`, `feedback_score`) VALUES (1699, 271, 5);
INSERT INTO `ModulerDatabase`.`Feedback` (`feedback_ID`, `feedback_set_ID`, `feedback_score`) VALUES (1700, 272, 5);
INSERT INTO `ModulerDatabase`.`Feedback` (`feedback_ID`, `feedback_set_ID`, `feedback_score`) VALUES (1701, 273, 4);
INSERT INTO `ModulerDatabase`.`Feedback` (`feedback_ID`, `feedback_set_ID`, `feedback_score`) VALUES (1702, 274, 2);
INSERT INTO `ModulerDatabase`.`Feedback` (`feedback_ID`, `feedback_set_ID`, `feedback_score`) VALUES (1703, 275, 5);
INSERT INTO `ModulerDatabase`.`Feedback` (`feedback_ID`, `feedback_set_ID`, `feedback_score`) VALUES (1704, 276, 1);
INSERT INTO `ModulerDatabase`.`Feedback` (`feedback_ID`, `feedback_set_ID`, `feedback_score`) VALUES (1705, 277, 5);
INSERT INTO `ModulerDatabase`.`Feedback` (`feedback_ID`, `feedback_set_ID`, `feedback_score`) VALUES (1706, 278, 3);
INSERT INTO `ModulerDatabase`.`Feedback` (`feedback_ID`, `feedback_set_ID`, `feedback_score`) VALUES (1707, 279, 4);
INSERT INTO `ModulerDatabase`.`Feedback` (`feedback_ID`, `feedback_set_ID`, `feedback_score`) VALUES (1708, 280, 3);
INSERT INTO `ModulerDatabase`.`Feedback` (`feedback_ID`, `feedback_set_ID`, `feedback_score`) VALUES (1709, 281, 4);
INSERT INTO `ModulerDatabase`.`Feedback` (`feedback_ID`, `feedback_set_ID`, `feedback_score`) VALUES (1710, 282, 2);
INSERT INTO `ModulerDatabase`.`Feedback` (`feedback_ID`, `feedback_set_ID`, `feedback_score`) VALUES (1711, 283, 4);
INSERT INTO `ModulerDatabase`.`Feedback` (`feedback_ID`, `feedback_set_ID`, `feedback_score`) VALUES (1712, 284, 2);
INSERT INTO `ModulerDatabase`.`Feedback` (`feedback_ID`, `feedback_set_ID`, `feedback_score`) VALUES (1713, 285, 3);
INSERT INTO `ModulerDatabase`.`Feedback` (`feedback_ID`, `feedback_set_ID`, `feedback_score`) VALUES (1714, 286, 1);
INSERT INTO `ModulerDatabase`.`Feedback` (`feedback_ID`, `feedback_set_ID`, `feedback_score`) VALUES (1715, 287, 5);
INSERT INTO `ModulerDatabase`.`Feedback` (`feedback_ID`, `feedback_set_ID`, `feedback_score`) VALUES (1716, 288, 5);
INSERT INTO `ModulerDatabase`.`Feedback` (`feedback_ID`, `feedback_set_ID`, `feedback_score`) VALUES (1717, 289, 2);
INSERT INTO `ModulerDatabase`.`Feedback` (`feedback_ID`, `feedback_set_ID`, `feedback_score`) VALUES (1718, 290, 2);
INSERT INTO `ModulerDatabase`.`Feedback` (`feedback_ID`, `feedback_set_ID`, `feedback_score`) VALUES (1719, 291, 5);
INSERT INTO `ModulerDatabase`.`Feedback` (`feedback_ID`, `feedback_set_ID`, `feedback_score`) VALUES (1720, 292, 2);
INSERT INTO `ModulerDatabase`.`Feedback` (`feedback_ID`, `feedback_set_ID`, `feedback_score`) VALUES (1721, 293, 4);
INSERT INTO `ModulerDatabase`.`Feedback` (`feedback_ID`, `feedback_set_ID`, `feedback_score`) VALUES (1722, 294, 3);
INSERT INTO `ModulerDatabase`.`Feedback` (`feedback_ID`, `feedback_set_ID`, `feedback_score`) VALUES (1723, 295, 4);
INSERT INTO `ModulerDatabase`.`Feedback` (`feedback_ID`, `feedback_set_ID`, `feedback_score`) VALUES (1724, 296, 5);
INSERT INTO `ModulerDatabase`.`Feedback` (`feedback_ID`, `feedback_set_ID`, `feedback_score`) VALUES (1725, 297, 2);
INSERT INTO `ModulerDatabase`.`Feedback` (`feedback_ID`, `feedback_set_ID`, `feedback_score`) VALUES (1726, 298, 2);
INSERT INTO `ModulerDatabase`.`Feedback` (`feedback_ID`, `feedback_set_ID`, `feedback_score`) VALUES (1727, 299, 3);
INSERT INTO `ModulerDatabase`.`Feedback` (`feedback_ID`, `feedback_set_ID`, `feedback_score`) VALUES (1728, 300, 4);
INSERT INTO `ModulerDatabase`.`Feedback` (`feedback_ID`, `feedback_set_ID`, `feedback_score`) VALUES (1729, 301, 1);
INSERT INTO `ModulerDatabase`.`Feedback` (`feedback_ID`, `feedback_set_ID`, `feedback_score`) VALUES (1730, 302, 3);
INSERT INTO `ModulerDatabase`.`Feedback` (`feedback_ID`, `feedback_set_ID`, `feedback_score`) VALUES (1731, 303, 2);
INSERT INTO `ModulerDatabase`.`Feedback` (`feedback_ID`, `feedback_set_ID`, `feedback_score`) VALUES (1732, 304, 4);
INSERT INTO `ModulerDatabase`.`Feedback` (`feedback_ID`, `feedback_set_ID`, `feedback_score`) VALUES (1733, 305, 2);
INSERT INTO `ModulerDatabase`.`Feedback` (`feedback_ID`, `feedback_set_ID`, `feedback_score`) VALUES (1734, 306, 5);
INSERT INTO `ModulerDatabase`.`Feedback` (`feedback_ID`, `feedback_set_ID`, `feedback_score`) VALUES (1735, 307, 2);
INSERT INTO `ModulerDatabase`.`Feedback` (`feedback_ID`, `feedback_set_ID`, `feedback_score`) VALUES (1736, 308, 4);
INSERT INTO `ModulerDatabase`.`Feedback` (`feedback_ID`, `feedback_set_ID`, `feedback_score`) VALUES (1737, 309, 3);
INSERT INTO `ModulerDatabase`.`Feedback` (`feedback_ID`, `feedback_set_ID`, `feedback_score`) VALUES (1738, 310, 2);
INSERT INTO `ModulerDatabase`.`Feedback` (`feedback_ID`, `feedback_set_ID`, `feedback_score`) VALUES (1739, 311, 2);
INSERT INTO `ModulerDatabase`.`Feedback` (`feedback_ID`, `feedback_set_ID`, `feedback_score`) VALUES (1740, 312, 3);
INSERT INTO `ModulerDatabase`.`Feedback` (`feedback_ID`, `feedback_set_ID`, `feedback_score`) VALUES (1741, 313, 1);
INSERT INTO `ModulerDatabase`.`Feedback` (`feedback_ID`, `feedback_set_ID`, `feedback_score`) VALUES (1742, 314, 5);
INSERT INTO `ModulerDatabase`.`Feedback` (`feedback_ID`, `feedback_set_ID`, `feedback_score`) VALUES (1743, 315, 4);
INSERT INTO `ModulerDatabase`.`Feedback` (`feedback_ID`, `feedback_set_ID`, `feedback_score`) VALUES (1744, 316, 2);
INSERT INTO `ModulerDatabase`.`Feedback` (`feedback_ID`, `feedback_set_ID`, `feedback_score`) VALUES (1745, 317, 5);
INSERT INTO `ModulerDatabase`.`Feedback` (`feedback_ID`, `feedback_set_ID`, `feedback_score`) VALUES (1746, 318, 4);
INSERT INTO `ModulerDatabase`.`Feedback` (`feedback_ID`, `feedback_set_ID`, `feedback_score`) VALUES (1747, 319, 2);
INSERT INTO `ModulerDatabase`.`Feedback` (`feedback_ID`, `feedback_set_ID`, `feedback_score`) VALUES (1748, 320, 3);
INSERT INTO `ModulerDatabase`.`Feedback` (`feedback_ID`, `feedback_set_ID`, `feedback_score`) VALUES (1749, 321, 4);
INSERT INTO `ModulerDatabase`.`Feedback` (`feedback_ID`, `feedback_set_ID`, `feedback_score`) VALUES (1750, 322, 5);
INSERT INTO `ModulerDatabase`.`Feedback` (`feedback_ID`, `feedback_set_ID`, `feedback_score`) VALUES (1751, 323, 1);
INSERT INTO `ModulerDatabase`.`Feedback` (`feedback_ID`, `feedback_set_ID`, `feedback_score`) VALUES (1752, 324, 5);
INSERT INTO `ModulerDatabase`.`Feedback` (`feedback_ID`, `feedback_set_ID`, `feedback_score`) VALUES (1753, 325, 5);
INSERT INTO `ModulerDatabase`.`Feedback` (`feedback_ID`, `feedback_set_ID`, `feedback_score`) VALUES (1754, 326, 5);
INSERT INTO `ModulerDatabase`.`Feedback` (`feedback_ID`, `feedback_set_ID`, `feedback_score`) VALUES (1755, 327, 1);
INSERT INTO `ModulerDatabase`.`Feedback` (`feedback_ID`, `feedback_set_ID`, `feedback_score`) VALUES (1756, 328, 5);
INSERT INTO `ModulerDatabase`.`Feedback` (`feedback_ID`, `feedback_set_ID`, `feedback_score`) VALUES (1757, 329, 5);
INSERT INTO `ModulerDatabase`.`Feedback` (`feedback_ID`, `feedback_set_ID`, `feedback_score`) VALUES (1758, 330, 5);
INSERT INTO `ModulerDatabase`.`Feedback` (`feedback_ID`, `feedback_set_ID`, `feedback_score`) VALUES (1759, 331, 1);
INSERT INTO `ModulerDatabase`.`Feedback` (`feedback_ID`, `feedback_set_ID`, `feedback_score`) VALUES (1760, 332, 4);
INSERT INTO `ModulerDatabase`.`Feedback` (`feedback_ID`, `feedback_set_ID`, `feedback_score`) VALUES (1761, 333, 1);
INSERT INTO `ModulerDatabase`.`Feedback` (`feedback_ID`, `feedback_set_ID`, `feedback_score`) VALUES (1762, 334, 1);
INSERT INTO `ModulerDatabase`.`Feedback` (`feedback_ID`, `feedback_set_ID`, `feedback_score`) VALUES (1763, 335, 5);
INSERT INTO `ModulerDatabase`.`Feedback` (`feedback_ID`, `feedback_set_ID`, `feedback_score`) VALUES (1764, 336, 2);
INSERT INTO `ModulerDatabase`.`Feedback` (`feedback_ID`, `feedback_set_ID`, `feedback_score`) VALUES (1765, 337, 4);
INSERT INTO `ModulerDatabase`.`Feedback` (`feedback_ID`, `feedback_set_ID`, `feedback_score`) VALUES (1766, 338, 3);
INSERT INTO `ModulerDatabase`.`Feedback` (`feedback_ID`, `feedback_set_ID`, `feedback_score`) VALUES (1767, 339, 5);
INSERT INTO `ModulerDatabase`.`Feedback` (`feedback_ID`, `feedback_set_ID`, `feedback_score`) VALUES (1768, 340, 5);
INSERT INTO `ModulerDatabase`.`Feedback` (`feedback_ID`, `feedback_set_ID`, `feedback_score`) VALUES (1769, 341, 4);
INSERT INTO `ModulerDatabase`.`Feedback` (`feedback_ID`, `feedback_set_ID`, `feedback_score`) VALUES (1770, 342, 2);
INSERT INTO `ModulerDatabase`.`Feedback` (`feedback_ID`, `feedback_set_ID`, `feedback_score`) VALUES (1771, 343, 4);
INSERT INTO `ModulerDatabase`.`Feedback` (`feedback_ID`, `feedback_set_ID`, `feedback_score`) VALUES (1772, 344, 3);
INSERT INTO `ModulerDatabase`.`Feedback` (`feedback_ID`, `feedback_set_ID`, `feedback_score`) VALUES (1773, 345, 3);
INSERT INTO `ModulerDatabase`.`Feedback` (`feedback_ID`, `feedback_set_ID`, `feedback_score`) VALUES (1774, 346, 2);
INSERT INTO `ModulerDatabase`.`Feedback` (`feedback_ID`, `feedback_set_ID`, `feedback_score`) VALUES (1775, 347, 5);
INSERT INTO `ModulerDatabase`.`Feedback` (`feedback_ID`, `feedback_set_ID`, `feedback_score`) VALUES (1776, 348, 2);
INSERT INTO `ModulerDatabase`.`Feedback` (`feedback_ID`, `feedback_set_ID`, `feedback_score`) VALUES (1777, 349, 2);
INSERT INTO `ModulerDatabase`.`Feedback` (`feedback_ID`, `feedback_set_ID`, `feedback_score`) VALUES (1778, 350, 1);
INSERT INTO `ModulerDatabase`.`Feedback` (`feedback_ID`, `feedback_set_ID`, `feedback_score`) VALUES (1779, 351, 5);
INSERT INTO `ModulerDatabase`.`Feedback` (`feedback_ID`, `feedback_set_ID`, `feedback_score`) VALUES (1780, 352, 5);
INSERT INTO `ModulerDatabase`.`Feedback` (`feedback_ID`, `feedback_set_ID`, `feedback_score`) VALUES (1781, 353, 5);
INSERT INTO `ModulerDatabase`.`Feedback` (`feedback_ID`, `feedback_set_ID`, `feedback_score`) VALUES (1782, 354, 3);
INSERT INTO `ModulerDatabase`.`Feedback` (`feedback_ID`, `feedback_set_ID`, `feedback_score`) VALUES (1783, 355, 2);
INSERT INTO `ModulerDatabase`.`Feedback` (`feedback_ID`, `feedback_set_ID`, `feedback_score`) VALUES (1784, 356, 5);
INSERT INTO `ModulerDatabase`.`Feedback` (`feedback_ID`, `feedback_set_ID`, `feedback_score`) VALUES (1785, 357, 4);
INSERT INTO `ModulerDatabase`.`Feedback` (`feedback_ID`, `feedback_set_ID`, `feedback_score`) VALUES (1786, 358, 4);
INSERT INTO `ModulerDatabase`.`Feedback` (`feedback_ID`, `feedback_set_ID`, `feedback_score`) VALUES (1787, 359, 4);
INSERT INTO `ModulerDatabase`.`Feedback` (`feedback_ID`, `feedback_set_ID`, `feedback_score`) VALUES (1788, 360, 1);
INSERT INTO `ModulerDatabase`.`Feedback` (`feedback_ID`, `feedback_set_ID`, `feedback_score`) VALUES (1789, 361, 1);
INSERT INTO `ModulerDatabase`.`Feedback` (`feedback_ID`, `feedback_set_ID`, `feedback_score`) VALUES (1790, 362, 1);
INSERT INTO `ModulerDatabase`.`Feedback` (`feedback_ID`, `feedback_set_ID`, `feedback_score`) VALUES (1791, 363, 5);
INSERT INTO `ModulerDatabase`.`Feedback` (`feedback_ID`, `feedback_set_ID`, `feedback_score`) VALUES (1792, 364, 2);
INSERT INTO `ModulerDatabase`.`Feedback` (`feedback_ID`, `feedback_set_ID`, `feedback_score`) VALUES (1793, 365, 3);
INSERT INTO `ModulerDatabase`.`Feedback` (`feedback_ID`, `feedback_set_ID`, `feedback_score`) VALUES (1794, 366, 4);
INSERT INTO `ModulerDatabase`.`Feedback` (`feedback_ID`, `feedback_set_ID`, `feedback_score`) VALUES (1795, 367, 2);
INSERT INTO `ModulerDatabase`.`Feedback` (`feedback_ID`, `feedback_set_ID`, `feedback_score`) VALUES (1796, 368, 3);
INSERT INTO `ModulerDatabase`.`Feedback` (`feedback_ID`, `feedback_set_ID`, `feedback_score`) VALUES (1797, 369, 1);
INSERT INTO `ModulerDatabase`.`Feedback` (`feedback_ID`, `feedback_set_ID`, `feedback_score`) VALUES (1798, 370, 4);
INSERT INTO `ModulerDatabase`.`Feedback` (`feedback_ID`, `feedback_set_ID`, `feedback_score`) VALUES (1799, 371, 2);
INSERT INTO `ModulerDatabase`.`Feedback` (`feedback_ID`, `feedback_set_ID`, `feedback_score`) VALUES (1800, 372, 3);
INSERT INTO `ModulerDatabase`.`Feedback` (`feedback_ID`, `feedback_set_ID`, `feedback_score`) VALUES (1801, 373, 4);
INSERT INTO `ModulerDatabase`.`Feedback` (`feedback_ID`, `feedback_set_ID`, `feedback_score`) VALUES (1802, 374, 3);
INSERT INTO `ModulerDatabase`.`Feedback` (`feedback_ID`, `feedback_set_ID`, `feedback_score`) VALUES (1803, 375, 2);
INSERT INTO `ModulerDatabase`.`Feedback` (`feedback_ID`, `feedback_set_ID`, `feedback_score`) VALUES (1804, 376, 5);
INSERT INTO `ModulerDatabase`.`Feedback` (`feedback_ID`, `feedback_set_ID`, `feedback_score`) VALUES (1805, 377, 5);
INSERT INTO `ModulerDatabase`.`Feedback` (`feedback_ID`, `feedback_set_ID`, `feedback_score`) VALUES (1806, 378, 1);
INSERT INTO `ModulerDatabase`.`Feedback` (`feedback_ID`, `feedback_set_ID`, `feedback_score`) VALUES (1807, 379, 4);
INSERT INTO `ModulerDatabase`.`Feedback` (`feedback_ID`, `feedback_set_ID`, `feedback_score`) VALUES (1808, 380, 1);
INSERT INTO `ModulerDatabase`.`Feedback` (`feedback_ID`, `feedback_set_ID`, `feedback_score`) VALUES (1809, 381, 4);
INSERT INTO `ModulerDatabase`.`Feedback` (`feedback_ID`, `feedback_set_ID`, `feedback_score`) VALUES (1810, 382, 4);
INSERT INTO `ModulerDatabase`.`Feedback` (`feedback_ID`, `feedback_set_ID`, `feedback_score`) VALUES (1811, 383, 1);
INSERT INTO `ModulerDatabase`.`Feedback` (`feedback_ID`, `feedback_set_ID`, `feedback_score`) VALUES (1812, 384, 4);
INSERT INTO `ModulerDatabase`.`Feedback` (`feedback_ID`, `feedback_set_ID`, `feedback_score`) VALUES (1813, 385, 3);
INSERT INTO `ModulerDatabase`.`Feedback` (`feedback_ID`, `feedback_set_ID`, `feedback_score`) VALUES (1814, 386, 2);
INSERT INTO `ModulerDatabase`.`Feedback` (`feedback_ID`, `feedback_set_ID`, `feedback_score`) VALUES (1815, 387, 4);
INSERT INTO `ModulerDatabase`.`Feedback` (`feedback_ID`, `feedback_set_ID`, `feedback_score`) VALUES (1816, 388, 2);
INSERT INTO `ModulerDatabase`.`Feedback` (`feedback_ID`, `feedback_set_ID`, `feedback_score`) VALUES (1817, 389, 3);
INSERT INTO `ModulerDatabase`.`Feedback` (`feedback_ID`, `feedback_set_ID`, `feedback_score`) VALUES (1818, 390, 2);
INSERT INTO `ModulerDatabase`.`Feedback` (`feedback_ID`, `feedback_set_ID`, `feedback_score`) VALUES (1819, 391, 4);
INSERT INTO `ModulerDatabase`.`Feedback` (`feedback_ID`, `feedback_set_ID`, `feedback_score`) VALUES (1820, 392, 1);
INSERT INTO `ModulerDatabase`.`Feedback` (`feedback_ID`, `feedback_set_ID`, `feedback_score`) VALUES (1821, 393, 1);
INSERT INTO `ModulerDatabase`.`Feedback` (`feedback_ID`, `feedback_set_ID`, `feedback_score`) VALUES (1822, 394, 2);
INSERT INTO `ModulerDatabase`.`Feedback` (`feedback_ID`, `feedback_set_ID`, `feedback_score`) VALUES (1823, 395, 1);
INSERT INTO `ModulerDatabase`.`Feedback` (`feedback_ID`, `feedback_set_ID`, `feedback_score`) VALUES (1824, 396, 2);
INSERT INTO `ModulerDatabase`.`Feedback` (`feedback_ID`, `feedback_set_ID`, `feedback_score`) VALUES (1825, 397, 5);
INSERT INTO `ModulerDatabase`.`Feedback` (`feedback_ID`, `feedback_set_ID`, `feedback_score`) VALUES (1826, 398, 3);
INSERT INTO `ModulerDatabase`.`Feedback` (`feedback_ID`, `feedback_set_ID`, `feedback_score`) VALUES (1827, 399, 2);
INSERT INTO `ModulerDatabase`.`Feedback` (`feedback_ID`, `feedback_set_ID`, `feedback_score`) VALUES (1828, 400, 4);
INSERT INTO `ModulerDatabase`.`Feedback` (`feedback_ID`, `feedback_set_ID`, `feedback_score`) VALUES (1829, 401, 4);
INSERT INTO `ModulerDatabase`.`Feedback` (`feedback_ID`, `feedback_set_ID`, `feedback_score`) VALUES (1830, 402, 3);
INSERT INTO `ModulerDatabase`.`Feedback` (`feedback_ID`, `feedback_set_ID`, `feedback_score`) VALUES (1831, 403, 4);
INSERT INTO `ModulerDatabase`.`Feedback` (`feedback_ID`, `feedback_set_ID`, `feedback_score`) VALUES (1832, 404, 4);
INSERT INTO `ModulerDatabase`.`Feedback` (`feedback_ID`, `feedback_set_ID`, `feedback_score`) VALUES (1833, 405, 5);
INSERT INTO `ModulerDatabase`.`Feedback` (`feedback_ID`, `feedback_set_ID`, `feedback_score`) VALUES (1834, 406, 3);
INSERT INTO `ModulerDatabase`.`Feedback` (`feedback_ID`, `feedback_set_ID`, `feedback_score`) VALUES (1835, 407, 3);
INSERT INTO `ModulerDatabase`.`Feedback` (`feedback_ID`, `feedback_set_ID`, `feedback_score`) VALUES (1836, 408, 2);
INSERT INTO `ModulerDatabase`.`Feedback` (`feedback_ID`, `feedback_set_ID`, `feedback_score`) VALUES (1837, 409, 1);
INSERT INTO `ModulerDatabase`.`Feedback` (`feedback_ID`, `feedback_set_ID`, `feedback_score`) VALUES (1838, 410, 3);
INSERT INTO `ModulerDatabase`.`Feedback` (`feedback_ID`, `feedback_set_ID`, `feedback_score`) VALUES (1839, 411, 2);
INSERT INTO `ModulerDatabase`.`Feedback` (`feedback_ID`, `feedback_set_ID`, `feedback_score`) VALUES (1840, 412, 3);
INSERT INTO `ModulerDatabase`.`Feedback` (`feedback_ID`, `feedback_set_ID`, `feedback_score`) VALUES (1841, 413, 2);
INSERT INTO `ModulerDatabase`.`Feedback` (`feedback_ID`, `feedback_set_ID`, `feedback_score`) VALUES (1842, 414, 5);
INSERT INTO `ModulerDatabase`.`Feedback` (`feedback_ID`, `feedback_set_ID`, `feedback_score`) VALUES (1843, 415, 3);
INSERT INTO `ModulerDatabase`.`Feedback` (`feedback_ID`, `feedback_set_ID`, `feedback_score`) VALUES (1844, 416, 2);
INSERT INTO `ModulerDatabase`.`Feedback` (`feedback_ID`, `feedback_set_ID`, `feedback_score`) VALUES (1845, 417, 5);
INSERT INTO `ModulerDatabase`.`Feedback` (`feedback_ID`, `feedback_set_ID`, `feedback_score`) VALUES (1846, 418, 2);
INSERT INTO `ModulerDatabase`.`Feedback` (`feedback_ID`, `feedback_set_ID`, `feedback_score`) VALUES (1847, 419, 4);
INSERT INTO `ModulerDatabase`.`Feedback` (`feedback_ID`, `feedback_set_ID`, `feedback_score`) VALUES (1848, 420, 1);
INSERT INTO `ModulerDatabase`.`Feedback` (`feedback_ID`, `feedback_set_ID`, `feedback_score`) VALUES (1849, 421, 4);
INSERT INTO `ModulerDatabase`.`Feedback` (`feedback_ID`, `feedback_set_ID`, `feedback_score`) VALUES (1850, 422, 4);
INSERT INTO `ModulerDatabase`.`Feedback` (`feedback_ID`, `feedback_set_ID`, `feedback_score`) VALUES (1851, 423, 1);
INSERT INTO `ModulerDatabase`.`Feedback` (`feedback_ID`, `feedback_set_ID`, `feedback_score`) VALUES (1852, 424, 3);
INSERT INTO `ModulerDatabase`.`Feedback` (`feedback_ID`, `feedback_set_ID`, `feedback_score`) VALUES (1853, 425, 1);
INSERT INTO `ModulerDatabase`.`Feedback` (`feedback_ID`, `feedback_set_ID`, `feedback_score`) VALUES (1854, 426, 5);
INSERT INTO `ModulerDatabase`.`Feedback` (`feedback_ID`, `feedback_set_ID`, `feedback_score`) VALUES (1855, 427, 1);
INSERT INTO `ModulerDatabase`.`Feedback` (`feedback_ID`, `feedback_set_ID`, `feedback_score`) VALUES (1856, 428, 5);
INSERT INTO `ModulerDatabase`.`Feedback` (`feedback_ID`, `feedback_set_ID`, `feedback_score`) VALUES (1857, 429, 3);
INSERT INTO `ModulerDatabase`.`Feedback` (`feedback_ID`, `feedback_set_ID`, `feedback_score`) VALUES (1858, 430, 5);
INSERT INTO `ModulerDatabase`.`Feedback` (`feedback_ID`, `feedback_set_ID`, `feedback_score`) VALUES (1859, 431, 1);
INSERT INTO `ModulerDatabase`.`Feedback` (`feedback_ID`, `feedback_set_ID`, `feedback_score`) VALUES (1860, 432, 4);
INSERT INTO `ModulerDatabase`.`Feedback` (`feedback_ID`, `feedback_set_ID`, `feedback_score`) VALUES (1861, 433, 3);
INSERT INTO `ModulerDatabase`.`Feedback` (`feedback_ID`, `feedback_set_ID`, `feedback_score`) VALUES (1862, 434, 4);
INSERT INTO `ModulerDatabase`.`Feedback` (`feedback_ID`, `feedback_set_ID`, `feedback_score`) VALUES (1863, 435, 4);
INSERT INTO `ModulerDatabase`.`Feedback` (`feedback_ID`, `feedback_set_ID`, `feedback_score`) VALUES (1864, 436, 5);
INSERT INTO `ModulerDatabase`.`Feedback` (`feedback_ID`, `feedback_set_ID`, `feedback_score`) VALUES (1865, 437, 1);
INSERT INTO `ModulerDatabase`.`Feedback` (`feedback_ID`, `feedback_set_ID`, `feedback_score`) VALUES (1866, 438, 2);
INSERT INTO `ModulerDatabase`.`Feedback` (`feedback_ID`, `feedback_set_ID`, `feedback_score`) VALUES (1867, 439, 4);
INSERT INTO `ModulerDatabase`.`Feedback` (`feedback_ID`, `feedback_set_ID`, `feedback_score`) VALUES (1868, 440, 3);
INSERT INTO `ModulerDatabase`.`Feedback` (`feedback_ID`, `feedback_set_ID`, `feedback_score`) VALUES (1869, 441, 1);
INSERT INTO `ModulerDatabase`.`Feedback` (`feedback_ID`, `feedback_set_ID`, `feedback_score`) VALUES (1870, 442, 4);
INSERT INTO `ModulerDatabase`.`Feedback` (`feedback_ID`, `feedback_set_ID`, `feedback_score`) VALUES (1871, 443, 3);
INSERT INTO `ModulerDatabase`.`Feedback` (`feedback_ID`, `feedback_set_ID`, `feedback_score`) VALUES (1872, 444, 1);
INSERT INTO `ModulerDatabase`.`Feedback` (`feedback_ID`, `feedback_set_ID`, `feedback_score`) VALUES (1873, 445, 4);
INSERT INTO `ModulerDatabase`.`Feedback` (`feedback_ID`, `feedback_set_ID`, `feedback_score`) VALUES (1874, 446, 2);
INSERT INTO `ModulerDatabase`.`Feedback` (`feedback_ID`, `feedback_set_ID`, `feedback_score`) VALUES (1875, 447, 3);
INSERT INTO `ModulerDatabase`.`Feedback` (`feedback_ID`, `feedback_set_ID`, `feedback_score`) VALUES (1876, 448, 2);
INSERT INTO `ModulerDatabase`.`Feedback` (`feedback_ID`, `feedback_set_ID`, `feedback_score`) VALUES (1877, 449, 5);
INSERT INTO `ModulerDatabase`.`Feedback` (`feedback_ID`, `feedback_set_ID`, `feedback_score`) VALUES (1878, 450, 3);
INSERT INTO `ModulerDatabase`.`Feedback` (`feedback_ID`, `feedback_set_ID`, `feedback_score`) VALUES (1879, 451, 1);
INSERT INTO `ModulerDatabase`.`Feedback` (`feedback_ID`, `feedback_set_ID`, `feedback_score`) VALUES (1880, 452, 3);
INSERT INTO `ModulerDatabase`.`Feedback` (`feedback_ID`, `feedback_set_ID`, `feedback_score`) VALUES (1881, 453, 3);
INSERT INTO `ModulerDatabase`.`Feedback` (`feedback_ID`, `feedback_set_ID`, `feedback_score`) VALUES (1882, 454, 4);
INSERT INTO `ModulerDatabase`.`Feedback` (`feedback_ID`, `feedback_set_ID`, `feedback_score`) VALUES (1883, 455, 4);
INSERT INTO `ModulerDatabase`.`Feedback` (`feedback_ID`, `feedback_set_ID`, `feedback_score`) VALUES (1884, 456, 1);
INSERT INTO `ModulerDatabase`.`Feedback` (`feedback_ID`, `feedback_set_ID`, `feedback_score`) VALUES (1885, 457, 3);
INSERT INTO `ModulerDatabase`.`Feedback` (`feedback_ID`, `feedback_set_ID`, `feedback_score`) VALUES (1886, 458, 4);
INSERT INTO `ModulerDatabase`.`Feedback` (`feedback_ID`, `feedback_set_ID`, `feedback_score`) VALUES (1887, 459, 4);
INSERT INTO `ModulerDatabase`.`Feedback` (`feedback_ID`, `feedback_set_ID`, `feedback_score`) VALUES (1888, 460, 1);
INSERT INTO `ModulerDatabase`.`Feedback` (`feedback_ID`, `feedback_set_ID`, `feedback_score`) VALUES (1889, 461, 3);
INSERT INTO `ModulerDatabase`.`Feedback` (`feedback_ID`, `feedback_set_ID`, `feedback_score`) VALUES (1890, 462, 2);
INSERT INTO `ModulerDatabase`.`Feedback` (`feedback_ID`, `feedback_set_ID`, `feedback_score`) VALUES (1891, 463, 4);
INSERT INTO `ModulerDatabase`.`Feedback` (`feedback_ID`, `feedback_set_ID`, `feedback_score`) VALUES (1892, 464, 3);
INSERT INTO `ModulerDatabase`.`Feedback` (`feedback_ID`, `feedback_set_ID`, `feedback_score`) VALUES (1893, 465, 2);
INSERT INTO `ModulerDatabase`.`Feedback` (`feedback_ID`, `feedback_set_ID`, `feedback_score`) VALUES (1894, 466, 3);
INSERT INTO `ModulerDatabase`.`Feedback` (`feedback_ID`, `feedback_set_ID`, `feedback_score`) VALUES (1895, 467, 5);
INSERT INTO `ModulerDatabase`.`Feedback` (`feedback_ID`, `feedback_set_ID`, `feedback_score`) VALUES (1896, 468, 5);
INSERT INTO `ModulerDatabase`.`Feedback` (`feedback_ID`, `feedback_set_ID`, `feedback_score`) VALUES (1897, 469, 3);
INSERT INTO `ModulerDatabase`.`Feedback` (`feedback_ID`, `feedback_set_ID`, `feedback_score`) VALUES (1898, 470, 3);
INSERT INTO `ModulerDatabase`.`Feedback` (`feedback_ID`, `feedback_set_ID`, `feedback_score`) VALUES (1899, 471, 1);
INSERT INTO `ModulerDatabase`.`Feedback` (`feedback_ID`, `feedback_set_ID`, `feedback_score`) VALUES (1900, 472, 1);
INSERT INTO `ModulerDatabase`.`Feedback` (`feedback_ID`, `feedback_set_ID`, `feedback_score`) VALUES (1901, 473, 3);
INSERT INTO `ModulerDatabase`.`Feedback` (`feedback_ID`, `feedback_set_ID`, `feedback_score`) VALUES (1902, 474, 1);
INSERT INTO `ModulerDatabase`.`Feedback` (`feedback_ID`, `feedback_set_ID`, `feedback_score`) VALUES (1903, 475, 2);
INSERT INTO `ModulerDatabase`.`Feedback` (`feedback_ID`, `feedback_set_ID`, `feedback_score`) VALUES (1904, 476, 3);
INSERT INTO `ModulerDatabase`.`Feedback` (`feedback_ID`, `feedback_set_ID`, `feedback_score`) VALUES (1905, 1, 1);
INSERT INTO `ModulerDatabase`.`Feedback` (`feedback_ID`, `feedback_set_ID`, `feedback_score`) VALUES (1906, 2, 1);
INSERT INTO `ModulerDatabase`.`Feedback` (`feedback_ID`, `feedback_set_ID`, `feedback_score`) VALUES (1907, 3, 5);
INSERT INTO `ModulerDatabase`.`Feedback` (`feedback_ID`, `feedback_set_ID`, `feedback_score`) VALUES (1908, 4, 2);
INSERT INTO `ModulerDatabase`.`Feedback` (`feedback_ID`, `feedback_set_ID`, `feedback_score`) VALUES (1909, 5, 5);
INSERT INTO `ModulerDatabase`.`Feedback` (`feedback_ID`, `feedback_set_ID`, `feedback_score`) VALUES (1910, 6, 1);
INSERT INTO `ModulerDatabase`.`Feedback` (`feedback_ID`, `feedback_set_ID`, `feedback_score`) VALUES (1911, 7, 5);
INSERT INTO `ModulerDatabase`.`Feedback` (`feedback_ID`, `feedback_set_ID`, `feedback_score`) VALUES (1912, 8, 4);
INSERT INTO `ModulerDatabase`.`Feedback` (`feedback_ID`, `feedback_set_ID`, `feedback_score`) VALUES (1913, 9, 2);
INSERT INTO `ModulerDatabase`.`Feedback` (`feedback_ID`, `feedback_set_ID`, `feedback_score`) VALUES (1914, 10, 2);
INSERT INTO `ModulerDatabase`.`Feedback` (`feedback_ID`, `feedback_set_ID`, `feedback_score`) VALUES (1915, 11, 4);
INSERT INTO `ModulerDatabase`.`Feedback` (`feedback_ID`, `feedback_set_ID`, `feedback_score`) VALUES (1916, 12, 2);
INSERT INTO `ModulerDatabase`.`Feedback` (`feedback_ID`, `feedback_set_ID`, `feedback_score`) VALUES (1917, 13, 1);
INSERT INTO `ModulerDatabase`.`Feedback` (`feedback_ID`, `feedback_set_ID`, `feedback_score`) VALUES (1918, 14, 1);
INSERT INTO `ModulerDatabase`.`Feedback` (`feedback_ID`, `feedback_set_ID`, `feedback_score`) VALUES (1919, 15, 4);
INSERT INTO `ModulerDatabase`.`Feedback` (`feedback_ID`, `feedback_set_ID`, `feedback_score`) VALUES (1920, 16, 5);
INSERT INTO `ModulerDatabase`.`Feedback` (`feedback_ID`, `feedback_set_ID`, `feedback_score`) VALUES (1921, 17, 3);
INSERT INTO `ModulerDatabase`.`Feedback` (`feedback_ID`, `feedback_set_ID`, `feedback_score`) VALUES (1922, 18, 5);
INSERT INTO `ModulerDatabase`.`Feedback` (`feedback_ID`, `feedback_set_ID`, `feedback_score`) VALUES (1923, 19, 4);
INSERT INTO `ModulerDatabase`.`Feedback` (`feedback_ID`, `feedback_set_ID`, `feedback_score`) VALUES (1924, 20, 3);
INSERT INTO `ModulerDatabase`.`Feedback` (`feedback_ID`, `feedback_set_ID`, `feedback_score`) VALUES (1925, 21, 5);
INSERT INTO `ModulerDatabase`.`Feedback` (`feedback_ID`, `feedback_set_ID`, `feedback_score`) VALUES (1926, 22, 5);
INSERT INTO `ModulerDatabase`.`Feedback` (`feedback_ID`, `feedback_set_ID`, `feedback_score`) VALUES (1927, 23, 5);
INSERT INTO `ModulerDatabase`.`Feedback` (`feedback_ID`, `feedback_set_ID`, `feedback_score`) VALUES (1928, 24, 1);
INSERT INTO `ModulerDatabase`.`Feedback` (`feedback_ID`, `feedback_set_ID`, `feedback_score`) VALUES (1929, 25, 2);
INSERT INTO `ModulerDatabase`.`Feedback` (`feedback_ID`, `feedback_set_ID`, `feedback_score`) VALUES (1930, 26, 2);
INSERT INTO `ModulerDatabase`.`Feedback` (`feedback_ID`, `feedback_set_ID`, `feedback_score`) VALUES (1931, 27, 3);
INSERT INTO `ModulerDatabase`.`Feedback` (`feedback_ID`, `feedback_set_ID`, `feedback_score`) VALUES (1932, 28, 1);
INSERT INTO `ModulerDatabase`.`Feedback` (`feedback_ID`, `feedback_set_ID`, `feedback_score`) VALUES (1933, 29, 3);
INSERT INTO `ModulerDatabase`.`Feedback` (`feedback_ID`, `feedback_set_ID`, `feedback_score`) VALUES (1934, 30, 1);
INSERT INTO `ModulerDatabase`.`Feedback` (`feedback_ID`, `feedback_set_ID`, `feedback_score`) VALUES (1935, 31, 3);
INSERT INTO `ModulerDatabase`.`Feedback` (`feedback_ID`, `feedback_set_ID`, `feedback_score`) VALUES (1936, 32, 5);
INSERT INTO `ModulerDatabase`.`Feedback` (`feedback_ID`, `feedback_set_ID`, `feedback_score`) VALUES (1937, 33, 3);
INSERT INTO `ModulerDatabase`.`Feedback` (`feedback_ID`, `feedback_set_ID`, `feedback_score`) VALUES (1938, 34, 4);
INSERT INTO `ModulerDatabase`.`Feedback` (`feedback_ID`, `feedback_set_ID`, `feedback_score`) VALUES (1939, 35, 3);
INSERT INTO `ModulerDatabase`.`Feedback` (`feedback_ID`, `feedback_set_ID`, `feedback_score`) VALUES (1940, 36, 1);
INSERT INTO `ModulerDatabase`.`Feedback` (`feedback_ID`, `feedback_set_ID`, `feedback_score`) VALUES (1941, 37, 4);
INSERT INTO `ModulerDatabase`.`Feedback` (`feedback_ID`, `feedback_set_ID`, `feedback_score`) VALUES (1942, 38, 2);
INSERT INTO `ModulerDatabase`.`Feedback` (`feedback_ID`, `feedback_set_ID`, `feedback_score`) VALUES (1943, 39, 5);
INSERT INTO `ModulerDatabase`.`Feedback` (`feedback_ID`, `feedback_set_ID`, `feedback_score`) VALUES (1944, 40, 2);
INSERT INTO `ModulerDatabase`.`Feedback` (`feedback_ID`, `feedback_set_ID`, `feedback_score`) VALUES (1945, 41, 1);
INSERT INTO `ModulerDatabase`.`Feedback` (`feedback_ID`, `feedback_set_ID`, `feedback_score`) VALUES (1946, 42, 5);
INSERT INTO `ModulerDatabase`.`Feedback` (`feedback_ID`, `feedback_set_ID`, `feedback_score`) VALUES (1947, 43, 5);
INSERT INTO `ModulerDatabase`.`Feedback` (`feedback_ID`, `feedback_set_ID`, `feedback_score`) VALUES (1948, 44, 2);
INSERT INTO `ModulerDatabase`.`Feedback` (`feedback_ID`, `feedback_set_ID`, `feedback_score`) VALUES (1949, 45, 2);
INSERT INTO `ModulerDatabase`.`Feedback` (`feedback_ID`, `feedback_set_ID`, `feedback_score`) VALUES (1950, 46, 2);
INSERT INTO `ModulerDatabase`.`Feedback` (`feedback_ID`, `feedback_set_ID`, `feedback_score`) VALUES (1951, 47, 5);
INSERT INTO `ModulerDatabase`.`Feedback` (`feedback_ID`, `feedback_set_ID`, `feedback_score`) VALUES (1952, 48, 1);
INSERT INTO `ModulerDatabase`.`Feedback` (`feedback_ID`, `feedback_set_ID`, `feedback_score`) VALUES (1953, 49, 2);
INSERT INTO `ModulerDatabase`.`Feedback` (`feedback_ID`, `feedback_set_ID`, `feedback_score`) VALUES (1954, 50, 1);
INSERT INTO `ModulerDatabase`.`Feedback` (`feedback_ID`, `feedback_set_ID`, `feedback_score`) VALUES (1955, 51, 2);
INSERT INTO `ModulerDatabase`.`Feedback` (`feedback_ID`, `feedback_set_ID`, `feedback_score`) VALUES (1956, 52, 3);
INSERT INTO `ModulerDatabase`.`Feedback` (`feedback_ID`, `feedback_set_ID`, `feedback_score`) VALUES (1957, 53, 5);
INSERT INTO `ModulerDatabase`.`Feedback` (`feedback_ID`, `feedback_set_ID`, `feedback_score`) VALUES (1958, 54, 1);
INSERT INTO `ModulerDatabase`.`Feedback` (`feedback_ID`, `feedback_set_ID`, `feedback_score`) VALUES (1959, 55, 4);
INSERT INTO `ModulerDatabase`.`Feedback` (`feedback_ID`, `feedback_set_ID`, `feedback_score`) VALUES (1960, 56, 3);
INSERT INTO `ModulerDatabase`.`Feedback` (`feedback_ID`, `feedback_set_ID`, `feedback_score`) VALUES (1961, 57, 1);
INSERT INTO `ModulerDatabase`.`Feedback` (`feedback_ID`, `feedback_set_ID`, `feedback_score`) VALUES (1962, 58, 5);
INSERT INTO `ModulerDatabase`.`Feedback` (`feedback_ID`, `feedback_set_ID`, `feedback_score`) VALUES (1963, 59, 3);
INSERT INTO `ModulerDatabase`.`Feedback` (`feedback_ID`, `feedback_set_ID`, `feedback_score`) VALUES (1964, 60, 2);
INSERT INTO `ModulerDatabase`.`Feedback` (`feedback_ID`, `feedback_set_ID`, `feedback_score`) VALUES (1965, 61, 3);
INSERT INTO `ModulerDatabase`.`Feedback` (`feedback_ID`, `feedback_set_ID`, `feedback_score`) VALUES (1966, 62, 4);
INSERT INTO `ModulerDatabase`.`Feedback` (`feedback_ID`, `feedback_set_ID`, `feedback_score`) VALUES (1967, 63, 4);
INSERT INTO `ModulerDatabase`.`Feedback` (`feedback_ID`, `feedback_set_ID`, `feedback_score`) VALUES (1968, 64, 2);
INSERT INTO `ModulerDatabase`.`Feedback` (`feedback_ID`, `feedback_set_ID`, `feedback_score`) VALUES (1969, 65, 4);
INSERT INTO `ModulerDatabase`.`Feedback` (`feedback_ID`, `feedback_set_ID`, `feedback_score`) VALUES (1970, 66, 4);
INSERT INTO `ModulerDatabase`.`Feedback` (`feedback_ID`, `feedback_set_ID`, `feedback_score`) VALUES (1971, 67, 1);
INSERT INTO `ModulerDatabase`.`Feedback` (`feedback_ID`, `feedback_set_ID`, `feedback_score`) VALUES (1972, 68, 2);
INSERT INTO `ModulerDatabase`.`Feedback` (`feedback_ID`, `feedback_set_ID`, `feedback_score`) VALUES (1973, 69, 2);
INSERT INTO `ModulerDatabase`.`Feedback` (`feedback_ID`, `feedback_set_ID`, `feedback_score`) VALUES (1974, 70, 1);
INSERT INTO `ModulerDatabase`.`Feedback` (`feedback_ID`, `feedback_set_ID`, `feedback_score`) VALUES (1975, 71, 4);
INSERT INTO `ModulerDatabase`.`Feedback` (`feedback_ID`, `feedback_set_ID`, `feedback_score`) VALUES (1976, 72, 2);
INSERT INTO `ModulerDatabase`.`Feedback` (`feedback_ID`, `feedback_set_ID`, `feedback_score`) VALUES (1977, 73, 3);
INSERT INTO `ModulerDatabase`.`Feedback` (`feedback_ID`, `feedback_set_ID`, `feedback_score`) VALUES (1978, 74, 4);
INSERT INTO `ModulerDatabase`.`Feedback` (`feedback_ID`, `feedback_set_ID`, `feedback_score`) VALUES (1979, 75, 4);
INSERT INTO `ModulerDatabase`.`Feedback` (`feedback_ID`, `feedback_set_ID`, `feedback_score`) VALUES (1980, 76, 4);
INSERT INTO `ModulerDatabase`.`Feedback` (`feedback_ID`, `feedback_set_ID`, `feedback_score`) VALUES (1981, 77, 3);
INSERT INTO `ModulerDatabase`.`Feedback` (`feedback_ID`, `feedback_set_ID`, `feedback_score`) VALUES (1982, 78, 1);
INSERT INTO `ModulerDatabase`.`Feedback` (`feedback_ID`, `feedback_set_ID`, `feedback_score`) VALUES (1983, 79, 1);
INSERT INTO `ModulerDatabase`.`Feedback` (`feedback_ID`, `feedback_set_ID`, `feedback_score`) VALUES (1984, 80, 3);
INSERT INTO `ModulerDatabase`.`Feedback` (`feedback_ID`, `feedback_set_ID`, `feedback_score`) VALUES (1985, 81, 3);
INSERT INTO `ModulerDatabase`.`Feedback` (`feedback_ID`, `feedback_set_ID`, `feedback_score`) VALUES (1986, 82, 3);
INSERT INTO `ModulerDatabase`.`Feedback` (`feedback_ID`, `feedback_set_ID`, `feedback_score`) VALUES (1987, 83, 5);
INSERT INTO `ModulerDatabase`.`Feedback` (`feedback_ID`, `feedback_set_ID`, `feedback_score`) VALUES (1988, 84, 4);
INSERT INTO `ModulerDatabase`.`Feedback` (`feedback_ID`, `feedback_set_ID`, `feedback_score`) VALUES (1989, 85, 4);
INSERT INTO `ModulerDatabase`.`Feedback` (`feedback_ID`, `feedback_set_ID`, `feedback_score`) VALUES (1990, 86, 5);
INSERT INTO `ModulerDatabase`.`Feedback` (`feedback_ID`, `feedback_set_ID`, `feedback_score`) VALUES (1991, 87, 5);
INSERT INTO `ModulerDatabase`.`Feedback` (`feedback_ID`, `feedback_set_ID`, `feedback_score`) VALUES (1992, 88, 4);
INSERT INTO `ModulerDatabase`.`Feedback` (`feedback_ID`, `feedback_set_ID`, `feedback_score`) VALUES (1993, 89, 2);
INSERT INTO `ModulerDatabase`.`Feedback` (`feedback_ID`, `feedback_set_ID`, `feedback_score`) VALUES (1994, 90, 3);
INSERT INTO `ModulerDatabase`.`Feedback` (`feedback_ID`, `feedback_set_ID`, `feedback_score`) VALUES (1995, 91, 4);
INSERT INTO `ModulerDatabase`.`Feedback` (`feedback_ID`, `feedback_set_ID`, `feedback_score`) VALUES (1996, 92, 5);
INSERT INTO `ModulerDatabase`.`Feedback` (`feedback_ID`, `feedback_set_ID`, `feedback_score`) VALUES (1997, 93, 5);
INSERT INTO `ModulerDatabase`.`Feedback` (`feedback_ID`, `feedback_set_ID`, `feedback_score`) VALUES (1998, 94, 1);
INSERT INTO `ModulerDatabase`.`Feedback` (`feedback_ID`, `feedback_set_ID`, `feedback_score`) VALUES (1999, 95, 1);
INSERT INTO `ModulerDatabase`.`Feedback` (`feedback_ID`, `feedback_set_ID`, `feedback_score`) VALUES (2000, 96, 4);
INSERT INTO `ModulerDatabase`.`Feedback` (`feedback_ID`, `feedback_set_ID`, `feedback_score`) VALUES (2001, 97, 4);
INSERT INTO `ModulerDatabase`.`Feedback` (`feedback_ID`, `feedback_set_ID`, `feedback_score`) VALUES (2002, 98, 4);
INSERT INTO `ModulerDatabase`.`Feedback` (`feedback_ID`, `feedback_set_ID`, `feedback_score`) VALUES (2003, 99, 4);
INSERT INTO `ModulerDatabase`.`Feedback` (`feedback_ID`, `feedback_set_ID`, `feedback_score`) VALUES (2004, 100, 2);
INSERT INTO `ModulerDatabase`.`Feedback` (`feedback_ID`, `feedback_set_ID`, `feedback_score`) VALUES (2005, 101, 3);
INSERT INTO `ModulerDatabase`.`Feedback` (`feedback_ID`, `feedback_set_ID`, `feedback_score`) VALUES (2006, 102, 3);
INSERT INTO `ModulerDatabase`.`Feedback` (`feedback_ID`, `feedback_set_ID`, `feedback_score`) VALUES (2007, 103, 4);
INSERT INTO `ModulerDatabase`.`Feedback` (`feedback_ID`, `feedback_set_ID`, `feedback_score`) VALUES (2008, 104, 1);
INSERT INTO `ModulerDatabase`.`Feedback` (`feedback_ID`, `feedback_set_ID`, `feedback_score`) VALUES (2009, 105, 3);
INSERT INTO `ModulerDatabase`.`Feedback` (`feedback_ID`, `feedback_set_ID`, `feedback_score`) VALUES (2010, 106, 1);
INSERT INTO `ModulerDatabase`.`Feedback` (`feedback_ID`, `feedback_set_ID`, `feedback_score`) VALUES (2011, 107, 3);
INSERT INTO `ModulerDatabase`.`Feedback` (`feedback_ID`, `feedback_set_ID`, `feedback_score`) VALUES (2012, 108, 3);
INSERT INTO `ModulerDatabase`.`Feedback` (`feedback_ID`, `feedback_set_ID`, `feedback_score`) VALUES (2013, 109, 2);
INSERT INTO `ModulerDatabase`.`Feedback` (`feedback_ID`, `feedback_set_ID`, `feedback_score`) VALUES (2014, 110, 4);
INSERT INTO `ModulerDatabase`.`Feedback` (`feedback_ID`, `feedback_set_ID`, `feedback_score`) VALUES (2015, 111, 4);
INSERT INTO `ModulerDatabase`.`Feedback` (`feedback_ID`, `feedback_set_ID`, `feedback_score`) VALUES (2016, 112, 3);
INSERT INTO `ModulerDatabase`.`Feedback` (`feedback_ID`, `feedback_set_ID`, `feedback_score`) VALUES (2017, 113, 4);
INSERT INTO `ModulerDatabase`.`Feedback` (`feedback_ID`, `feedback_set_ID`, `feedback_score`) VALUES (2018, 114, 3);
INSERT INTO `ModulerDatabase`.`Feedback` (`feedback_ID`, `feedback_set_ID`, `feedback_score`) VALUES (2019, 115, 4);
INSERT INTO `ModulerDatabase`.`Feedback` (`feedback_ID`, `feedback_set_ID`, `feedback_score`) VALUES (2020, 116, 3);
INSERT INTO `ModulerDatabase`.`Feedback` (`feedback_ID`, `feedback_set_ID`, `feedback_score`) VALUES (2021, 117, 4);
INSERT INTO `ModulerDatabase`.`Feedback` (`feedback_ID`, `feedback_set_ID`, `feedback_score`) VALUES (2022, 118, 1);
INSERT INTO `ModulerDatabase`.`Feedback` (`feedback_ID`, `feedback_set_ID`, `feedback_score`) VALUES (2023, 119, 3);
INSERT INTO `ModulerDatabase`.`Feedback` (`feedback_ID`, `feedback_set_ID`, `feedback_score`) VALUES (2024, 120, 3);
INSERT INTO `ModulerDatabase`.`Feedback` (`feedback_ID`, `feedback_set_ID`, `feedback_score`) VALUES (2025, 121, 4);
INSERT INTO `ModulerDatabase`.`Feedback` (`feedback_ID`, `feedback_set_ID`, `feedback_score`) VALUES (2026, 122, 1);
INSERT INTO `ModulerDatabase`.`Feedback` (`feedback_ID`, `feedback_set_ID`, `feedback_score`) VALUES (2027, 123, 1);
INSERT INTO `ModulerDatabase`.`Feedback` (`feedback_ID`, `feedback_set_ID`, `feedback_score`) VALUES (2028, 124, 4);
INSERT INTO `ModulerDatabase`.`Feedback` (`feedback_ID`, `feedback_set_ID`, `feedback_score`) VALUES (2029, 125, 2);
INSERT INTO `ModulerDatabase`.`Feedback` (`feedback_ID`, `feedback_set_ID`, `feedback_score`) VALUES (2030, 126, 5);
INSERT INTO `ModulerDatabase`.`Feedback` (`feedback_ID`, `feedback_set_ID`, `feedback_score`) VALUES (2031, 127, 5);
INSERT INTO `ModulerDatabase`.`Feedback` (`feedback_ID`, `feedback_set_ID`, `feedback_score`) VALUES (2032, 128, 4);
INSERT INTO `ModulerDatabase`.`Feedback` (`feedback_ID`, `feedback_set_ID`, `feedback_score`) VALUES (2033, 129, 5);
INSERT INTO `ModulerDatabase`.`Feedback` (`feedback_ID`, `feedback_set_ID`, `feedback_score`) VALUES (2034, 130, 2);
INSERT INTO `ModulerDatabase`.`Feedback` (`feedback_ID`, `feedback_set_ID`, `feedback_score`) VALUES (2035, 131, 4);
INSERT INTO `ModulerDatabase`.`Feedback` (`feedback_ID`, `feedback_set_ID`, `feedback_score`) VALUES (2036, 132, 5);
INSERT INTO `ModulerDatabase`.`Feedback` (`feedback_ID`, `feedback_set_ID`, `feedback_score`) VALUES (2037, 133, 1);
INSERT INTO `ModulerDatabase`.`Feedback` (`feedback_ID`, `feedback_set_ID`, `feedback_score`) VALUES (2038, 134, 3);
INSERT INTO `ModulerDatabase`.`Feedback` (`feedback_ID`, `feedback_set_ID`, `feedback_score`) VALUES (2039, 135, 5);
INSERT INTO `ModulerDatabase`.`Feedback` (`feedback_ID`, `feedback_set_ID`, `feedback_score`) VALUES (2040, 136, 5);
INSERT INTO `ModulerDatabase`.`Feedback` (`feedback_ID`, `feedback_set_ID`, `feedback_score`) VALUES (2041, 137, 2);
INSERT INTO `ModulerDatabase`.`Feedback` (`feedback_ID`, `feedback_set_ID`, `feedback_score`) VALUES (2042, 138, 3);
INSERT INTO `ModulerDatabase`.`Feedback` (`feedback_ID`, `feedback_set_ID`, `feedback_score`) VALUES (2043, 139, 2);
INSERT INTO `ModulerDatabase`.`Feedback` (`feedback_ID`, `feedback_set_ID`, `feedback_score`) VALUES (2044, 140, 5);
INSERT INTO `ModulerDatabase`.`Feedback` (`feedback_ID`, `feedback_set_ID`, `feedback_score`) VALUES (2045, 141, 1);
INSERT INTO `ModulerDatabase`.`Feedback` (`feedback_ID`, `feedback_set_ID`, `feedback_score`) VALUES (2046, 142, 2);
INSERT INTO `ModulerDatabase`.`Feedback` (`feedback_ID`, `feedback_set_ID`, `feedback_score`) VALUES (2047, 143, 2);
INSERT INTO `ModulerDatabase`.`Feedback` (`feedback_ID`, `feedback_set_ID`, `feedback_score`) VALUES (2048, 144, 1);
INSERT INTO `ModulerDatabase`.`Feedback` (`feedback_ID`, `feedback_set_ID`, `feedback_score`) VALUES (2049, 145, 5);
INSERT INTO `ModulerDatabase`.`Feedback` (`feedback_ID`, `feedback_set_ID`, `feedback_score`) VALUES (2050, 146, 1);
INSERT INTO `ModulerDatabase`.`Feedback` (`feedback_ID`, `feedback_set_ID`, `feedback_score`) VALUES (2051, 147, 3);
INSERT INTO `ModulerDatabase`.`Feedback` (`feedback_ID`, `feedback_set_ID`, `feedback_score`) VALUES (2052, 148, 3);
INSERT INTO `ModulerDatabase`.`Feedback` (`feedback_ID`, `feedback_set_ID`, `feedback_score`) VALUES (2053, 149, 1);
INSERT INTO `ModulerDatabase`.`Feedback` (`feedback_ID`, `feedback_set_ID`, `feedback_score`) VALUES (2054, 150, 5);
INSERT INTO `ModulerDatabase`.`Feedback` (`feedback_ID`, `feedback_set_ID`, `feedback_score`) VALUES (2055, 151, 5);
INSERT INTO `ModulerDatabase`.`Feedback` (`feedback_ID`, `feedback_set_ID`, `feedback_score`) VALUES (2056, 152, 3);
INSERT INTO `ModulerDatabase`.`Feedback` (`feedback_ID`, `feedback_set_ID`, `feedback_score`) VALUES (2057, 153, 4);
INSERT INTO `ModulerDatabase`.`Feedback` (`feedback_ID`, `feedback_set_ID`, `feedback_score`) VALUES (2058, 154, 5);
INSERT INTO `ModulerDatabase`.`Feedback` (`feedback_ID`, `feedback_set_ID`, `feedback_score`) VALUES (2059, 155, 4);
INSERT INTO `ModulerDatabase`.`Feedback` (`feedback_ID`, `feedback_set_ID`, `feedback_score`) VALUES (2060, 156, 5);
INSERT INTO `ModulerDatabase`.`Feedback` (`feedback_ID`, `feedback_set_ID`, `feedback_score`) VALUES (2061, 157, 2);
INSERT INTO `ModulerDatabase`.`Feedback` (`feedback_ID`, `feedback_set_ID`, `feedback_score`) VALUES (2062, 158, 5);
INSERT INTO `ModulerDatabase`.`Feedback` (`feedback_ID`, `feedback_set_ID`, `feedback_score`) VALUES (2063, 159, 2);
INSERT INTO `ModulerDatabase`.`Feedback` (`feedback_ID`, `feedback_set_ID`, `feedback_score`) VALUES (2064, 160, 4);
INSERT INTO `ModulerDatabase`.`Feedback` (`feedback_ID`, `feedback_set_ID`, `feedback_score`) VALUES (2065, 161, 1);
INSERT INTO `ModulerDatabase`.`Feedback` (`feedback_ID`, `feedback_set_ID`, `feedback_score`) VALUES (2066, 162, 2);
INSERT INTO `ModulerDatabase`.`Feedback` (`feedback_ID`, `feedback_set_ID`, `feedback_score`) VALUES (2067, 163, 2);
INSERT INTO `ModulerDatabase`.`Feedback` (`feedback_ID`, `feedback_set_ID`, `feedback_score`) VALUES (2068, 164, 5);
INSERT INTO `ModulerDatabase`.`Feedback` (`feedback_ID`, `feedback_set_ID`, `feedback_score`) VALUES (2069, 165, 1);
INSERT INTO `ModulerDatabase`.`Feedback` (`feedback_ID`, `feedback_set_ID`, `feedback_score`) VALUES (2070, 166, 3);
INSERT INTO `ModulerDatabase`.`Feedback` (`feedback_ID`, `feedback_set_ID`, `feedback_score`) VALUES (2071, 167, 3);
INSERT INTO `ModulerDatabase`.`Feedback` (`feedback_ID`, `feedback_set_ID`, `feedback_score`) VALUES (2072, 168, 5);
INSERT INTO `ModulerDatabase`.`Feedback` (`feedback_ID`, `feedback_set_ID`, `feedback_score`) VALUES (2073, 169, 2);
INSERT INTO `ModulerDatabase`.`Feedback` (`feedback_ID`, `feedback_set_ID`, `feedback_score`) VALUES (2074, 170, 5);
INSERT INTO `ModulerDatabase`.`Feedback` (`feedback_ID`, `feedback_set_ID`, `feedback_score`) VALUES (2075, 171, 3);
INSERT INTO `ModulerDatabase`.`Feedback` (`feedback_ID`, `feedback_set_ID`, `feedback_score`) VALUES (2076, 172, 4);
INSERT INTO `ModulerDatabase`.`Feedback` (`feedback_ID`, `feedback_set_ID`, `feedback_score`) VALUES (2077, 173, 2);
INSERT INTO `ModulerDatabase`.`Feedback` (`feedback_ID`, `feedback_set_ID`, `feedback_score`) VALUES (2078, 174, 5);
INSERT INTO `ModulerDatabase`.`Feedback` (`feedback_ID`, `feedback_set_ID`, `feedback_score`) VALUES (2079, 175, 4);
INSERT INTO `ModulerDatabase`.`Feedback` (`feedback_ID`, `feedback_set_ID`, `feedback_score`) VALUES (2080, 176, 5);
INSERT INTO `ModulerDatabase`.`Feedback` (`feedback_ID`, `feedback_set_ID`, `feedback_score`) VALUES (2081, 177, 4);
INSERT INTO `ModulerDatabase`.`Feedback` (`feedback_ID`, `feedback_set_ID`, `feedback_score`) VALUES (2082, 178, 4);
INSERT INTO `ModulerDatabase`.`Feedback` (`feedback_ID`, `feedback_set_ID`, `feedback_score`) VALUES (2083, 179, 2);
INSERT INTO `ModulerDatabase`.`Feedback` (`feedback_ID`, `feedback_set_ID`, `feedback_score`) VALUES (2084, 180, 5);
INSERT INTO `ModulerDatabase`.`Feedback` (`feedback_ID`, `feedback_set_ID`, `feedback_score`) VALUES (2085, 181, 1);
INSERT INTO `ModulerDatabase`.`Feedback` (`feedback_ID`, `feedback_set_ID`, `feedback_score`) VALUES (2086, 182, 4);
INSERT INTO `ModulerDatabase`.`Feedback` (`feedback_ID`, `feedback_set_ID`, `feedback_score`) VALUES (2087, 183, 5);
INSERT INTO `ModulerDatabase`.`Feedback` (`feedback_ID`, `feedback_set_ID`, `feedback_score`) VALUES (2088, 184, 4);
INSERT INTO `ModulerDatabase`.`Feedback` (`feedback_ID`, `feedback_set_ID`, `feedback_score`) VALUES (2089, 185, 4);
INSERT INTO `ModulerDatabase`.`Feedback` (`feedback_ID`, `feedback_set_ID`, `feedback_score`) VALUES (2090, 186, 3);
INSERT INTO `ModulerDatabase`.`Feedback` (`feedback_ID`, `feedback_set_ID`, `feedback_score`) VALUES (2091, 187, 2);
INSERT INTO `ModulerDatabase`.`Feedback` (`feedback_ID`, `feedback_set_ID`, `feedback_score`) VALUES (2092, 188, 4);
INSERT INTO `ModulerDatabase`.`Feedback` (`feedback_ID`, `feedback_set_ID`, `feedback_score`) VALUES (2093, 189, 5);
INSERT INTO `ModulerDatabase`.`Feedback` (`feedback_ID`, `feedback_set_ID`, `feedback_score`) VALUES (2094, 190, 2);
INSERT INTO `ModulerDatabase`.`Feedback` (`feedback_ID`, `feedback_set_ID`, `feedback_score`) VALUES (2095, 191, 2);
INSERT INTO `ModulerDatabase`.`Feedback` (`feedback_ID`, `feedback_set_ID`, `feedback_score`) VALUES (2096, 192, 4);
INSERT INTO `ModulerDatabase`.`Feedback` (`feedback_ID`, `feedback_set_ID`, `feedback_score`) VALUES (2097, 193, 4);
INSERT INTO `ModulerDatabase`.`Feedback` (`feedback_ID`, `feedback_set_ID`, `feedback_score`) VALUES (2098, 194, 1);
INSERT INTO `ModulerDatabase`.`Feedback` (`feedback_ID`, `feedback_set_ID`, `feedback_score`) VALUES (2099, 195, 4);
INSERT INTO `ModulerDatabase`.`Feedback` (`feedback_ID`, `feedback_set_ID`, `feedback_score`) VALUES (2100, 196, 4);
INSERT INTO `ModulerDatabase`.`Feedback` (`feedback_ID`, `feedback_set_ID`, `feedback_score`) VALUES (2101, 197, 2);
INSERT INTO `ModulerDatabase`.`Feedback` (`feedback_ID`, `feedback_set_ID`, `feedback_score`) VALUES (2102, 198, 5);
INSERT INTO `ModulerDatabase`.`Feedback` (`feedback_ID`, `feedback_set_ID`, `feedback_score`) VALUES (2103, 199, 1);
INSERT INTO `ModulerDatabase`.`Feedback` (`feedback_ID`, `feedback_set_ID`, `feedback_score`) VALUES (2104, 200, 4);
INSERT INTO `ModulerDatabase`.`Feedback` (`feedback_ID`, `feedback_set_ID`, `feedback_score`) VALUES (2105, 201, 4);
INSERT INTO `ModulerDatabase`.`Feedback` (`feedback_ID`, `feedback_set_ID`, `feedback_score`) VALUES (2106, 202, 5);
INSERT INTO `ModulerDatabase`.`Feedback` (`feedback_ID`, `feedback_set_ID`, `feedback_score`) VALUES (2107, 203, 2);
INSERT INTO `ModulerDatabase`.`Feedback` (`feedback_ID`, `feedback_set_ID`, `feedback_score`) VALUES (2108, 204, 3);
INSERT INTO `ModulerDatabase`.`Feedback` (`feedback_ID`, `feedback_set_ID`, `feedback_score`) VALUES (2109, 205, 1);
INSERT INTO `ModulerDatabase`.`Feedback` (`feedback_ID`, `feedback_set_ID`, `feedback_score`) VALUES (2110, 206, 4);
INSERT INTO `ModulerDatabase`.`Feedback` (`feedback_ID`, `feedback_set_ID`, `feedback_score`) VALUES (2111, 207, 4);
INSERT INTO `ModulerDatabase`.`Feedback` (`feedback_ID`, `feedback_set_ID`, `feedback_score`) VALUES (2112, 208, 2);
INSERT INTO `ModulerDatabase`.`Feedback` (`feedback_ID`, `feedback_set_ID`, `feedback_score`) VALUES (2113, 209, 4);
INSERT INTO `ModulerDatabase`.`Feedback` (`feedback_ID`, `feedback_set_ID`, `feedback_score`) VALUES (2114, 210, 1);
INSERT INTO `ModulerDatabase`.`Feedback` (`feedback_ID`, `feedback_set_ID`, `feedback_score`) VALUES (2115, 211, 3);
INSERT INTO `ModulerDatabase`.`Feedback` (`feedback_ID`, `feedback_set_ID`, `feedback_score`) VALUES (2116, 212, 4);
INSERT INTO `ModulerDatabase`.`Feedback` (`feedback_ID`, `feedback_set_ID`, `feedback_score`) VALUES (2117, 213, 3);
INSERT INTO `ModulerDatabase`.`Feedback` (`feedback_ID`, `feedback_set_ID`, `feedback_score`) VALUES (2118, 214, 1);
INSERT INTO `ModulerDatabase`.`Feedback` (`feedback_ID`, `feedback_set_ID`, `feedback_score`) VALUES (2119, 215, 5);
INSERT INTO `ModulerDatabase`.`Feedback` (`feedback_ID`, `feedback_set_ID`, `feedback_score`) VALUES (2120, 216, 1);
INSERT INTO `ModulerDatabase`.`Feedback` (`feedback_ID`, `feedback_set_ID`, `feedback_score`) VALUES (2121, 217, 3);
INSERT INTO `ModulerDatabase`.`Feedback` (`feedback_ID`, `feedback_set_ID`, `feedback_score`) VALUES (2122, 218, 1);
INSERT INTO `ModulerDatabase`.`Feedback` (`feedback_ID`, `feedback_set_ID`, `feedback_score`) VALUES (2123, 219, 5);
INSERT INTO `ModulerDatabase`.`Feedback` (`feedback_ID`, `feedback_set_ID`, `feedback_score`) VALUES (2124, 220, 1);
INSERT INTO `ModulerDatabase`.`Feedback` (`feedback_ID`, `feedback_set_ID`, `feedback_score`) VALUES (2125, 221, 5);
INSERT INTO `ModulerDatabase`.`Feedback` (`feedback_ID`, `feedback_set_ID`, `feedback_score`) VALUES (2126, 222, 5);
INSERT INTO `ModulerDatabase`.`Feedback` (`feedback_ID`, `feedback_set_ID`, `feedback_score`) VALUES (2127, 223, 2);
INSERT INTO `ModulerDatabase`.`Feedback` (`feedback_ID`, `feedback_set_ID`, `feedback_score`) VALUES (2128, 224, 1);
INSERT INTO `ModulerDatabase`.`Feedback` (`feedback_ID`, `feedback_set_ID`, `feedback_score`) VALUES (2129, 225, 1);
INSERT INTO `ModulerDatabase`.`Feedback` (`feedback_ID`, `feedback_set_ID`, `feedback_score`) VALUES (2130, 226, 1);
INSERT INTO `ModulerDatabase`.`Feedback` (`feedback_ID`, `feedback_set_ID`, `feedback_score`) VALUES (2131, 227, 1);
INSERT INTO `ModulerDatabase`.`Feedback` (`feedback_ID`, `feedback_set_ID`, `feedback_score`) VALUES (2132, 228, 3);
INSERT INTO `ModulerDatabase`.`Feedback` (`feedback_ID`, `feedback_set_ID`, `feedback_score`) VALUES (2133, 229, 2);
INSERT INTO `ModulerDatabase`.`Feedback` (`feedback_ID`, `feedback_set_ID`, `feedback_score`) VALUES (2134, 230, 3);
INSERT INTO `ModulerDatabase`.`Feedback` (`feedback_ID`, `feedback_set_ID`, `feedback_score`) VALUES (2135, 231, 5);
INSERT INTO `ModulerDatabase`.`Feedback` (`feedback_ID`, `feedback_set_ID`, `feedback_score`) VALUES (2136, 232, 5);
INSERT INTO `ModulerDatabase`.`Feedback` (`feedback_ID`, `feedback_set_ID`, `feedback_score`) VALUES (2137, 233, 2);
INSERT INTO `ModulerDatabase`.`Feedback` (`feedback_ID`, `feedback_set_ID`, `feedback_score`) VALUES (2138, 234, 3);
INSERT INTO `ModulerDatabase`.`Feedback` (`feedback_ID`, `feedback_set_ID`, `feedback_score`) VALUES (2139, 235, 4);
INSERT INTO `ModulerDatabase`.`Feedback` (`feedback_ID`, `feedback_set_ID`, `feedback_score`) VALUES (2140, 236, 3);
INSERT INTO `ModulerDatabase`.`Feedback` (`feedback_ID`, `feedback_set_ID`, `feedback_score`) VALUES (2141, 237, 3);
INSERT INTO `ModulerDatabase`.`Feedback` (`feedback_ID`, `feedback_set_ID`, `feedback_score`) VALUES (2142, 238, 3);
INSERT INTO `ModulerDatabase`.`Feedback` (`feedback_ID`, `feedback_set_ID`, `feedback_score`) VALUES (2143, 239, 4);
INSERT INTO `ModulerDatabase`.`Feedback` (`feedback_ID`, `feedback_set_ID`, `feedback_score`) VALUES (2144, 240, 3);
INSERT INTO `ModulerDatabase`.`Feedback` (`feedback_ID`, `feedback_set_ID`, `feedback_score`) VALUES (2145, 241, 5);
INSERT INTO `ModulerDatabase`.`Feedback` (`feedback_ID`, `feedback_set_ID`, `feedback_score`) VALUES (2146, 242, 3);
INSERT INTO `ModulerDatabase`.`Feedback` (`feedback_ID`, `feedback_set_ID`, `feedback_score`) VALUES (2147, 243, 2);
INSERT INTO `ModulerDatabase`.`Feedback` (`feedback_ID`, `feedback_set_ID`, `feedback_score`) VALUES (2148, 244, 5);
INSERT INTO `ModulerDatabase`.`Feedback` (`feedback_ID`, `feedback_set_ID`, `feedback_score`) VALUES (2149, 245, 3);
INSERT INTO `ModulerDatabase`.`Feedback` (`feedback_ID`, `feedback_set_ID`, `feedback_score`) VALUES (2150, 246, 2);
INSERT INTO `ModulerDatabase`.`Feedback` (`feedback_ID`, `feedback_set_ID`, `feedback_score`) VALUES (2151, 247, 3);
INSERT INTO `ModulerDatabase`.`Feedback` (`feedback_ID`, `feedback_set_ID`, `feedback_score`) VALUES (2152, 248, 5);
INSERT INTO `ModulerDatabase`.`Feedback` (`feedback_ID`, `feedback_set_ID`, `feedback_score`) VALUES (2153, 249, 5);
INSERT INTO `ModulerDatabase`.`Feedback` (`feedback_ID`, `feedback_set_ID`, `feedback_score`) VALUES (2154, 250, 1);
INSERT INTO `ModulerDatabase`.`Feedback` (`feedback_ID`, `feedback_set_ID`, `feedback_score`) VALUES (2155, 251, 2);
INSERT INTO `ModulerDatabase`.`Feedback` (`feedback_ID`, `feedback_set_ID`, `feedback_score`) VALUES (2156, 252, 3);
INSERT INTO `ModulerDatabase`.`Feedback` (`feedback_ID`, `feedback_set_ID`, `feedback_score`) VALUES (2157, 253, 4);
INSERT INTO `ModulerDatabase`.`Feedback` (`feedback_ID`, `feedback_set_ID`, `feedback_score`) VALUES (2158, 254, 4);
INSERT INTO `ModulerDatabase`.`Feedback` (`feedback_ID`, `feedback_set_ID`, `feedback_score`) VALUES (2159, 255, 3);
INSERT INTO `ModulerDatabase`.`Feedback` (`feedback_ID`, `feedback_set_ID`, `feedback_score`) VALUES (2160, 256, 5);
INSERT INTO `ModulerDatabase`.`Feedback` (`feedback_ID`, `feedback_set_ID`, `feedback_score`) VALUES (2161, 257, 1);
INSERT INTO `ModulerDatabase`.`Feedback` (`feedback_ID`, `feedback_set_ID`, `feedback_score`) VALUES (2162, 258, 5);
INSERT INTO `ModulerDatabase`.`Feedback` (`feedback_ID`, `feedback_set_ID`, `feedback_score`) VALUES (2163, 259, 5);
INSERT INTO `ModulerDatabase`.`Feedback` (`feedback_ID`, `feedback_set_ID`, `feedback_score`) VALUES (2164, 260, 5);
INSERT INTO `ModulerDatabase`.`Feedback` (`feedback_ID`, `feedback_set_ID`, `feedback_score`) VALUES (2165, 261, 2);
INSERT INTO `ModulerDatabase`.`Feedback` (`feedback_ID`, `feedback_set_ID`, `feedback_score`) VALUES (2166, 262, 2);
INSERT INTO `ModulerDatabase`.`Feedback` (`feedback_ID`, `feedback_set_ID`, `feedback_score`) VALUES (2167, 263, 1);
INSERT INTO `ModulerDatabase`.`Feedback` (`feedback_ID`, `feedback_set_ID`, `feedback_score`) VALUES (2168, 264, 1);
INSERT INTO `ModulerDatabase`.`Feedback` (`feedback_ID`, `feedback_set_ID`, `feedback_score`) VALUES (2169, 265, 4);
INSERT INTO `ModulerDatabase`.`Feedback` (`feedback_ID`, `feedback_set_ID`, `feedback_score`) VALUES (2170, 266, 5);
INSERT INTO `ModulerDatabase`.`Feedback` (`feedback_ID`, `feedback_set_ID`, `feedback_score`) VALUES (2171, 267, 5);
INSERT INTO `ModulerDatabase`.`Feedback` (`feedback_ID`, `feedback_set_ID`, `feedback_score`) VALUES (2172, 268, 4);
INSERT INTO `ModulerDatabase`.`Feedback` (`feedback_ID`, `feedback_set_ID`, `feedback_score`) VALUES (2173, 269, 4);
INSERT INTO `ModulerDatabase`.`Feedback` (`feedback_ID`, `feedback_set_ID`, `feedback_score`) VALUES (2174, 270, 4);
INSERT INTO `ModulerDatabase`.`Feedback` (`feedback_ID`, `feedback_set_ID`, `feedback_score`) VALUES (2175, 271, 3);
INSERT INTO `ModulerDatabase`.`Feedback` (`feedback_ID`, `feedback_set_ID`, `feedback_score`) VALUES (2176, 272, 3);
INSERT INTO `ModulerDatabase`.`Feedback` (`feedback_ID`, `feedback_set_ID`, `feedback_score`) VALUES (2177, 273, 3);
INSERT INTO `ModulerDatabase`.`Feedback` (`feedback_ID`, `feedback_set_ID`, `feedback_score`) VALUES (2178, 274, 3);
INSERT INTO `ModulerDatabase`.`Feedback` (`feedback_ID`, `feedback_set_ID`, `feedback_score`) VALUES (2179, 275, 2);
INSERT INTO `ModulerDatabase`.`Feedback` (`feedback_ID`, `feedback_set_ID`, `feedback_score`) VALUES (2180, 276, 2);
INSERT INTO `ModulerDatabase`.`Feedback` (`feedback_ID`, `feedback_set_ID`, `feedback_score`) VALUES (2181, 277, 3);
INSERT INTO `ModulerDatabase`.`Feedback` (`feedback_ID`, `feedback_set_ID`, `feedback_score`) VALUES (2182, 278, 5);
INSERT INTO `ModulerDatabase`.`Feedback` (`feedback_ID`, `feedback_set_ID`, `feedback_score`) VALUES (2183, 279, 3);
INSERT INTO `ModulerDatabase`.`Feedback` (`feedback_ID`, `feedback_set_ID`, `feedback_score`) VALUES (2184, 280, 2);
INSERT INTO `ModulerDatabase`.`Feedback` (`feedback_ID`, `feedback_set_ID`, `feedback_score`) VALUES (2185, 281, 3);
INSERT INTO `ModulerDatabase`.`Feedback` (`feedback_ID`, `feedback_set_ID`, `feedback_score`) VALUES (2186, 282, 3);
INSERT INTO `ModulerDatabase`.`Feedback` (`feedback_ID`, `feedback_set_ID`, `feedback_score`) VALUES (2187, 283, 5);
INSERT INTO `ModulerDatabase`.`Feedback` (`feedback_ID`, `feedback_set_ID`, `feedback_score`) VALUES (2188, 284, 1);
INSERT INTO `ModulerDatabase`.`Feedback` (`feedback_ID`, `feedback_set_ID`, `feedback_score`) VALUES (2189, 285, 1);
INSERT INTO `ModulerDatabase`.`Feedback` (`feedback_ID`, `feedback_set_ID`, `feedback_score`) VALUES (2190, 286, 5);
INSERT INTO `ModulerDatabase`.`Feedback` (`feedback_ID`, `feedback_set_ID`, `feedback_score`) VALUES (2191, 287, 2);
INSERT INTO `ModulerDatabase`.`Feedback` (`feedback_ID`, `feedback_set_ID`, `feedback_score`) VALUES (2192, 288, 3);
INSERT INTO `ModulerDatabase`.`Feedback` (`feedback_ID`, `feedback_set_ID`, `feedback_score`) VALUES (2193, 289, 3);
INSERT INTO `ModulerDatabase`.`Feedback` (`feedback_ID`, `feedback_set_ID`, `feedback_score`) VALUES (2194, 290, 1);
INSERT INTO `ModulerDatabase`.`Feedback` (`feedback_ID`, `feedback_set_ID`, `feedback_score`) VALUES (2195, 291, 2);
INSERT INTO `ModulerDatabase`.`Feedback` (`feedback_ID`, `feedback_set_ID`, `feedback_score`) VALUES (2196, 292, 2);
INSERT INTO `ModulerDatabase`.`Feedback` (`feedback_ID`, `feedback_set_ID`, `feedback_score`) VALUES (2197, 293, 4);
INSERT INTO `ModulerDatabase`.`Feedback` (`feedback_ID`, `feedback_set_ID`, `feedback_score`) VALUES (2198, 294, 3);
INSERT INTO `ModulerDatabase`.`Feedback` (`feedback_ID`, `feedback_set_ID`, `feedback_score`) VALUES (2199, 295, 5);
INSERT INTO `ModulerDatabase`.`Feedback` (`feedback_ID`, `feedback_set_ID`, `feedback_score`) VALUES (2200, 296, 5);
INSERT INTO `ModulerDatabase`.`Feedback` (`feedback_ID`, `feedback_set_ID`, `feedback_score`) VALUES (2201, 297, 5);
INSERT INTO `ModulerDatabase`.`Feedback` (`feedback_ID`, `feedback_set_ID`, `feedback_score`) VALUES (2202, 298, 2);
INSERT INTO `ModulerDatabase`.`Feedback` (`feedback_ID`, `feedback_set_ID`, `feedback_score`) VALUES (2203, 299, 1);
INSERT INTO `ModulerDatabase`.`Feedback` (`feedback_ID`, `feedback_set_ID`, `feedback_score`) VALUES (2204, 300, 3);
INSERT INTO `ModulerDatabase`.`Feedback` (`feedback_ID`, `feedback_set_ID`, `feedback_score`) VALUES (2205, 301, 5);
INSERT INTO `ModulerDatabase`.`Feedback` (`feedback_ID`, `feedback_set_ID`, `feedback_score`) VALUES (2206, 302, 4);
INSERT INTO `ModulerDatabase`.`Feedback` (`feedback_ID`, `feedback_set_ID`, `feedback_score`) VALUES (2207, 303, 2);
INSERT INTO `ModulerDatabase`.`Feedback` (`feedback_ID`, `feedback_set_ID`, `feedback_score`) VALUES (2208, 304, 5);
INSERT INTO `ModulerDatabase`.`Feedback` (`feedback_ID`, `feedback_set_ID`, `feedback_score`) VALUES (2209, 305, 2);
INSERT INTO `ModulerDatabase`.`Feedback` (`feedback_ID`, `feedback_set_ID`, `feedback_score`) VALUES (2210, 306, 5);
INSERT INTO `ModulerDatabase`.`Feedback` (`feedback_ID`, `feedback_set_ID`, `feedback_score`) VALUES (2211, 307, 2);
INSERT INTO `ModulerDatabase`.`Feedback` (`feedback_ID`, `feedback_set_ID`, `feedback_score`) VALUES (2212, 308, 1);
INSERT INTO `ModulerDatabase`.`Feedback` (`feedback_ID`, `feedback_set_ID`, `feedback_score`) VALUES (2213, 309, 3);
INSERT INTO `ModulerDatabase`.`Feedback` (`feedback_ID`, `feedback_set_ID`, `feedback_score`) VALUES (2214, 310, 3);
INSERT INTO `ModulerDatabase`.`Feedback` (`feedback_ID`, `feedback_set_ID`, `feedback_score`) VALUES (2215, 311, 5);
INSERT INTO `ModulerDatabase`.`Feedback` (`feedback_ID`, `feedback_set_ID`, `feedback_score`) VALUES (2216, 312, 1);
INSERT INTO `ModulerDatabase`.`Feedback` (`feedback_ID`, `feedback_set_ID`, `feedback_score`) VALUES (2217, 313, 5);
INSERT INTO `ModulerDatabase`.`Feedback` (`feedback_ID`, `feedback_set_ID`, `feedback_score`) VALUES (2218, 314, 5);
INSERT INTO `ModulerDatabase`.`Feedback` (`feedback_ID`, `feedback_set_ID`, `feedback_score`) VALUES (2219, 315, 5);
INSERT INTO `ModulerDatabase`.`Feedback` (`feedback_ID`, `feedback_set_ID`, `feedback_score`) VALUES (2220, 316, 2);
INSERT INTO `ModulerDatabase`.`Feedback` (`feedback_ID`, `feedback_set_ID`, `feedback_score`) VALUES (2221, 317, 2);
INSERT INTO `ModulerDatabase`.`Feedback` (`feedback_ID`, `feedback_set_ID`, `feedback_score`) VALUES (2222, 318, 4);
INSERT INTO `ModulerDatabase`.`Feedback` (`feedback_ID`, `feedback_set_ID`, `feedback_score`) VALUES (2223, 319, 5);
INSERT INTO `ModulerDatabase`.`Feedback` (`feedback_ID`, `feedback_set_ID`, `feedback_score`) VALUES (2224, 320, 1);
INSERT INTO `ModulerDatabase`.`Feedback` (`feedback_ID`, `feedback_set_ID`, `feedback_score`) VALUES (2225, 321, 3);
INSERT INTO `ModulerDatabase`.`Feedback` (`feedback_ID`, `feedback_set_ID`, `feedback_score`) VALUES (2226, 322, 1);
INSERT INTO `ModulerDatabase`.`Feedback` (`feedback_ID`, `feedback_set_ID`, `feedback_score`) VALUES (2227, 323, 3);
INSERT INTO `ModulerDatabase`.`Feedback` (`feedback_ID`, `feedback_set_ID`, `feedback_score`) VALUES (2228, 324, 4);
INSERT INTO `ModulerDatabase`.`Feedback` (`feedback_ID`, `feedback_set_ID`, `feedback_score`) VALUES (2229, 325, 2);
INSERT INTO `ModulerDatabase`.`Feedback` (`feedback_ID`, `feedback_set_ID`, `feedback_score`) VALUES (2230, 326, 1);
INSERT INTO `ModulerDatabase`.`Feedback` (`feedback_ID`, `feedback_set_ID`, `feedback_score`) VALUES (2231, 327, 3);
INSERT INTO `ModulerDatabase`.`Feedback` (`feedback_ID`, `feedback_set_ID`, `feedback_score`) VALUES (2232, 328, 5);
INSERT INTO `ModulerDatabase`.`Feedback` (`feedback_ID`, `feedback_set_ID`, `feedback_score`) VALUES (2233, 329, 4);
INSERT INTO `ModulerDatabase`.`Feedback` (`feedback_ID`, `feedback_set_ID`, `feedback_score`) VALUES (2234, 330, 3);
INSERT INTO `ModulerDatabase`.`Feedback` (`feedback_ID`, `feedback_set_ID`, `feedback_score`) VALUES (2235, 331, 2);
INSERT INTO `ModulerDatabase`.`Feedback` (`feedback_ID`, `feedback_set_ID`, `feedback_score`) VALUES (2236, 332, 4);
INSERT INTO `ModulerDatabase`.`Feedback` (`feedback_ID`, `feedback_set_ID`, `feedback_score`) VALUES (2237, 333, 3);
INSERT INTO `ModulerDatabase`.`Feedback` (`feedback_ID`, `feedback_set_ID`, `feedback_score`) VALUES (2238, 334, 4);
INSERT INTO `ModulerDatabase`.`Feedback` (`feedback_ID`, `feedback_set_ID`, `feedback_score`) VALUES (2239, 335, 5);
INSERT INTO `ModulerDatabase`.`Feedback` (`feedback_ID`, `feedback_set_ID`, `feedback_score`) VALUES (2240, 336, 4);
INSERT INTO `ModulerDatabase`.`Feedback` (`feedback_ID`, `feedback_set_ID`, `feedback_score`) VALUES (2241, 337, 2);
INSERT INTO `ModulerDatabase`.`Feedback` (`feedback_ID`, `feedback_set_ID`, `feedback_score`) VALUES (2242, 338, 5);
INSERT INTO `ModulerDatabase`.`Feedback` (`feedback_ID`, `feedback_set_ID`, `feedback_score`) VALUES (2243, 339, 1);
INSERT INTO `ModulerDatabase`.`Feedback` (`feedback_ID`, `feedback_set_ID`, `feedback_score`) VALUES (2244, 340, 1);
INSERT INTO `ModulerDatabase`.`Feedback` (`feedback_ID`, `feedback_set_ID`, `feedback_score`) VALUES (2245, 341, 3);
INSERT INTO `ModulerDatabase`.`Feedback` (`feedback_ID`, `feedback_set_ID`, `feedback_score`) VALUES (2246, 342, 4);
INSERT INTO `ModulerDatabase`.`Feedback` (`feedback_ID`, `feedback_set_ID`, `feedback_score`) VALUES (2247, 343, 1);
INSERT INTO `ModulerDatabase`.`Feedback` (`feedback_ID`, `feedback_set_ID`, `feedback_score`) VALUES (2248, 344, 3);
INSERT INTO `ModulerDatabase`.`Feedback` (`feedback_ID`, `feedback_set_ID`, `feedback_score`) VALUES (2249, 345, 2);
INSERT INTO `ModulerDatabase`.`Feedback` (`feedback_ID`, `feedback_set_ID`, `feedback_score`) VALUES (2250, 346, 4);
INSERT INTO `ModulerDatabase`.`Feedback` (`feedback_ID`, `feedback_set_ID`, `feedback_score`) VALUES (2251, 347, 1);
INSERT INTO `ModulerDatabase`.`Feedback` (`feedback_ID`, `feedback_set_ID`, `feedback_score`) VALUES (2252, 348, 4);
INSERT INTO `ModulerDatabase`.`Feedback` (`feedback_ID`, `feedback_set_ID`, `feedback_score`) VALUES (2253, 349, 5);
INSERT INTO `ModulerDatabase`.`Feedback` (`feedback_ID`, `feedback_set_ID`, `feedback_score`) VALUES (2254, 350, 3);
INSERT INTO `ModulerDatabase`.`Feedback` (`feedback_ID`, `feedback_set_ID`, `feedback_score`) VALUES (2255, 351, 5);
INSERT INTO `ModulerDatabase`.`Feedback` (`feedback_ID`, `feedback_set_ID`, `feedback_score`) VALUES (2256, 352, 1);
INSERT INTO `ModulerDatabase`.`Feedback` (`feedback_ID`, `feedback_set_ID`, `feedback_score`) VALUES (2257, 353, 1);
INSERT INTO `ModulerDatabase`.`Feedback` (`feedback_ID`, `feedback_set_ID`, `feedback_score`) VALUES (2258, 354, 2);
INSERT INTO `ModulerDatabase`.`Feedback` (`feedback_ID`, `feedback_set_ID`, `feedback_score`) VALUES (2259, 355, 5);
INSERT INTO `ModulerDatabase`.`Feedback` (`feedback_ID`, `feedback_set_ID`, `feedback_score`) VALUES (2260, 356, 3);
INSERT INTO `ModulerDatabase`.`Feedback` (`feedback_ID`, `feedback_set_ID`, `feedback_score`) VALUES (2261, 357, 2);
INSERT INTO `ModulerDatabase`.`Feedback` (`feedback_ID`, `feedback_set_ID`, `feedback_score`) VALUES (2262, 358, 3);
INSERT INTO `ModulerDatabase`.`Feedback` (`feedback_ID`, `feedback_set_ID`, `feedback_score`) VALUES (2263, 359, 3);
INSERT INTO `ModulerDatabase`.`Feedback` (`feedback_ID`, `feedback_set_ID`, `feedback_score`) VALUES (2264, 360, 5);
INSERT INTO `ModulerDatabase`.`Feedback` (`feedback_ID`, `feedback_set_ID`, `feedback_score`) VALUES (2265, 361, 5);
INSERT INTO `ModulerDatabase`.`Feedback` (`feedback_ID`, `feedback_set_ID`, `feedback_score`) VALUES (2266, 362, 3);
INSERT INTO `ModulerDatabase`.`Feedback` (`feedback_ID`, `feedback_set_ID`, `feedback_score`) VALUES (2267, 363, 5);
INSERT INTO `ModulerDatabase`.`Feedback` (`feedback_ID`, `feedback_set_ID`, `feedback_score`) VALUES (2268, 364, 3);
INSERT INTO `ModulerDatabase`.`Feedback` (`feedback_ID`, `feedback_set_ID`, `feedback_score`) VALUES (2269, 365, 2);
INSERT INTO `ModulerDatabase`.`Feedback` (`feedback_ID`, `feedback_set_ID`, `feedback_score`) VALUES (2270, 366, 1);
INSERT INTO `ModulerDatabase`.`Feedback` (`feedback_ID`, `feedback_set_ID`, `feedback_score`) VALUES (2271, 367, 3);
INSERT INTO `ModulerDatabase`.`Feedback` (`feedback_ID`, `feedback_set_ID`, `feedback_score`) VALUES (2272, 368, 3);
INSERT INTO `ModulerDatabase`.`Feedback` (`feedback_ID`, `feedback_set_ID`, `feedback_score`) VALUES (2273, 369, 1);
INSERT INTO `ModulerDatabase`.`Feedback` (`feedback_ID`, `feedback_set_ID`, `feedback_score`) VALUES (2274, 370, 5);
INSERT INTO `ModulerDatabase`.`Feedback` (`feedback_ID`, `feedback_set_ID`, `feedback_score`) VALUES (2275, 371, 5);
INSERT INTO `ModulerDatabase`.`Feedback` (`feedback_ID`, `feedback_set_ID`, `feedback_score`) VALUES (2276, 372, 3);
INSERT INTO `ModulerDatabase`.`Feedback` (`feedback_ID`, `feedback_set_ID`, `feedback_score`) VALUES (2277, 373, 5);
INSERT INTO `ModulerDatabase`.`Feedback` (`feedback_ID`, `feedback_set_ID`, `feedback_score`) VALUES (2278, 374, 3);
INSERT INTO `ModulerDatabase`.`Feedback` (`feedback_ID`, `feedback_set_ID`, `feedback_score`) VALUES (2279, 375, 5);
INSERT INTO `ModulerDatabase`.`Feedback` (`feedback_ID`, `feedback_set_ID`, `feedback_score`) VALUES (2280, 376, 3);
INSERT INTO `ModulerDatabase`.`Feedback` (`feedback_ID`, `feedback_set_ID`, `feedback_score`) VALUES (2281, 377, 2);
INSERT INTO `ModulerDatabase`.`Feedback` (`feedback_ID`, `feedback_set_ID`, `feedback_score`) VALUES (2282, 378, 1);
INSERT INTO `ModulerDatabase`.`Feedback` (`feedback_ID`, `feedback_set_ID`, `feedback_score`) VALUES (2283, 379, 5);
INSERT INTO `ModulerDatabase`.`Feedback` (`feedback_ID`, `feedback_set_ID`, `feedback_score`) VALUES (2284, 380, 5);
INSERT INTO `ModulerDatabase`.`Feedback` (`feedback_ID`, `feedback_set_ID`, `feedback_score`) VALUES (2285, 381, 4);
INSERT INTO `ModulerDatabase`.`Feedback` (`feedback_ID`, `feedback_set_ID`, `feedback_score`) VALUES (2286, 382, 3);
INSERT INTO `ModulerDatabase`.`Feedback` (`feedback_ID`, `feedback_set_ID`, `feedback_score`) VALUES (2287, 383, 2);
INSERT INTO `ModulerDatabase`.`Feedback` (`feedback_ID`, `feedback_set_ID`, `feedback_score`) VALUES (2288, 384, 3);
INSERT INTO `ModulerDatabase`.`Feedback` (`feedback_ID`, `feedback_set_ID`, `feedback_score`) VALUES (2289, 385, 2);
INSERT INTO `ModulerDatabase`.`Feedback` (`feedback_ID`, `feedback_set_ID`, `feedback_score`) VALUES (2290, 386, 1);
INSERT INTO `ModulerDatabase`.`Feedback` (`feedback_ID`, `feedback_set_ID`, `feedback_score`) VALUES (2291, 387, 3);
INSERT INTO `ModulerDatabase`.`Feedback` (`feedback_ID`, `feedback_set_ID`, `feedback_score`) VALUES (2292, 388, 1);
INSERT INTO `ModulerDatabase`.`Feedback` (`feedback_ID`, `feedback_set_ID`, `feedback_score`) VALUES (2293, 389, 2);
INSERT INTO `ModulerDatabase`.`Feedback` (`feedback_ID`, `feedback_set_ID`, `feedback_score`) VALUES (2294, 390, 5);
INSERT INTO `ModulerDatabase`.`Feedback` (`feedback_ID`, `feedback_set_ID`, `feedback_score`) VALUES (2295, 391, 1);
INSERT INTO `ModulerDatabase`.`Feedback` (`feedback_ID`, `feedback_set_ID`, `feedback_score`) VALUES (2296, 392, 2);
INSERT INTO `ModulerDatabase`.`Feedback` (`feedback_ID`, `feedback_set_ID`, `feedback_score`) VALUES (2297, 393, 3);
INSERT INTO `ModulerDatabase`.`Feedback` (`feedback_ID`, `feedback_set_ID`, `feedback_score`) VALUES (2298, 394, 2);
INSERT INTO `ModulerDatabase`.`Feedback` (`feedback_ID`, `feedback_set_ID`, `feedback_score`) VALUES (2299, 395, 5);
INSERT INTO `ModulerDatabase`.`Feedback` (`feedback_ID`, `feedback_set_ID`, `feedback_score`) VALUES (2300, 396, 1);
INSERT INTO `ModulerDatabase`.`Feedback` (`feedback_ID`, `feedback_set_ID`, `feedback_score`) VALUES (2301, 397, 2);
INSERT INTO `ModulerDatabase`.`Feedback` (`feedback_ID`, `feedback_set_ID`, `feedback_score`) VALUES (2302, 398, 5);
INSERT INTO `ModulerDatabase`.`Feedback` (`feedback_ID`, `feedback_set_ID`, `feedback_score`) VALUES (2303, 399, 5);
INSERT INTO `ModulerDatabase`.`Feedback` (`feedback_ID`, `feedback_set_ID`, `feedback_score`) VALUES (2304, 400, 5);
INSERT INTO `ModulerDatabase`.`Feedback` (`feedback_ID`, `feedback_set_ID`, `feedback_score`) VALUES (2305, 401, 1);
INSERT INTO `ModulerDatabase`.`Feedback` (`feedback_ID`, `feedback_set_ID`, `feedback_score`) VALUES (2306, 402, 2);
INSERT INTO `ModulerDatabase`.`Feedback` (`feedback_ID`, `feedback_set_ID`, `feedback_score`) VALUES (2307, 403, 1);
INSERT INTO `ModulerDatabase`.`Feedback` (`feedback_ID`, `feedback_set_ID`, `feedback_score`) VALUES (2308, 404, 4);
INSERT INTO `ModulerDatabase`.`Feedback` (`feedback_ID`, `feedback_set_ID`, `feedback_score`) VALUES (2309, 405, 5);
INSERT INTO `ModulerDatabase`.`Feedback` (`feedback_ID`, `feedback_set_ID`, `feedback_score`) VALUES (2310, 406, 1);
INSERT INTO `ModulerDatabase`.`Feedback` (`feedback_ID`, `feedback_set_ID`, `feedback_score`) VALUES (2311, 407, 2);
INSERT INTO `ModulerDatabase`.`Feedback` (`feedback_ID`, `feedback_set_ID`, `feedback_score`) VALUES (2312, 408, 5);
INSERT INTO `ModulerDatabase`.`Feedback` (`feedback_ID`, `feedback_set_ID`, `feedback_score`) VALUES (2313, 409, 3);
INSERT INTO `ModulerDatabase`.`Feedback` (`feedback_ID`, `feedback_set_ID`, `feedback_score`) VALUES (2314, 410, 2);
INSERT INTO `ModulerDatabase`.`Feedback` (`feedback_ID`, `feedback_set_ID`, `feedback_score`) VALUES (2315, 411, 1);
INSERT INTO `ModulerDatabase`.`Feedback` (`feedback_ID`, `feedback_set_ID`, `feedback_score`) VALUES (2316, 412, 1);
INSERT INTO `ModulerDatabase`.`Feedback` (`feedback_ID`, `feedback_set_ID`, `feedback_score`) VALUES (2317, 413, 4);
INSERT INTO `ModulerDatabase`.`Feedback` (`feedback_ID`, `feedback_set_ID`, `feedback_score`) VALUES (2318, 414, 2);
INSERT INTO `ModulerDatabase`.`Feedback` (`feedback_ID`, `feedback_set_ID`, `feedback_score`) VALUES (2319, 415, 2);
INSERT INTO `ModulerDatabase`.`Feedback` (`feedback_ID`, `feedback_set_ID`, `feedback_score`) VALUES (2320, 416, 1);
INSERT INTO `ModulerDatabase`.`Feedback` (`feedback_ID`, `feedback_set_ID`, `feedback_score`) VALUES (2321, 417, 1);
INSERT INTO `ModulerDatabase`.`Feedback` (`feedback_ID`, `feedback_set_ID`, `feedback_score`) VALUES (2322, 418, 4);
INSERT INTO `ModulerDatabase`.`Feedback` (`feedback_ID`, `feedback_set_ID`, `feedback_score`) VALUES (2323, 419, 3);
INSERT INTO `ModulerDatabase`.`Feedback` (`feedback_ID`, `feedback_set_ID`, `feedback_score`) VALUES (2324, 420, 1);
INSERT INTO `ModulerDatabase`.`Feedback` (`feedback_ID`, `feedback_set_ID`, `feedback_score`) VALUES (2325, 421, 5);
INSERT INTO `ModulerDatabase`.`Feedback` (`feedback_ID`, `feedback_set_ID`, `feedback_score`) VALUES (2326, 422, 4);
INSERT INTO `ModulerDatabase`.`Feedback` (`feedback_ID`, `feedback_set_ID`, `feedback_score`) VALUES (2327, 423, 3);
INSERT INTO `ModulerDatabase`.`Feedback` (`feedback_ID`, `feedback_set_ID`, `feedback_score`) VALUES (2328, 424, 4);
INSERT INTO `ModulerDatabase`.`Feedback` (`feedback_ID`, `feedback_set_ID`, `feedback_score`) VALUES (2329, 425, 4);
INSERT INTO `ModulerDatabase`.`Feedback` (`feedback_ID`, `feedback_set_ID`, `feedback_score`) VALUES (2330, 426, 2);
INSERT INTO `ModulerDatabase`.`Feedback` (`feedback_ID`, `feedback_set_ID`, `feedback_score`) VALUES (2331, 427, 2);
INSERT INTO `ModulerDatabase`.`Feedback` (`feedback_ID`, `feedback_set_ID`, `feedback_score`) VALUES (2332, 428, 4);
INSERT INTO `ModulerDatabase`.`Feedback` (`feedback_ID`, `feedback_set_ID`, `feedback_score`) VALUES (2333, 429, 2);
INSERT INTO `ModulerDatabase`.`Feedback` (`feedback_ID`, `feedback_set_ID`, `feedback_score`) VALUES (2334, 430, 4);
INSERT INTO `ModulerDatabase`.`Feedback` (`feedback_ID`, `feedback_set_ID`, `feedback_score`) VALUES (2335, 431, 4);
INSERT INTO `ModulerDatabase`.`Feedback` (`feedback_ID`, `feedback_set_ID`, `feedback_score`) VALUES (2336, 432, 3);
INSERT INTO `ModulerDatabase`.`Feedback` (`feedback_ID`, `feedback_set_ID`, `feedback_score`) VALUES (2337, 433, 5);
INSERT INTO `ModulerDatabase`.`Feedback` (`feedback_ID`, `feedback_set_ID`, `feedback_score`) VALUES (2338, 434, 4);
INSERT INTO `ModulerDatabase`.`Feedback` (`feedback_ID`, `feedback_set_ID`, `feedback_score`) VALUES (2339, 435, 4);
INSERT INTO `ModulerDatabase`.`Feedback` (`feedback_ID`, `feedback_set_ID`, `feedback_score`) VALUES (2340, 436, 3);
INSERT INTO `ModulerDatabase`.`Feedback` (`feedback_ID`, `feedback_set_ID`, `feedback_score`) VALUES (2341, 437, 4);
INSERT INTO `ModulerDatabase`.`Feedback` (`feedback_ID`, `feedback_set_ID`, `feedback_score`) VALUES (2342, 438, 2);
INSERT INTO `ModulerDatabase`.`Feedback` (`feedback_ID`, `feedback_set_ID`, `feedback_score`) VALUES (2343, 439, 1);
INSERT INTO `ModulerDatabase`.`Feedback` (`feedback_ID`, `feedback_set_ID`, `feedback_score`) VALUES (2344, 440, 4);
INSERT INTO `ModulerDatabase`.`Feedback` (`feedback_ID`, `feedback_set_ID`, `feedback_score`) VALUES (2345, 441, 3);
INSERT INTO `ModulerDatabase`.`Feedback` (`feedback_ID`, `feedback_set_ID`, `feedback_score`) VALUES (2346, 442, 4);
INSERT INTO `ModulerDatabase`.`Feedback` (`feedback_ID`, `feedback_set_ID`, `feedback_score`) VALUES (2347, 443, 3);
INSERT INTO `ModulerDatabase`.`Feedback` (`feedback_ID`, `feedback_set_ID`, `feedback_score`) VALUES (2348, 444, 1);
INSERT INTO `ModulerDatabase`.`Feedback` (`feedback_ID`, `feedback_set_ID`, `feedback_score`) VALUES (2349, 445, 5);
INSERT INTO `ModulerDatabase`.`Feedback` (`feedback_ID`, `feedback_set_ID`, `feedback_score`) VALUES (2350, 446, 5);
INSERT INTO `ModulerDatabase`.`Feedback` (`feedback_ID`, `feedback_set_ID`, `feedback_score`) VALUES (2351, 447, 4);
INSERT INTO `ModulerDatabase`.`Feedback` (`feedback_ID`, `feedback_set_ID`, `feedback_score`) VALUES (2352, 448, 2);
INSERT INTO `ModulerDatabase`.`Feedback` (`feedback_ID`, `feedback_set_ID`, `feedback_score`) VALUES (2353, 449, 4);
INSERT INTO `ModulerDatabase`.`Feedback` (`feedback_ID`, `feedback_set_ID`, `feedback_score`) VALUES (2354, 450, 2);
INSERT INTO `ModulerDatabase`.`Feedback` (`feedback_ID`, `feedback_set_ID`, `feedback_score`) VALUES (2355, 451, 4);
INSERT INTO `ModulerDatabase`.`Feedback` (`feedback_ID`, `feedback_set_ID`, `feedback_score`) VALUES (2356, 452, 2);
INSERT INTO `ModulerDatabase`.`Feedback` (`feedback_ID`, `feedback_set_ID`, `feedback_score`) VALUES (2357, 453, 5);
INSERT INTO `ModulerDatabase`.`Feedback` (`feedback_ID`, `feedback_set_ID`, `feedback_score`) VALUES (2358, 454, 4);
INSERT INTO `ModulerDatabase`.`Feedback` (`feedback_ID`, `feedback_set_ID`, `feedback_score`) VALUES (2359, 455, 5);
INSERT INTO `ModulerDatabase`.`Feedback` (`feedback_ID`, `feedback_set_ID`, `feedback_score`) VALUES (2360, 456, 2);
INSERT INTO `ModulerDatabase`.`Feedback` (`feedback_ID`, `feedback_set_ID`, `feedback_score`) VALUES (2361, 457, 5);
INSERT INTO `ModulerDatabase`.`Feedback` (`feedback_ID`, `feedback_set_ID`, `feedback_score`) VALUES (2362, 458, 1);
INSERT INTO `ModulerDatabase`.`Feedback` (`feedback_ID`, `feedback_set_ID`, `feedback_score`) VALUES (2363, 459, 5);
INSERT INTO `ModulerDatabase`.`Feedback` (`feedback_ID`, `feedback_set_ID`, `feedback_score`) VALUES (2364, 460, 4);
INSERT INTO `ModulerDatabase`.`Feedback` (`feedback_ID`, `feedback_set_ID`, `feedback_score`) VALUES (2365, 461, 1);
INSERT INTO `ModulerDatabase`.`Feedback` (`feedback_ID`, `feedback_set_ID`, `feedback_score`) VALUES (2366, 462, 2);
INSERT INTO `ModulerDatabase`.`Feedback` (`feedback_ID`, `feedback_set_ID`, `feedback_score`) VALUES (2367, 463, 2);
INSERT INTO `ModulerDatabase`.`Feedback` (`feedback_ID`, `feedback_set_ID`, `feedback_score`) VALUES (2368, 464, 3);
INSERT INTO `ModulerDatabase`.`Feedback` (`feedback_ID`, `feedback_set_ID`, `feedback_score`) VALUES (2369, 465, 3);
INSERT INTO `ModulerDatabase`.`Feedback` (`feedback_ID`, `feedback_set_ID`, `feedback_score`) VALUES (2370, 466, 1);
INSERT INTO `ModulerDatabase`.`Feedback` (`feedback_ID`, `feedback_set_ID`, `feedback_score`) VALUES (2371, 467, 5);
INSERT INTO `ModulerDatabase`.`Feedback` (`feedback_ID`, `feedback_set_ID`, `feedback_score`) VALUES (2372, 468, 3);
INSERT INTO `ModulerDatabase`.`Feedback` (`feedback_ID`, `feedback_set_ID`, `feedback_score`) VALUES (2373, 469, 2);
INSERT INTO `ModulerDatabase`.`Feedback` (`feedback_ID`, `feedback_set_ID`, `feedback_score`) VALUES (2374, 470, 1);
INSERT INTO `ModulerDatabase`.`Feedback` (`feedback_ID`, `feedback_set_ID`, `feedback_score`) VALUES (2375, 471, 5);
INSERT INTO `ModulerDatabase`.`Feedback` (`feedback_ID`, `feedback_set_ID`, `feedback_score`) VALUES (2376, 472, 4);
INSERT INTO `ModulerDatabase`.`Feedback` (`feedback_ID`, `feedback_set_ID`, `feedback_score`) VALUES (2377, 473, 2);
INSERT INTO `ModulerDatabase`.`Feedback` (`feedback_ID`, `feedback_set_ID`, `feedback_score`) VALUES (2378, 474, 1);
INSERT INTO `ModulerDatabase`.`Feedback` (`feedback_ID`, `feedback_set_ID`, `feedback_score`) VALUES (2379, 475, 5);
INSERT INTO `ModulerDatabase`.`Feedback` (`feedback_ID`, `feedback_set_ID`, `feedback_score`) VALUES (2380, 476, 4);
INSERT INTO `ModulerDatabase`.`Feedback` (`feedback_ID`, `feedback_set_ID`, `feedback_score`) VALUES (2381, 1, 2);
INSERT INTO `ModulerDatabase`.`Feedback` (`feedback_ID`, `feedback_set_ID`, `feedback_score`) VALUES (2382, 2, 1);
INSERT INTO `ModulerDatabase`.`Feedback` (`feedback_ID`, `feedback_set_ID`, `feedback_score`) VALUES (2383, 3, 4);
INSERT INTO `ModulerDatabase`.`Feedback` (`feedback_ID`, `feedback_set_ID`, `feedback_score`) VALUES (2384, 4, 2);
INSERT INTO `ModulerDatabase`.`Feedback` (`feedback_ID`, `feedback_set_ID`, `feedback_score`) VALUES (2385, 5, 2);
INSERT INTO `ModulerDatabase`.`Feedback` (`feedback_ID`, `feedback_set_ID`, `feedback_score`) VALUES (2386, 6, 5);
INSERT INTO `ModulerDatabase`.`Feedback` (`feedback_ID`, `feedback_set_ID`, `feedback_score`) VALUES (2387, 7, 3);
INSERT INTO `ModulerDatabase`.`Feedback` (`feedback_ID`, `feedback_set_ID`, `feedback_score`) VALUES (2388, 8, 3);
INSERT INTO `ModulerDatabase`.`Feedback` (`feedback_ID`, `feedback_set_ID`, `feedback_score`) VALUES (2389, 9, 2);
INSERT INTO `ModulerDatabase`.`Feedback` (`feedback_ID`, `feedback_set_ID`, `feedback_score`) VALUES (2390, 10, 2);
INSERT INTO `ModulerDatabase`.`Feedback` (`feedback_ID`, `feedback_set_ID`, `feedback_score`) VALUES (2391, 11, 1);
INSERT INTO `ModulerDatabase`.`Feedback` (`feedback_ID`, `feedback_set_ID`, `feedback_score`) VALUES (2392, 12, 1);
INSERT INTO `ModulerDatabase`.`Feedback` (`feedback_ID`, `feedback_set_ID`, `feedback_score`) VALUES (2393, 13, 3);
INSERT INTO `ModulerDatabase`.`Feedback` (`feedback_ID`, `feedback_set_ID`, `feedback_score`) VALUES (2394, 14, 4);
INSERT INTO `ModulerDatabase`.`Feedback` (`feedback_ID`, `feedback_set_ID`, `feedback_score`) VALUES (2395, 15, 1);
INSERT INTO `ModulerDatabase`.`Feedback` (`feedback_ID`, `feedback_set_ID`, `feedback_score`) VALUES (2396, 16, 5);
INSERT INTO `ModulerDatabase`.`Feedback` (`feedback_ID`, `feedback_set_ID`, `feedback_score`) VALUES (2397, 17, 4);
INSERT INTO `ModulerDatabase`.`Feedback` (`feedback_ID`, `feedback_set_ID`, `feedback_score`) VALUES (2398, 18, 4);
INSERT INTO `ModulerDatabase`.`Feedback` (`feedback_ID`, `feedback_set_ID`, `feedback_score`) VALUES (2399, 19, 2);
INSERT INTO `ModulerDatabase`.`Feedback` (`feedback_ID`, `feedback_set_ID`, `feedback_score`) VALUES (2400, 20, 3);
INSERT INTO `ModulerDatabase`.`Feedback` (`feedback_ID`, `feedback_set_ID`, `feedback_score`) VALUES (2401, 21, 3);
INSERT INTO `ModulerDatabase`.`Feedback` (`feedback_ID`, `feedback_set_ID`, `feedback_score`) VALUES (2402, 22, 4);
INSERT INTO `ModulerDatabase`.`Feedback` (`feedback_ID`, `feedback_set_ID`, `feedback_score`) VALUES (2403, 23, 4);
INSERT INTO `ModulerDatabase`.`Feedback` (`feedback_ID`, `feedback_set_ID`, `feedback_score`) VALUES (2404, 24, 5);
INSERT INTO `ModulerDatabase`.`Feedback` (`feedback_ID`, `feedback_set_ID`, `feedback_score`) VALUES (2405, 25, 3);
INSERT INTO `ModulerDatabase`.`Feedback` (`feedback_ID`, `feedback_set_ID`, `feedback_score`) VALUES (2406, 26, 2);
INSERT INTO `ModulerDatabase`.`Feedback` (`feedback_ID`, `feedback_set_ID`, `feedback_score`) VALUES (2407, 27, 5);
INSERT INTO `ModulerDatabase`.`Feedback` (`feedback_ID`, `feedback_set_ID`, `feedback_score`) VALUES (2408, 28, 4);
INSERT INTO `ModulerDatabase`.`Feedback` (`feedback_ID`, `feedback_set_ID`, `feedback_score`) VALUES (2409, 29, 1);
INSERT INTO `ModulerDatabase`.`Feedback` (`feedback_ID`, `feedback_set_ID`, `feedback_score`) VALUES (2410, 30, 3);
INSERT INTO `ModulerDatabase`.`Feedback` (`feedback_ID`, `feedback_set_ID`, `feedback_score`) VALUES (2411, 31, 2);
INSERT INTO `ModulerDatabase`.`Feedback` (`feedback_ID`, `feedback_set_ID`, `feedback_score`) VALUES (2412, 32, 5);
INSERT INTO `ModulerDatabase`.`Feedback` (`feedback_ID`, `feedback_set_ID`, `feedback_score`) VALUES (2413, 33, 4);
INSERT INTO `ModulerDatabase`.`Feedback` (`feedback_ID`, `feedback_set_ID`, `feedback_score`) VALUES (2414, 34, 4);
INSERT INTO `ModulerDatabase`.`Feedback` (`feedback_ID`, `feedback_set_ID`, `feedback_score`) VALUES (2415, 35, 5);
INSERT INTO `ModulerDatabase`.`Feedback` (`feedback_ID`, `feedback_set_ID`, `feedback_score`) VALUES (2416, 36, 3);
INSERT INTO `ModulerDatabase`.`Feedback` (`feedback_ID`, `feedback_set_ID`, `feedback_score`) VALUES (2417, 37, 3);
INSERT INTO `ModulerDatabase`.`Feedback` (`feedback_ID`, `feedback_set_ID`, `feedback_score`) VALUES (2418, 38, 2);
INSERT INTO `ModulerDatabase`.`Feedback` (`feedback_ID`, `feedback_set_ID`, `feedback_score`) VALUES (2419, 39, 1);
INSERT INTO `ModulerDatabase`.`Feedback` (`feedback_ID`, `feedback_set_ID`, `feedback_score`) VALUES (2420, 40, 5);
INSERT INTO `ModulerDatabase`.`Feedback` (`feedback_ID`, `feedback_set_ID`, `feedback_score`) VALUES (2421, 41, 3);
INSERT INTO `ModulerDatabase`.`Feedback` (`feedback_ID`, `feedback_set_ID`, `feedback_score`) VALUES (2422, 42, 1);
INSERT INTO `ModulerDatabase`.`Feedback` (`feedback_ID`, `feedback_set_ID`, `feedback_score`) VALUES (2423, 43, 1);
INSERT INTO `ModulerDatabase`.`Feedback` (`feedback_ID`, `feedback_set_ID`, `feedback_score`) VALUES (2424, 44, 1);
INSERT INTO `ModulerDatabase`.`Feedback` (`feedback_ID`, `feedback_set_ID`, `feedback_score`) VALUES (2425, 45, 3);
INSERT INTO `ModulerDatabase`.`Feedback` (`feedback_ID`, `feedback_set_ID`, `feedback_score`) VALUES (2426, 46, 4);
INSERT INTO `ModulerDatabase`.`Feedback` (`feedback_ID`, `feedback_set_ID`, `feedback_score`) VALUES (2427, 47, 1);
INSERT INTO `ModulerDatabase`.`Feedback` (`feedback_ID`, `feedback_set_ID`, `feedback_score`) VALUES (2428, 48, 2);
INSERT INTO `ModulerDatabase`.`Feedback` (`feedback_ID`, `feedback_set_ID`, `feedback_score`) VALUES (2429, 49, 5);
INSERT INTO `ModulerDatabase`.`Feedback` (`feedback_ID`, `feedback_set_ID`, `feedback_score`) VALUES (2430, 50, 4);
INSERT INTO `ModulerDatabase`.`Feedback` (`feedback_ID`, `feedback_set_ID`, `feedback_score`) VALUES (2431, 51, 5);
INSERT INTO `ModulerDatabase`.`Feedback` (`feedback_ID`, `feedback_set_ID`, `feedback_score`) VALUES (2432, 52, 5);
INSERT INTO `ModulerDatabase`.`Feedback` (`feedback_ID`, `feedback_set_ID`, `feedback_score`) VALUES (2433, 53, 3);
INSERT INTO `ModulerDatabase`.`Feedback` (`feedback_ID`, `feedback_set_ID`, `feedback_score`) VALUES (2434, 54, 3);
INSERT INTO `ModulerDatabase`.`Feedback` (`feedback_ID`, `feedback_set_ID`, `feedback_score`) VALUES (2435, 55, 1);
INSERT INTO `ModulerDatabase`.`Feedback` (`feedback_ID`, `feedback_set_ID`, `feedback_score`) VALUES (2436, 56, 3);
INSERT INTO `ModulerDatabase`.`Feedback` (`feedback_ID`, `feedback_set_ID`, `feedback_score`) VALUES (2437, 57, 2);
INSERT INTO `ModulerDatabase`.`Feedback` (`feedback_ID`, `feedback_set_ID`, `feedback_score`) VALUES (2438, 58, 1);
INSERT INTO `ModulerDatabase`.`Feedback` (`feedback_ID`, `feedback_set_ID`, `feedback_score`) VALUES (2439, 59, 1);
INSERT INTO `ModulerDatabase`.`Feedback` (`feedback_ID`, `feedback_set_ID`, `feedback_score`) VALUES (2440, 60, 5);
INSERT INTO `ModulerDatabase`.`Feedback` (`feedback_ID`, `feedback_set_ID`, `feedback_score`) VALUES (2441, 61, 1);
INSERT INTO `ModulerDatabase`.`Feedback` (`feedback_ID`, `feedback_set_ID`, `feedback_score`) VALUES (2442, 62, 5);
INSERT INTO `ModulerDatabase`.`Feedback` (`feedback_ID`, `feedback_set_ID`, `feedback_score`) VALUES (2443, 63, 4);
INSERT INTO `ModulerDatabase`.`Feedback` (`feedback_ID`, `feedback_set_ID`, `feedback_score`) VALUES (2444, 64, 2);
INSERT INTO `ModulerDatabase`.`Feedback` (`feedback_ID`, `feedback_set_ID`, `feedback_score`) VALUES (2445, 65, 4);
INSERT INTO `ModulerDatabase`.`Feedback` (`feedback_ID`, `feedback_set_ID`, `feedback_score`) VALUES (2446, 66, 3);
INSERT INTO `ModulerDatabase`.`Feedback` (`feedback_ID`, `feedback_set_ID`, `feedback_score`) VALUES (2447, 67, 3);
INSERT INTO `ModulerDatabase`.`Feedback` (`feedback_ID`, `feedback_set_ID`, `feedback_score`) VALUES (2448, 68, 5);
INSERT INTO `ModulerDatabase`.`Feedback` (`feedback_ID`, `feedback_set_ID`, `feedback_score`) VALUES (2449, 69, 2);
INSERT INTO `ModulerDatabase`.`Feedback` (`feedback_ID`, `feedback_set_ID`, `feedback_score`) VALUES (2450, 70, 5);
INSERT INTO `ModulerDatabase`.`Feedback` (`feedback_ID`, `feedback_set_ID`, `feedback_score`) VALUES (2451, 71, 4);
INSERT INTO `ModulerDatabase`.`Feedback` (`feedback_ID`, `feedback_set_ID`, `feedback_score`) VALUES (2452, 72, 4);
INSERT INTO `ModulerDatabase`.`Feedback` (`feedback_ID`, `feedback_set_ID`, `feedback_score`) VALUES (2453, 73, 2);
INSERT INTO `ModulerDatabase`.`Feedback` (`feedback_ID`, `feedback_set_ID`, `feedback_score`) VALUES (2454, 74, 2);
INSERT INTO `ModulerDatabase`.`Feedback` (`feedback_ID`, `feedback_set_ID`, `feedback_score`) VALUES (2455, 75, 2);
INSERT INTO `ModulerDatabase`.`Feedback` (`feedback_ID`, `feedback_set_ID`, `feedback_score`) VALUES (2456, 76, 5);
INSERT INTO `ModulerDatabase`.`Feedback` (`feedback_ID`, `feedback_set_ID`, `feedback_score`) VALUES (2457, 77, 4);
INSERT INTO `ModulerDatabase`.`Feedback` (`feedback_ID`, `feedback_set_ID`, `feedback_score`) VALUES (2458, 78, 3);
INSERT INTO `ModulerDatabase`.`Feedback` (`feedback_ID`, `feedback_set_ID`, `feedback_score`) VALUES (2459, 79, 1);
INSERT INTO `ModulerDatabase`.`Feedback` (`feedback_ID`, `feedback_set_ID`, `feedback_score`) VALUES (2460, 80, 5);
INSERT INTO `ModulerDatabase`.`Feedback` (`feedback_ID`, `feedback_set_ID`, `feedback_score`) VALUES (2461, 81, 3);
INSERT INTO `ModulerDatabase`.`Feedback` (`feedback_ID`, `feedback_set_ID`, `feedback_score`) VALUES (2462, 82, 5);
INSERT INTO `ModulerDatabase`.`Feedback` (`feedback_ID`, `feedback_set_ID`, `feedback_score`) VALUES (2463, 83, 5);
INSERT INTO `ModulerDatabase`.`Feedback` (`feedback_ID`, `feedback_set_ID`, `feedback_score`) VALUES (2464, 84, 2);
INSERT INTO `ModulerDatabase`.`Feedback` (`feedback_ID`, `feedback_set_ID`, `feedback_score`) VALUES (2465, 85, 2);
INSERT INTO `ModulerDatabase`.`Feedback` (`feedback_ID`, `feedback_set_ID`, `feedback_score`) VALUES (2466, 86, 5);
INSERT INTO `ModulerDatabase`.`Feedback` (`feedback_ID`, `feedback_set_ID`, `feedback_score`) VALUES (2467, 87, 4);
INSERT INTO `ModulerDatabase`.`Feedback` (`feedback_ID`, `feedback_set_ID`, `feedback_score`) VALUES (2468, 88, 4);
INSERT INTO `ModulerDatabase`.`Feedback` (`feedback_ID`, `feedback_set_ID`, `feedback_score`) VALUES (2469, 89, 2);
INSERT INTO `ModulerDatabase`.`Feedback` (`feedback_ID`, `feedback_set_ID`, `feedback_score`) VALUES (2470, 90, 2);
INSERT INTO `ModulerDatabase`.`Feedback` (`feedback_ID`, `feedback_set_ID`, `feedback_score`) VALUES (2471, 91, 3);
INSERT INTO `ModulerDatabase`.`Feedback` (`feedback_ID`, `feedback_set_ID`, `feedback_score`) VALUES (2472, 92, 4);
INSERT INTO `ModulerDatabase`.`Feedback` (`feedback_ID`, `feedback_set_ID`, `feedback_score`) VALUES (2473, 93, 1);
INSERT INTO `ModulerDatabase`.`Feedback` (`feedback_ID`, `feedback_set_ID`, `feedback_score`) VALUES (2474, 94, 5);
INSERT INTO `ModulerDatabase`.`Feedback` (`feedback_ID`, `feedback_set_ID`, `feedback_score`) VALUES (2475, 95, 4);
INSERT INTO `ModulerDatabase`.`Feedback` (`feedback_ID`, `feedback_set_ID`, `feedback_score`) VALUES (2476, 96, 3);
INSERT INTO `ModulerDatabase`.`Feedback` (`feedback_ID`, `feedback_set_ID`, `feedback_score`) VALUES (2477, 97, 1);
INSERT INTO `ModulerDatabase`.`Feedback` (`feedback_ID`, `feedback_set_ID`, `feedback_score`) VALUES (2478, 98, 3);
INSERT INTO `ModulerDatabase`.`Feedback` (`feedback_ID`, `feedback_set_ID`, `feedback_score`) VALUES (2479, 99, 5);
INSERT INTO `ModulerDatabase`.`Feedback` (`feedback_ID`, `feedback_set_ID`, `feedback_score`) VALUES (2480, 100, 1);
INSERT INTO `ModulerDatabase`.`Feedback` (`feedback_ID`, `feedback_set_ID`, `feedback_score`) VALUES (2481, 101, 3);
INSERT INTO `ModulerDatabase`.`Feedback` (`feedback_ID`, `feedback_set_ID`, `feedback_score`) VALUES (2482, 102, 2);
INSERT INTO `ModulerDatabase`.`Feedback` (`feedback_ID`, `feedback_set_ID`, `feedback_score`) VALUES (2483, 103, 3);
INSERT INTO `ModulerDatabase`.`Feedback` (`feedback_ID`, `feedback_set_ID`, `feedback_score`) VALUES (2484, 104, 2);
INSERT INTO `ModulerDatabase`.`Feedback` (`feedback_ID`, `feedback_set_ID`, `feedback_score`) VALUES (2485, 105, 5);
INSERT INTO `ModulerDatabase`.`Feedback` (`feedback_ID`, `feedback_set_ID`, `feedback_score`) VALUES (2486, 106, 2);
INSERT INTO `ModulerDatabase`.`Feedback` (`feedback_ID`, `feedback_set_ID`, `feedback_score`) VALUES (2487, 107, 2);
INSERT INTO `ModulerDatabase`.`Feedback` (`feedback_ID`, `feedback_set_ID`, `feedback_score`) VALUES (2488, 108, 2);
INSERT INTO `ModulerDatabase`.`Feedback` (`feedback_ID`, `feedback_set_ID`, `feedback_score`) VALUES (2489, 109, 1);
INSERT INTO `ModulerDatabase`.`Feedback` (`feedback_ID`, `feedback_set_ID`, `feedback_score`) VALUES (2490, 110, 2);
INSERT INTO `ModulerDatabase`.`Feedback` (`feedback_ID`, `feedback_set_ID`, `feedback_score`) VALUES (2491, 111, 4);
INSERT INTO `ModulerDatabase`.`Feedback` (`feedback_ID`, `feedback_set_ID`, `feedback_score`) VALUES (2492, 112, 3);
INSERT INTO `ModulerDatabase`.`Feedback` (`feedback_ID`, `feedback_set_ID`, `feedback_score`) VALUES (2493, 113, 3);
INSERT INTO `ModulerDatabase`.`Feedback` (`feedback_ID`, `feedback_set_ID`, `feedback_score`) VALUES (2494, 114, 5);
INSERT INTO `ModulerDatabase`.`Feedback` (`feedback_ID`, `feedback_set_ID`, `feedback_score`) VALUES (2495, 115, 2);
INSERT INTO `ModulerDatabase`.`Feedback` (`feedback_ID`, `feedback_set_ID`, `feedback_score`) VALUES (2496, 116, 4);
INSERT INTO `ModulerDatabase`.`Feedback` (`feedback_ID`, `feedback_set_ID`, `feedback_score`) VALUES (2497, 117, 5);
INSERT INTO `ModulerDatabase`.`Feedback` (`feedback_ID`, `feedback_set_ID`, `feedback_score`) VALUES (2498, 118, 3);
INSERT INTO `ModulerDatabase`.`Feedback` (`feedback_ID`, `feedback_set_ID`, `feedback_score`) VALUES (2499, 119, 4);
INSERT INTO `ModulerDatabase`.`Feedback` (`feedback_ID`, `feedback_set_ID`, `feedback_score`) VALUES (2500, 120, 5);
INSERT INTO `ModulerDatabase`.`Feedback` (`feedback_ID`, `feedback_set_ID`, `feedback_score`) VALUES (2501, 121, 5);
INSERT INTO `ModulerDatabase`.`Feedback` (`feedback_ID`, `feedback_set_ID`, `feedback_score`) VALUES (2502, 122, 1);
INSERT INTO `ModulerDatabase`.`Feedback` (`feedback_ID`, `feedback_set_ID`, `feedback_score`) VALUES (2503, 123, 4);
INSERT INTO `ModulerDatabase`.`Feedback` (`feedback_ID`, `feedback_set_ID`, `feedback_score`) VALUES (2504, 124, 3);
INSERT INTO `ModulerDatabase`.`Feedback` (`feedback_ID`, `feedback_set_ID`, `feedback_score`) VALUES (2505, 125, 3);
INSERT INTO `ModulerDatabase`.`Feedback` (`feedback_ID`, `feedback_set_ID`, `feedback_score`) VALUES (2506, 126, 4);
INSERT INTO `ModulerDatabase`.`Feedback` (`feedback_ID`, `feedback_set_ID`, `feedback_score`) VALUES (2507, 127, 1);
INSERT INTO `ModulerDatabase`.`Feedback` (`feedback_ID`, `feedback_set_ID`, `feedback_score`) VALUES (2508, 128, 4);
INSERT INTO `ModulerDatabase`.`Feedback` (`feedback_ID`, `feedback_set_ID`, `feedback_score`) VALUES (2509, 129, 5);
INSERT INTO `ModulerDatabase`.`Feedback` (`feedback_ID`, `feedback_set_ID`, `feedback_score`) VALUES (2510, 130, 1);
INSERT INTO `ModulerDatabase`.`Feedback` (`feedback_ID`, `feedback_set_ID`, `feedback_score`) VALUES (2511, 131, 3);
INSERT INTO `ModulerDatabase`.`Feedback` (`feedback_ID`, `feedback_set_ID`, `feedback_score`) VALUES (2512, 132, 2);
INSERT INTO `ModulerDatabase`.`Feedback` (`feedback_ID`, `feedback_set_ID`, `feedback_score`) VALUES (2513, 133, 3);
INSERT INTO `ModulerDatabase`.`Feedback` (`feedback_ID`, `feedback_set_ID`, `feedback_score`) VALUES (2514, 134, 3);
INSERT INTO `ModulerDatabase`.`Feedback` (`feedback_ID`, `feedback_set_ID`, `feedback_score`) VALUES (2515, 135, 1);
INSERT INTO `ModulerDatabase`.`Feedback` (`feedback_ID`, `feedback_set_ID`, `feedback_score`) VALUES (2516, 136, 4);
INSERT INTO `ModulerDatabase`.`Feedback` (`feedback_ID`, `feedback_set_ID`, `feedback_score`) VALUES (2517, 137, 4);
INSERT INTO `ModulerDatabase`.`Feedback` (`feedback_ID`, `feedback_set_ID`, `feedback_score`) VALUES (2518, 138, 3);
INSERT INTO `ModulerDatabase`.`Feedback` (`feedback_ID`, `feedback_set_ID`, `feedback_score`) VALUES (2519, 139, 5);
INSERT INTO `ModulerDatabase`.`Feedback` (`feedback_ID`, `feedback_set_ID`, `feedback_score`) VALUES (2520, 140, 5);
INSERT INTO `ModulerDatabase`.`Feedback` (`feedback_ID`, `feedback_set_ID`, `feedback_score`) VALUES (2521, 141, 2);
INSERT INTO `ModulerDatabase`.`Feedback` (`feedback_ID`, `feedback_set_ID`, `feedback_score`) VALUES (2522, 142, 2);
INSERT INTO `ModulerDatabase`.`Feedback` (`feedback_ID`, `feedback_set_ID`, `feedback_score`) VALUES (2523, 143, 4);
INSERT INTO `ModulerDatabase`.`Feedback` (`feedback_ID`, `feedback_set_ID`, `feedback_score`) VALUES (2524, 144, 1);
INSERT INTO `ModulerDatabase`.`Feedback` (`feedback_ID`, `feedback_set_ID`, `feedback_score`) VALUES (2525, 145, 1);
INSERT INTO `ModulerDatabase`.`Feedback` (`feedback_ID`, `feedback_set_ID`, `feedback_score`) VALUES (2526, 146, 5);
INSERT INTO `ModulerDatabase`.`Feedback` (`feedback_ID`, `feedback_set_ID`, `feedback_score`) VALUES (2527, 147, 1);
INSERT INTO `ModulerDatabase`.`Feedback` (`feedback_ID`, `feedback_set_ID`, `feedback_score`) VALUES (2528, 148, 4);
INSERT INTO `ModulerDatabase`.`Feedback` (`feedback_ID`, `feedback_set_ID`, `feedback_score`) VALUES (2529, 149, 1);
INSERT INTO `ModulerDatabase`.`Feedback` (`feedback_ID`, `feedback_set_ID`, `feedback_score`) VALUES (2530, 150, 5);
INSERT INTO `ModulerDatabase`.`Feedback` (`feedback_ID`, `feedback_set_ID`, `feedback_score`) VALUES (2531, 151, 4);
INSERT INTO `ModulerDatabase`.`Feedback` (`feedback_ID`, `feedback_set_ID`, `feedback_score`) VALUES (2532, 152, 1);
INSERT INTO `ModulerDatabase`.`Feedback` (`feedback_ID`, `feedback_set_ID`, `feedback_score`) VALUES (2533, 153, 2);
INSERT INTO `ModulerDatabase`.`Feedback` (`feedback_ID`, `feedback_set_ID`, `feedback_score`) VALUES (2534, 154, 4);
INSERT INTO `ModulerDatabase`.`Feedback` (`feedback_ID`, `feedback_set_ID`, `feedback_score`) VALUES (2535, 155, 4);
INSERT INTO `ModulerDatabase`.`Feedback` (`feedback_ID`, `feedback_set_ID`, `feedback_score`) VALUES (2536, 156, 3);
INSERT INTO `ModulerDatabase`.`Feedback` (`feedback_ID`, `feedback_set_ID`, `feedback_score`) VALUES (2537, 157, 1);
INSERT INTO `ModulerDatabase`.`Feedback` (`feedback_ID`, `feedback_set_ID`, `feedback_score`) VALUES (2538, 158, 2);
INSERT INTO `ModulerDatabase`.`Feedback` (`feedback_ID`, `feedback_set_ID`, `feedback_score`) VALUES (2539, 159, 1);
INSERT INTO `ModulerDatabase`.`Feedback` (`feedback_ID`, `feedback_set_ID`, `feedback_score`) VALUES (2540, 160, 1);
INSERT INTO `ModulerDatabase`.`Feedback` (`feedback_ID`, `feedback_set_ID`, `feedback_score`) VALUES (2541, 161, 5);
INSERT INTO `ModulerDatabase`.`Feedback` (`feedback_ID`, `feedback_set_ID`, `feedback_score`) VALUES (2542, 162, 3);
INSERT INTO `ModulerDatabase`.`Feedback` (`feedback_ID`, `feedback_set_ID`, `feedback_score`) VALUES (2543, 163, 4);
INSERT INTO `ModulerDatabase`.`Feedback` (`feedback_ID`, `feedback_set_ID`, `feedback_score`) VALUES (2544, 164, 2);
INSERT INTO `ModulerDatabase`.`Feedback` (`feedback_ID`, `feedback_set_ID`, `feedback_score`) VALUES (2545, 165, 2);
INSERT INTO `ModulerDatabase`.`Feedback` (`feedback_ID`, `feedback_set_ID`, `feedback_score`) VALUES (2546, 166, 2);
INSERT INTO `ModulerDatabase`.`Feedback` (`feedback_ID`, `feedback_set_ID`, `feedback_score`) VALUES (2547, 167, 5);
INSERT INTO `ModulerDatabase`.`Feedback` (`feedback_ID`, `feedback_set_ID`, `feedback_score`) VALUES (2548, 168, 1);
INSERT INTO `ModulerDatabase`.`Feedback` (`feedback_ID`, `feedback_set_ID`, `feedback_score`) VALUES (2549, 169, 5);
INSERT INTO `ModulerDatabase`.`Feedback` (`feedback_ID`, `feedback_set_ID`, `feedback_score`) VALUES (2550, 170, 1);
INSERT INTO `ModulerDatabase`.`Feedback` (`feedback_ID`, `feedback_set_ID`, `feedback_score`) VALUES (2551, 171, 4);
INSERT INTO `ModulerDatabase`.`Feedback` (`feedback_ID`, `feedback_set_ID`, `feedback_score`) VALUES (2552, 172, 3);
INSERT INTO `ModulerDatabase`.`Feedback` (`feedback_ID`, `feedback_set_ID`, `feedback_score`) VALUES (2553, 173, 4);
INSERT INTO `ModulerDatabase`.`Feedback` (`feedback_ID`, `feedback_set_ID`, `feedback_score`) VALUES (2554, 174, 3);
INSERT INTO `ModulerDatabase`.`Feedback` (`feedback_ID`, `feedback_set_ID`, `feedback_score`) VALUES (2555, 175, 1);
INSERT INTO `ModulerDatabase`.`Feedback` (`feedback_ID`, `feedback_set_ID`, `feedback_score`) VALUES (2556, 176, 2);
INSERT INTO `ModulerDatabase`.`Feedback` (`feedback_ID`, `feedback_set_ID`, `feedback_score`) VALUES (2557, 177, 2);
INSERT INTO `ModulerDatabase`.`Feedback` (`feedback_ID`, `feedback_set_ID`, `feedback_score`) VALUES (2558, 178, 4);
INSERT INTO `ModulerDatabase`.`Feedback` (`feedback_ID`, `feedback_set_ID`, `feedback_score`) VALUES (2559, 179, 3);
INSERT INTO `ModulerDatabase`.`Feedback` (`feedback_ID`, `feedback_set_ID`, `feedback_score`) VALUES (2560, 180, 5);
INSERT INTO `ModulerDatabase`.`Feedback` (`feedback_ID`, `feedback_set_ID`, `feedback_score`) VALUES (2561, 181, 1);
INSERT INTO `ModulerDatabase`.`Feedback` (`feedback_ID`, `feedback_set_ID`, `feedback_score`) VALUES (2562, 182, 5);
INSERT INTO `ModulerDatabase`.`Feedback` (`feedback_ID`, `feedback_set_ID`, `feedback_score`) VALUES (2563, 183, 2);
INSERT INTO `ModulerDatabase`.`Feedback` (`feedback_ID`, `feedback_set_ID`, `feedback_score`) VALUES (2564, 184, 4);
INSERT INTO `ModulerDatabase`.`Feedback` (`feedback_ID`, `feedback_set_ID`, `feedback_score`) VALUES (2565, 185, 3);
INSERT INTO `ModulerDatabase`.`Feedback` (`feedback_ID`, `feedback_set_ID`, `feedback_score`) VALUES (2566, 186, 4);
INSERT INTO `ModulerDatabase`.`Feedback` (`feedback_ID`, `feedback_set_ID`, `feedback_score`) VALUES (2567, 187, 3);
INSERT INTO `ModulerDatabase`.`Feedback` (`feedback_ID`, `feedback_set_ID`, `feedback_score`) VALUES (2568, 188, 3);
INSERT INTO `ModulerDatabase`.`Feedback` (`feedback_ID`, `feedback_set_ID`, `feedback_score`) VALUES (2569, 189, 1);
INSERT INTO `ModulerDatabase`.`Feedback` (`feedback_ID`, `feedback_set_ID`, `feedback_score`) VALUES (2570, 190, 5);
INSERT INTO `ModulerDatabase`.`Feedback` (`feedback_ID`, `feedback_set_ID`, `feedback_score`) VALUES (2571, 191, 1);
INSERT INTO `ModulerDatabase`.`Feedback` (`feedback_ID`, `feedback_set_ID`, `feedback_score`) VALUES (2572, 192, 5);
INSERT INTO `ModulerDatabase`.`Feedback` (`feedback_ID`, `feedback_set_ID`, `feedback_score`) VALUES (2573, 193, 5);
INSERT INTO `ModulerDatabase`.`Feedback` (`feedback_ID`, `feedback_set_ID`, `feedback_score`) VALUES (2574, 194, 2);
INSERT INTO `ModulerDatabase`.`Feedback` (`feedback_ID`, `feedback_set_ID`, `feedback_score`) VALUES (2575, 195, 4);
INSERT INTO `ModulerDatabase`.`Feedback` (`feedback_ID`, `feedback_set_ID`, `feedback_score`) VALUES (2576, 196, 5);
INSERT INTO `ModulerDatabase`.`Feedback` (`feedback_ID`, `feedback_set_ID`, `feedback_score`) VALUES (2577, 197, 4);
INSERT INTO `ModulerDatabase`.`Feedback` (`feedback_ID`, `feedback_set_ID`, `feedback_score`) VALUES (2578, 198, 2);
INSERT INTO `ModulerDatabase`.`Feedback` (`feedback_ID`, `feedback_set_ID`, `feedback_score`) VALUES (2579, 199, 2);
INSERT INTO `ModulerDatabase`.`Feedback` (`feedback_ID`, `feedback_set_ID`, `feedback_score`) VALUES (2580, 200, 3);
INSERT INTO `ModulerDatabase`.`Feedback` (`feedback_ID`, `feedback_set_ID`, `feedback_score`) VALUES (2581, 201, 1);
INSERT INTO `ModulerDatabase`.`Feedback` (`feedback_ID`, `feedback_set_ID`, `feedback_score`) VALUES (2582, 202, 2);
INSERT INTO `ModulerDatabase`.`Feedback` (`feedback_ID`, `feedback_set_ID`, `feedback_score`) VALUES (2583, 203, 2);
INSERT INTO `ModulerDatabase`.`Feedback` (`feedback_ID`, `feedback_set_ID`, `feedback_score`) VALUES (2584, 204, 2);
INSERT INTO `ModulerDatabase`.`Feedback` (`feedback_ID`, `feedback_set_ID`, `feedback_score`) VALUES (2585, 205, 5);
INSERT INTO `ModulerDatabase`.`Feedback` (`feedback_ID`, `feedback_set_ID`, `feedback_score`) VALUES (2586, 206, 1);
INSERT INTO `ModulerDatabase`.`Feedback` (`feedback_ID`, `feedback_set_ID`, `feedback_score`) VALUES (2587, 207, 4);
INSERT INTO `ModulerDatabase`.`Feedback` (`feedback_ID`, `feedback_set_ID`, `feedback_score`) VALUES (2588, 208, 3);
INSERT INTO `ModulerDatabase`.`Feedback` (`feedback_ID`, `feedback_set_ID`, `feedback_score`) VALUES (2589, 209, 4);
INSERT INTO `ModulerDatabase`.`Feedback` (`feedback_ID`, `feedback_set_ID`, `feedback_score`) VALUES (2590, 210, 1);
INSERT INTO `ModulerDatabase`.`Feedback` (`feedback_ID`, `feedback_set_ID`, `feedback_score`) VALUES (2591, 211, 2);
INSERT INTO `ModulerDatabase`.`Feedback` (`feedback_ID`, `feedback_set_ID`, `feedback_score`) VALUES (2592, 212, 2);
INSERT INTO `ModulerDatabase`.`Feedback` (`feedback_ID`, `feedback_set_ID`, `feedback_score`) VALUES (2593, 213, 1);
INSERT INTO `ModulerDatabase`.`Feedback` (`feedback_ID`, `feedback_set_ID`, `feedback_score`) VALUES (2594, 214, 5);
INSERT INTO `ModulerDatabase`.`Feedback` (`feedback_ID`, `feedback_set_ID`, `feedback_score`) VALUES (2595, 215, 2);
INSERT INTO `ModulerDatabase`.`Feedback` (`feedback_ID`, `feedback_set_ID`, `feedback_score`) VALUES (2596, 216, 4);
INSERT INTO `ModulerDatabase`.`Feedback` (`feedback_ID`, `feedback_set_ID`, `feedback_score`) VALUES (2597, 217, 5);
INSERT INTO `ModulerDatabase`.`Feedback` (`feedback_ID`, `feedback_set_ID`, `feedback_score`) VALUES (2598, 218, 4);
INSERT INTO `ModulerDatabase`.`Feedback` (`feedback_ID`, `feedback_set_ID`, `feedback_score`) VALUES (2599, 219, 2);
INSERT INTO `ModulerDatabase`.`Feedback` (`feedback_ID`, `feedback_set_ID`, `feedback_score`) VALUES (2600, 220, 3);
INSERT INTO `ModulerDatabase`.`Feedback` (`feedback_ID`, `feedback_set_ID`, `feedback_score`) VALUES (2601, 221, 1);
INSERT INTO `ModulerDatabase`.`Feedback` (`feedback_ID`, `feedback_set_ID`, `feedback_score`) VALUES (2602, 222, 5);
INSERT INTO `ModulerDatabase`.`Feedback` (`feedback_ID`, `feedback_set_ID`, `feedback_score`) VALUES (2603, 223, 2);
INSERT INTO `ModulerDatabase`.`Feedback` (`feedback_ID`, `feedback_set_ID`, `feedback_score`) VALUES (2604, 224, 5);
INSERT INTO `ModulerDatabase`.`Feedback` (`feedback_ID`, `feedback_set_ID`, `feedback_score`) VALUES (2605, 225, 1);
INSERT INTO `ModulerDatabase`.`Feedback` (`feedback_ID`, `feedback_set_ID`, `feedback_score`) VALUES (2606, 226, 4);
INSERT INTO `ModulerDatabase`.`Feedback` (`feedback_ID`, `feedback_set_ID`, `feedback_score`) VALUES (2607, 227, 3);
INSERT INTO `ModulerDatabase`.`Feedback` (`feedback_ID`, `feedback_set_ID`, `feedback_score`) VALUES (2608, 228, 1);
INSERT INTO `ModulerDatabase`.`Feedback` (`feedback_ID`, `feedback_set_ID`, `feedback_score`) VALUES (2609, 229, 5);
INSERT INTO `ModulerDatabase`.`Feedback` (`feedback_ID`, `feedback_set_ID`, `feedback_score`) VALUES (2610, 230, 1);
INSERT INTO `ModulerDatabase`.`Feedback` (`feedback_ID`, `feedback_set_ID`, `feedback_score`) VALUES (2611, 231, 2);
INSERT INTO `ModulerDatabase`.`Feedback` (`feedback_ID`, `feedback_set_ID`, `feedback_score`) VALUES (2612, 232, 1);
INSERT INTO `ModulerDatabase`.`Feedback` (`feedback_ID`, `feedback_set_ID`, `feedback_score`) VALUES (2613, 233, 3);
INSERT INTO `ModulerDatabase`.`Feedback` (`feedback_ID`, `feedback_set_ID`, `feedback_score`) VALUES (2614, 234, 1);
INSERT INTO `ModulerDatabase`.`Feedback` (`feedback_ID`, `feedback_set_ID`, `feedback_score`) VALUES (2615, 235, 2);
INSERT INTO `ModulerDatabase`.`Feedback` (`feedback_ID`, `feedback_set_ID`, `feedback_score`) VALUES (2616, 236, 3);
INSERT INTO `ModulerDatabase`.`Feedback` (`feedback_ID`, `feedback_set_ID`, `feedback_score`) VALUES (2617, 237, 2);
INSERT INTO `ModulerDatabase`.`Feedback` (`feedback_ID`, `feedback_set_ID`, `feedback_score`) VALUES (2618, 238, 5);
INSERT INTO `ModulerDatabase`.`Feedback` (`feedback_ID`, `feedback_set_ID`, `feedback_score`) VALUES (2619, 239, 4);
INSERT INTO `ModulerDatabase`.`Feedback` (`feedback_ID`, `feedback_set_ID`, `feedback_score`) VALUES (2620, 240, 2);
INSERT INTO `ModulerDatabase`.`Feedback` (`feedback_ID`, `feedback_set_ID`, `feedback_score`) VALUES (2621, 241, 2);
INSERT INTO `ModulerDatabase`.`Feedback` (`feedback_ID`, `feedback_set_ID`, `feedback_score`) VALUES (2622, 242, 3);
INSERT INTO `ModulerDatabase`.`Feedback` (`feedback_ID`, `feedback_set_ID`, `feedback_score`) VALUES (2623, 243, 2);
INSERT INTO `ModulerDatabase`.`Feedback` (`feedback_ID`, `feedback_set_ID`, `feedback_score`) VALUES (2624, 244, 1);
INSERT INTO `ModulerDatabase`.`Feedback` (`feedback_ID`, `feedback_set_ID`, `feedback_score`) VALUES (2625, 245, 1);
INSERT INTO `ModulerDatabase`.`Feedback` (`feedback_ID`, `feedback_set_ID`, `feedback_score`) VALUES (2626, 246, 5);
INSERT INTO `ModulerDatabase`.`Feedback` (`feedback_ID`, `feedback_set_ID`, `feedback_score`) VALUES (2627, 247, 2);
INSERT INTO `ModulerDatabase`.`Feedback` (`feedback_ID`, `feedback_set_ID`, `feedback_score`) VALUES (2628, 248, 4);
INSERT INTO `ModulerDatabase`.`Feedback` (`feedback_ID`, `feedback_set_ID`, `feedback_score`) VALUES (2629, 249, 5);
INSERT INTO `ModulerDatabase`.`Feedback` (`feedback_ID`, `feedback_set_ID`, `feedback_score`) VALUES (2630, 250, 2);
INSERT INTO `ModulerDatabase`.`Feedback` (`feedback_ID`, `feedback_set_ID`, `feedback_score`) VALUES (2631, 251, 3);
INSERT INTO `ModulerDatabase`.`Feedback` (`feedback_ID`, `feedback_set_ID`, `feedback_score`) VALUES (2632, 252, 5);
INSERT INTO `ModulerDatabase`.`Feedback` (`feedback_ID`, `feedback_set_ID`, `feedback_score`) VALUES (2633, 253, 1);
INSERT INTO `ModulerDatabase`.`Feedback` (`feedback_ID`, `feedback_set_ID`, `feedback_score`) VALUES (2634, 254, 5);
INSERT INTO `ModulerDatabase`.`Feedback` (`feedback_ID`, `feedback_set_ID`, `feedback_score`) VALUES (2635, 255, 2);
INSERT INTO `ModulerDatabase`.`Feedback` (`feedback_ID`, `feedback_set_ID`, `feedback_score`) VALUES (2636, 256, 5);
INSERT INTO `ModulerDatabase`.`Feedback` (`feedback_ID`, `feedback_set_ID`, `feedback_score`) VALUES (2637, 257, 4);
INSERT INTO `ModulerDatabase`.`Feedback` (`feedback_ID`, `feedback_set_ID`, `feedback_score`) VALUES (2638, 258, 4);
INSERT INTO `ModulerDatabase`.`Feedback` (`feedback_ID`, `feedback_set_ID`, `feedback_score`) VALUES (2639, 259, 3);
INSERT INTO `ModulerDatabase`.`Feedback` (`feedback_ID`, `feedback_set_ID`, `feedback_score`) VALUES (2640, 260, 1);
INSERT INTO `ModulerDatabase`.`Feedback` (`feedback_ID`, `feedback_set_ID`, `feedback_score`) VALUES (2641, 261, 2);
INSERT INTO `ModulerDatabase`.`Feedback` (`feedback_ID`, `feedback_set_ID`, `feedback_score`) VALUES (2642, 262, 1);
INSERT INTO `ModulerDatabase`.`Feedback` (`feedback_ID`, `feedback_set_ID`, `feedback_score`) VALUES (2643, 263, 3);
INSERT INTO `ModulerDatabase`.`Feedback` (`feedback_ID`, `feedback_set_ID`, `feedback_score`) VALUES (2644, 264, 3);
INSERT INTO `ModulerDatabase`.`Feedback` (`feedback_ID`, `feedback_set_ID`, `feedback_score`) VALUES (2645, 265, 4);
INSERT INTO `ModulerDatabase`.`Feedback` (`feedback_ID`, `feedback_set_ID`, `feedback_score`) VALUES (2646, 266, 5);
INSERT INTO `ModulerDatabase`.`Feedback` (`feedback_ID`, `feedback_set_ID`, `feedback_score`) VALUES (2647, 267, 1);
INSERT INTO `ModulerDatabase`.`Feedback` (`feedback_ID`, `feedback_set_ID`, `feedback_score`) VALUES (2648, 268, 4);
INSERT INTO `ModulerDatabase`.`Feedback` (`feedback_ID`, `feedback_set_ID`, `feedback_score`) VALUES (2649, 269, 5);
INSERT INTO `ModulerDatabase`.`Feedback` (`feedback_ID`, `feedback_set_ID`, `feedback_score`) VALUES (2650, 270, 3);
INSERT INTO `ModulerDatabase`.`Feedback` (`feedback_ID`, `feedback_set_ID`, `feedback_score`) VALUES (2651, 271, 3);
INSERT INTO `ModulerDatabase`.`Feedback` (`feedback_ID`, `feedback_set_ID`, `feedback_score`) VALUES (2652, 272, 1);
INSERT INTO `ModulerDatabase`.`Feedback` (`feedback_ID`, `feedback_set_ID`, `feedback_score`) VALUES (2653, 273, 5);
INSERT INTO `ModulerDatabase`.`Feedback` (`feedback_ID`, `feedback_set_ID`, `feedback_score`) VALUES (2654, 274, 1);
INSERT INTO `ModulerDatabase`.`Feedback` (`feedback_ID`, `feedback_set_ID`, `feedback_score`) VALUES (2655, 275, 5);
INSERT INTO `ModulerDatabase`.`Feedback` (`feedback_ID`, `feedback_set_ID`, `feedback_score`) VALUES (2656, 276, 5);
INSERT INTO `ModulerDatabase`.`Feedback` (`feedback_ID`, `feedback_set_ID`, `feedback_score`) VALUES (2657, 277, 4);
INSERT INTO `ModulerDatabase`.`Feedback` (`feedback_ID`, `feedback_set_ID`, `feedback_score`) VALUES (2658, 278, 2);
INSERT INTO `ModulerDatabase`.`Feedback` (`feedback_ID`, `feedback_set_ID`, `feedback_score`) VALUES (2659, 279, 2);
INSERT INTO `ModulerDatabase`.`Feedback` (`feedback_ID`, `feedback_set_ID`, `feedback_score`) VALUES (2660, 280, 5);
INSERT INTO `ModulerDatabase`.`Feedback` (`feedback_ID`, `feedback_set_ID`, `feedback_score`) VALUES (2661, 281, 2);
INSERT INTO `ModulerDatabase`.`Feedback` (`feedback_ID`, `feedback_set_ID`, `feedback_score`) VALUES (2662, 282, 1);
INSERT INTO `ModulerDatabase`.`Feedback` (`feedback_ID`, `feedback_set_ID`, `feedback_score`) VALUES (2663, 283, 2);
INSERT INTO `ModulerDatabase`.`Feedback` (`feedback_ID`, `feedback_set_ID`, `feedback_score`) VALUES (2664, 284, 3);
INSERT INTO `ModulerDatabase`.`Feedback` (`feedback_ID`, `feedback_set_ID`, `feedback_score`) VALUES (2665, 285, 4);
INSERT INTO `ModulerDatabase`.`Feedback` (`feedback_ID`, `feedback_set_ID`, `feedback_score`) VALUES (2666, 286, 3);
INSERT INTO `ModulerDatabase`.`Feedback` (`feedback_ID`, `feedback_set_ID`, `feedback_score`) VALUES (2667, 287, 2);
INSERT INTO `ModulerDatabase`.`Feedback` (`feedback_ID`, `feedback_set_ID`, `feedback_score`) VALUES (2668, 288, 2);
INSERT INTO `ModulerDatabase`.`Feedback` (`feedback_ID`, `feedback_set_ID`, `feedback_score`) VALUES (2669, 289, 4);
INSERT INTO `ModulerDatabase`.`Feedback` (`feedback_ID`, `feedback_set_ID`, `feedback_score`) VALUES (2670, 290, 3);
INSERT INTO `ModulerDatabase`.`Feedback` (`feedback_ID`, `feedback_set_ID`, `feedback_score`) VALUES (2671, 291, 4);
INSERT INTO `ModulerDatabase`.`Feedback` (`feedback_ID`, `feedback_set_ID`, `feedback_score`) VALUES (2672, 292, 5);
INSERT INTO `ModulerDatabase`.`Feedback` (`feedback_ID`, `feedback_set_ID`, `feedback_score`) VALUES (2673, 293, 4);
INSERT INTO `ModulerDatabase`.`Feedback` (`feedback_ID`, `feedback_set_ID`, `feedback_score`) VALUES (2674, 294, 3);
INSERT INTO `ModulerDatabase`.`Feedback` (`feedback_ID`, `feedback_set_ID`, `feedback_score`) VALUES (2675, 295, 1);
INSERT INTO `ModulerDatabase`.`Feedback` (`feedback_ID`, `feedback_set_ID`, `feedback_score`) VALUES (2676, 296, 1);
INSERT INTO `ModulerDatabase`.`Feedback` (`feedback_ID`, `feedback_set_ID`, `feedback_score`) VALUES (2677, 297, 4);
INSERT INTO `ModulerDatabase`.`Feedback` (`feedback_ID`, `feedback_set_ID`, `feedback_score`) VALUES (2678, 298, 3);
INSERT INTO `ModulerDatabase`.`Feedback` (`feedback_ID`, `feedback_set_ID`, `feedback_score`) VALUES (2679, 299, 3);
INSERT INTO `ModulerDatabase`.`Feedback` (`feedback_ID`, `feedback_set_ID`, `feedback_score`) VALUES (2680, 300, 2);
INSERT INTO `ModulerDatabase`.`Feedback` (`feedback_ID`, `feedback_set_ID`, `feedback_score`) VALUES (2681, 301, 2);
INSERT INTO `ModulerDatabase`.`Feedback` (`feedback_ID`, `feedback_set_ID`, `feedback_score`) VALUES (2682, 302, 3);
INSERT INTO `ModulerDatabase`.`Feedback` (`feedback_ID`, `feedback_set_ID`, `feedback_score`) VALUES (2683, 303, 5);
INSERT INTO `ModulerDatabase`.`Feedback` (`feedback_ID`, `feedback_set_ID`, `feedback_score`) VALUES (2684, 304, 5);
INSERT INTO `ModulerDatabase`.`Feedback` (`feedback_ID`, `feedback_set_ID`, `feedback_score`) VALUES (2685, 305, 4);
INSERT INTO `ModulerDatabase`.`Feedback` (`feedback_ID`, `feedback_set_ID`, `feedback_score`) VALUES (2686, 306, 1);
INSERT INTO `ModulerDatabase`.`Feedback` (`feedback_ID`, `feedback_set_ID`, `feedback_score`) VALUES (2687, 307, 1);
INSERT INTO `ModulerDatabase`.`Feedback` (`feedback_ID`, `feedback_set_ID`, `feedback_score`) VALUES (2688, 308, 1);
INSERT INTO `ModulerDatabase`.`Feedback` (`feedback_ID`, `feedback_set_ID`, `feedback_score`) VALUES (2689, 309, 1);
INSERT INTO `ModulerDatabase`.`Feedback` (`feedback_ID`, `feedback_set_ID`, `feedback_score`) VALUES (2690, 310, 2);
INSERT INTO `ModulerDatabase`.`Feedback` (`feedback_ID`, `feedback_set_ID`, `feedback_score`) VALUES (2691, 311, 5);
INSERT INTO `ModulerDatabase`.`Feedback` (`feedback_ID`, `feedback_set_ID`, `feedback_score`) VALUES (2692, 312, 5);
INSERT INTO `ModulerDatabase`.`Feedback` (`feedback_ID`, `feedback_set_ID`, `feedback_score`) VALUES (2693, 313, 3);
INSERT INTO `ModulerDatabase`.`Feedback` (`feedback_ID`, `feedback_set_ID`, `feedback_score`) VALUES (2694, 314, 5);
INSERT INTO `ModulerDatabase`.`Feedback` (`feedback_ID`, `feedback_set_ID`, `feedback_score`) VALUES (2695, 315, 2);
INSERT INTO `ModulerDatabase`.`Feedback` (`feedback_ID`, `feedback_set_ID`, `feedback_score`) VALUES (2696, 316, 2);
INSERT INTO `ModulerDatabase`.`Feedback` (`feedback_ID`, `feedback_set_ID`, `feedback_score`) VALUES (2697, 317, 2);
INSERT INTO `ModulerDatabase`.`Feedback` (`feedback_ID`, `feedback_set_ID`, `feedback_score`) VALUES (2698, 318, 4);
INSERT INTO `ModulerDatabase`.`Feedback` (`feedback_ID`, `feedback_set_ID`, `feedback_score`) VALUES (2699, 319, 2);
INSERT INTO `ModulerDatabase`.`Feedback` (`feedback_ID`, `feedback_set_ID`, `feedback_score`) VALUES (2700, 320, 2);
INSERT INTO `ModulerDatabase`.`Feedback` (`feedback_ID`, `feedback_set_ID`, `feedback_score`) VALUES (2701, 321, 2);
INSERT INTO `ModulerDatabase`.`Feedback` (`feedback_ID`, `feedback_set_ID`, `feedback_score`) VALUES (2702, 322, 4);
INSERT INTO `ModulerDatabase`.`Feedback` (`feedback_ID`, `feedback_set_ID`, `feedback_score`) VALUES (2703, 323, 4);
INSERT INTO `ModulerDatabase`.`Feedback` (`feedback_ID`, `feedback_set_ID`, `feedback_score`) VALUES (2704, 324, 5);
INSERT INTO `ModulerDatabase`.`Feedback` (`feedback_ID`, `feedback_set_ID`, `feedback_score`) VALUES (2705, 325, 2);
INSERT INTO `ModulerDatabase`.`Feedback` (`feedback_ID`, `feedback_set_ID`, `feedback_score`) VALUES (2706, 326, 4);
INSERT INTO `ModulerDatabase`.`Feedback` (`feedback_ID`, `feedback_set_ID`, `feedback_score`) VALUES (2707, 327, 2);
INSERT INTO `ModulerDatabase`.`Feedback` (`feedback_ID`, `feedback_set_ID`, `feedback_score`) VALUES (2708, 328, 1);
INSERT INTO `ModulerDatabase`.`Feedback` (`feedback_ID`, `feedback_set_ID`, `feedback_score`) VALUES (2709, 329, 5);
INSERT INTO `ModulerDatabase`.`Feedback` (`feedback_ID`, `feedback_set_ID`, `feedback_score`) VALUES (2710, 330, 1);
INSERT INTO `ModulerDatabase`.`Feedback` (`feedback_ID`, `feedback_set_ID`, `feedback_score`) VALUES (2711, 331, 4);
INSERT INTO `ModulerDatabase`.`Feedback` (`feedback_ID`, `feedback_set_ID`, `feedback_score`) VALUES (2712, 332, 2);
INSERT INTO `ModulerDatabase`.`Feedback` (`feedback_ID`, `feedback_set_ID`, `feedback_score`) VALUES (2713, 333, 1);
INSERT INTO `ModulerDatabase`.`Feedback` (`feedback_ID`, `feedback_set_ID`, `feedback_score`) VALUES (2714, 334, 3);
INSERT INTO `ModulerDatabase`.`Feedback` (`feedback_ID`, `feedback_set_ID`, `feedback_score`) VALUES (2715, 335, 1);
INSERT INTO `ModulerDatabase`.`Feedback` (`feedback_ID`, `feedback_set_ID`, `feedback_score`) VALUES (2716, 336, 3);
INSERT INTO `ModulerDatabase`.`Feedback` (`feedback_ID`, `feedback_set_ID`, `feedback_score`) VALUES (2717, 337, 3);
INSERT INTO `ModulerDatabase`.`Feedback` (`feedback_ID`, `feedback_set_ID`, `feedback_score`) VALUES (2718, 338, 5);
INSERT INTO `ModulerDatabase`.`Feedback` (`feedback_ID`, `feedback_set_ID`, `feedback_score`) VALUES (2719, 339, 3);
INSERT INTO `ModulerDatabase`.`Feedback` (`feedback_ID`, `feedback_set_ID`, `feedback_score`) VALUES (2720, 340, 4);
INSERT INTO `ModulerDatabase`.`Feedback` (`feedback_ID`, `feedback_set_ID`, `feedback_score`) VALUES (2721, 341, 3);
INSERT INTO `ModulerDatabase`.`Feedback` (`feedback_ID`, `feedback_set_ID`, `feedback_score`) VALUES (2722, 342, 4);
INSERT INTO `ModulerDatabase`.`Feedback` (`feedback_ID`, `feedback_set_ID`, `feedback_score`) VALUES (2723, 343, 3);
INSERT INTO `ModulerDatabase`.`Feedback` (`feedback_ID`, `feedback_set_ID`, `feedback_score`) VALUES (2724, 344, 1);
INSERT INTO `ModulerDatabase`.`Feedback` (`feedback_ID`, `feedback_set_ID`, `feedback_score`) VALUES (2725, 345, 2);
INSERT INTO `ModulerDatabase`.`Feedback` (`feedback_ID`, `feedback_set_ID`, `feedback_score`) VALUES (2726, 346, 1);
INSERT INTO `ModulerDatabase`.`Feedback` (`feedback_ID`, `feedback_set_ID`, `feedback_score`) VALUES (2727, 347, 5);
INSERT INTO `ModulerDatabase`.`Feedback` (`feedback_ID`, `feedback_set_ID`, `feedback_score`) VALUES (2728, 348, 2);
INSERT INTO `ModulerDatabase`.`Feedback` (`feedback_ID`, `feedback_set_ID`, `feedback_score`) VALUES (2729, 349, 4);
INSERT INTO `ModulerDatabase`.`Feedback` (`feedback_ID`, `feedback_set_ID`, `feedback_score`) VALUES (2730, 350, 3);
INSERT INTO `ModulerDatabase`.`Feedback` (`feedback_ID`, `feedback_set_ID`, `feedback_score`) VALUES (2731, 351, 1);
INSERT INTO `ModulerDatabase`.`Feedback` (`feedback_ID`, `feedback_set_ID`, `feedback_score`) VALUES (2732, 352, 5);
INSERT INTO `ModulerDatabase`.`Feedback` (`feedback_ID`, `feedback_set_ID`, `feedback_score`) VALUES (2733, 353, 2);
INSERT INTO `ModulerDatabase`.`Feedback` (`feedback_ID`, `feedback_set_ID`, `feedback_score`) VALUES (2734, 354, 2);
INSERT INTO `ModulerDatabase`.`Feedback` (`feedback_ID`, `feedback_set_ID`, `feedback_score`) VALUES (2735, 355, 4);
INSERT INTO `ModulerDatabase`.`Feedback` (`feedback_ID`, `feedback_set_ID`, `feedback_score`) VALUES (2736, 356, 4);
INSERT INTO `ModulerDatabase`.`Feedback` (`feedback_ID`, `feedback_set_ID`, `feedback_score`) VALUES (2737, 357, 4);
INSERT INTO `ModulerDatabase`.`Feedback` (`feedback_ID`, `feedback_set_ID`, `feedback_score`) VALUES (2738, 358, 1);
INSERT INTO `ModulerDatabase`.`Feedback` (`feedback_ID`, `feedback_set_ID`, `feedback_score`) VALUES (2739, 359, 5);
INSERT INTO `ModulerDatabase`.`Feedback` (`feedback_ID`, `feedback_set_ID`, `feedback_score`) VALUES (2740, 360, 4);
INSERT INTO `ModulerDatabase`.`Feedback` (`feedback_ID`, `feedback_set_ID`, `feedback_score`) VALUES (2741, 361, 4);
INSERT INTO `ModulerDatabase`.`Feedback` (`feedback_ID`, `feedback_set_ID`, `feedback_score`) VALUES (2742, 362, 5);
INSERT INTO `ModulerDatabase`.`Feedback` (`feedback_ID`, `feedback_set_ID`, `feedback_score`) VALUES (2743, 363, 2);
INSERT INTO `ModulerDatabase`.`Feedback` (`feedback_ID`, `feedback_set_ID`, `feedback_score`) VALUES (2744, 364, 3);
INSERT INTO `ModulerDatabase`.`Feedback` (`feedback_ID`, `feedback_set_ID`, `feedback_score`) VALUES (2745, 365, 5);
INSERT INTO `ModulerDatabase`.`Feedback` (`feedback_ID`, `feedback_set_ID`, `feedback_score`) VALUES (2746, 366, 3);
INSERT INTO `ModulerDatabase`.`Feedback` (`feedback_ID`, `feedback_set_ID`, `feedback_score`) VALUES (2747, 367, 3);
INSERT INTO `ModulerDatabase`.`Feedback` (`feedback_ID`, `feedback_set_ID`, `feedback_score`) VALUES (2748, 368, 3);
INSERT INTO `ModulerDatabase`.`Feedback` (`feedback_ID`, `feedback_set_ID`, `feedback_score`) VALUES (2749, 369, 4);
INSERT INTO `ModulerDatabase`.`Feedback` (`feedback_ID`, `feedback_set_ID`, `feedback_score`) VALUES (2750, 370, 5);
INSERT INTO `ModulerDatabase`.`Feedback` (`feedback_ID`, `feedback_set_ID`, `feedback_score`) VALUES (2751, 371, 1);
INSERT INTO `ModulerDatabase`.`Feedback` (`feedback_ID`, `feedback_set_ID`, `feedback_score`) VALUES (2752, 372, 2);
INSERT INTO `ModulerDatabase`.`Feedback` (`feedback_ID`, `feedback_set_ID`, `feedback_score`) VALUES (2753, 373, 1);
INSERT INTO `ModulerDatabase`.`Feedback` (`feedback_ID`, `feedback_set_ID`, `feedback_score`) VALUES (2754, 374, 2);
INSERT INTO `ModulerDatabase`.`Feedback` (`feedback_ID`, `feedback_set_ID`, `feedback_score`) VALUES (2755, 375, 5);
INSERT INTO `ModulerDatabase`.`Feedback` (`feedback_ID`, `feedback_set_ID`, `feedback_score`) VALUES (2756, 376, 5);
INSERT INTO `ModulerDatabase`.`Feedback` (`feedback_ID`, `feedback_set_ID`, `feedback_score`) VALUES (2757, 377, 1);
INSERT INTO `ModulerDatabase`.`Feedback` (`feedback_ID`, `feedback_set_ID`, `feedback_score`) VALUES (2758, 378, 4);
INSERT INTO `ModulerDatabase`.`Feedback` (`feedback_ID`, `feedback_set_ID`, `feedback_score`) VALUES (2759, 379, 2);
INSERT INTO `ModulerDatabase`.`Feedback` (`feedback_ID`, `feedback_set_ID`, `feedback_score`) VALUES (2760, 380, 4);
INSERT INTO `ModulerDatabase`.`Feedback` (`feedback_ID`, `feedback_set_ID`, `feedback_score`) VALUES (2761, 381, 1);
INSERT INTO `ModulerDatabase`.`Feedback` (`feedback_ID`, `feedback_set_ID`, `feedback_score`) VALUES (2762, 382, 3);
INSERT INTO `ModulerDatabase`.`Feedback` (`feedback_ID`, `feedback_set_ID`, `feedback_score`) VALUES (2763, 383, 5);
INSERT INTO `ModulerDatabase`.`Feedback` (`feedback_ID`, `feedback_set_ID`, `feedback_score`) VALUES (2764, 384, 3);
INSERT INTO `ModulerDatabase`.`Feedback` (`feedback_ID`, `feedback_set_ID`, `feedback_score`) VALUES (2765, 385, 4);
INSERT INTO `ModulerDatabase`.`Feedback` (`feedback_ID`, `feedback_set_ID`, `feedback_score`) VALUES (2766, 386, 3);
INSERT INTO `ModulerDatabase`.`Feedback` (`feedback_ID`, `feedback_set_ID`, `feedback_score`) VALUES (2767, 387, 3);
INSERT INTO `ModulerDatabase`.`Feedback` (`feedback_ID`, `feedback_set_ID`, `feedback_score`) VALUES (2768, 388, 5);
INSERT INTO `ModulerDatabase`.`Feedback` (`feedback_ID`, `feedback_set_ID`, `feedback_score`) VALUES (2769, 389, 1);
INSERT INTO `ModulerDatabase`.`Feedback` (`feedback_ID`, `feedback_set_ID`, `feedback_score`) VALUES (2770, 390, 1);
INSERT INTO `ModulerDatabase`.`Feedback` (`feedback_ID`, `feedback_set_ID`, `feedback_score`) VALUES (2771, 391, 5);
INSERT INTO `ModulerDatabase`.`Feedback` (`feedback_ID`, `feedback_set_ID`, `feedback_score`) VALUES (2772, 392, 4);
INSERT INTO `ModulerDatabase`.`Feedback` (`feedback_ID`, `feedback_set_ID`, `feedback_score`) VALUES (2773, 393, 3);
INSERT INTO `ModulerDatabase`.`Feedback` (`feedback_ID`, `feedback_set_ID`, `feedback_score`) VALUES (2774, 394, 1);
INSERT INTO `ModulerDatabase`.`Feedback` (`feedback_ID`, `feedback_set_ID`, `feedback_score`) VALUES (2775, 395, 3);
INSERT INTO `ModulerDatabase`.`Feedback` (`feedback_ID`, `feedback_set_ID`, `feedback_score`) VALUES (2776, 396, 2);
INSERT INTO `ModulerDatabase`.`Feedback` (`feedback_ID`, `feedback_set_ID`, `feedback_score`) VALUES (2777, 397, 4);
INSERT INTO `ModulerDatabase`.`Feedback` (`feedback_ID`, `feedback_set_ID`, `feedback_score`) VALUES (2778, 398, 4);
INSERT INTO `ModulerDatabase`.`Feedback` (`feedback_ID`, `feedback_set_ID`, `feedback_score`) VALUES (2779, 399, 4);
INSERT INTO `ModulerDatabase`.`Feedback` (`feedback_ID`, `feedback_set_ID`, `feedback_score`) VALUES (2780, 400, 2);
INSERT INTO `ModulerDatabase`.`Feedback` (`feedback_ID`, `feedback_set_ID`, `feedback_score`) VALUES (2781, 401, 2);
INSERT INTO `ModulerDatabase`.`Feedback` (`feedback_ID`, `feedback_set_ID`, `feedback_score`) VALUES (2782, 402, 3);
INSERT INTO `ModulerDatabase`.`Feedback` (`feedback_ID`, `feedback_set_ID`, `feedback_score`) VALUES (2783, 403, 3);
INSERT INTO `ModulerDatabase`.`Feedback` (`feedback_ID`, `feedback_set_ID`, `feedback_score`) VALUES (2784, 404, 5);
INSERT INTO `ModulerDatabase`.`Feedback` (`feedback_ID`, `feedback_set_ID`, `feedback_score`) VALUES (2785, 405, 1);
INSERT INTO `ModulerDatabase`.`Feedback` (`feedback_ID`, `feedback_set_ID`, `feedback_score`) VALUES (2786, 406, 3);
INSERT INTO `ModulerDatabase`.`Feedback` (`feedback_ID`, `feedback_set_ID`, `feedback_score`) VALUES (2787, 407, 4);
INSERT INTO `ModulerDatabase`.`Feedback` (`feedback_ID`, `feedback_set_ID`, `feedback_score`) VALUES (2788, 408, 2);
INSERT INTO `ModulerDatabase`.`Feedback` (`feedback_ID`, `feedback_set_ID`, `feedback_score`) VALUES (2789, 409, 1);
INSERT INTO `ModulerDatabase`.`Feedback` (`feedback_ID`, `feedback_set_ID`, `feedback_score`) VALUES (2790, 410, 4);
INSERT INTO `ModulerDatabase`.`Feedback` (`feedback_ID`, `feedback_set_ID`, `feedback_score`) VALUES (2791, 411, 4);
INSERT INTO `ModulerDatabase`.`Feedback` (`feedback_ID`, `feedback_set_ID`, `feedback_score`) VALUES (2792, 412, 4);
INSERT INTO `ModulerDatabase`.`Feedback` (`feedback_ID`, `feedback_set_ID`, `feedback_score`) VALUES (2793, 413, 3);
INSERT INTO `ModulerDatabase`.`Feedback` (`feedback_ID`, `feedback_set_ID`, `feedback_score`) VALUES (2794, 414, 4);
INSERT INTO `ModulerDatabase`.`Feedback` (`feedback_ID`, `feedback_set_ID`, `feedback_score`) VALUES (2795, 415, 2);
INSERT INTO `ModulerDatabase`.`Feedback` (`feedback_ID`, `feedback_set_ID`, `feedback_score`) VALUES (2796, 416, 2);
INSERT INTO `ModulerDatabase`.`Feedback` (`feedback_ID`, `feedback_set_ID`, `feedback_score`) VALUES (2797, 417, 4);
INSERT INTO `ModulerDatabase`.`Feedback` (`feedback_ID`, `feedback_set_ID`, `feedback_score`) VALUES (2798, 418, 5);
INSERT INTO `ModulerDatabase`.`Feedback` (`feedback_ID`, `feedback_set_ID`, `feedback_score`) VALUES (2799, 419, 5);
INSERT INTO `ModulerDatabase`.`Feedback` (`feedback_ID`, `feedback_set_ID`, `feedback_score`) VALUES (2800, 420, 1);
INSERT INTO `ModulerDatabase`.`Feedback` (`feedback_ID`, `feedback_set_ID`, `feedback_score`) VALUES (2801, 421, 5);
INSERT INTO `ModulerDatabase`.`Feedback` (`feedback_ID`, `feedback_set_ID`, `feedback_score`) VALUES (2802, 422, 4);
INSERT INTO `ModulerDatabase`.`Feedback` (`feedback_ID`, `feedback_set_ID`, `feedback_score`) VALUES (2803, 423, 3);
INSERT INTO `ModulerDatabase`.`Feedback` (`feedback_ID`, `feedback_set_ID`, `feedback_score`) VALUES (2804, 424, 3);
INSERT INTO `ModulerDatabase`.`Feedback` (`feedback_ID`, `feedback_set_ID`, `feedback_score`) VALUES (2805, 425, 1);
INSERT INTO `ModulerDatabase`.`Feedback` (`feedback_ID`, `feedback_set_ID`, `feedback_score`) VALUES (2806, 426, 4);
INSERT INTO `ModulerDatabase`.`Feedback` (`feedback_ID`, `feedback_set_ID`, `feedback_score`) VALUES (2807, 427, 2);
INSERT INTO `ModulerDatabase`.`Feedback` (`feedback_ID`, `feedback_set_ID`, `feedback_score`) VALUES (2808, 428, 1);
INSERT INTO `ModulerDatabase`.`Feedback` (`feedback_ID`, `feedback_set_ID`, `feedback_score`) VALUES (2809, 429, 2);
INSERT INTO `ModulerDatabase`.`Feedback` (`feedback_ID`, `feedback_set_ID`, `feedback_score`) VALUES (2810, 430, 5);
INSERT INTO `ModulerDatabase`.`Feedback` (`feedback_ID`, `feedback_set_ID`, `feedback_score`) VALUES (2811, 431, 3);
INSERT INTO `ModulerDatabase`.`Feedback` (`feedback_ID`, `feedback_set_ID`, `feedback_score`) VALUES (2812, 432, 5);
INSERT INTO `ModulerDatabase`.`Feedback` (`feedback_ID`, `feedback_set_ID`, `feedback_score`) VALUES (2813, 433, 3);
INSERT INTO `ModulerDatabase`.`Feedback` (`feedback_ID`, `feedback_set_ID`, `feedback_score`) VALUES (2814, 434, 5);
INSERT INTO `ModulerDatabase`.`Feedback` (`feedback_ID`, `feedback_set_ID`, `feedback_score`) VALUES (2815, 435, 5);
INSERT INTO `ModulerDatabase`.`Feedback` (`feedback_ID`, `feedback_set_ID`, `feedback_score`) VALUES (2816, 436, 1);
INSERT INTO `ModulerDatabase`.`Feedback` (`feedback_ID`, `feedback_set_ID`, `feedback_score`) VALUES (2817, 437, 3);
INSERT INTO `ModulerDatabase`.`Feedback` (`feedback_ID`, `feedback_set_ID`, `feedback_score`) VALUES (2818, 438, 4);
INSERT INTO `ModulerDatabase`.`Feedback` (`feedback_ID`, `feedback_set_ID`, `feedback_score`) VALUES (2819, 439, 4);
INSERT INTO `ModulerDatabase`.`Feedback` (`feedback_ID`, `feedback_set_ID`, `feedback_score`) VALUES (2820, 440, 2);
INSERT INTO `ModulerDatabase`.`Feedback` (`feedback_ID`, `feedback_set_ID`, `feedback_score`) VALUES (2821, 441, 4);
INSERT INTO `ModulerDatabase`.`Feedback` (`feedback_ID`, `feedback_set_ID`, `feedback_score`) VALUES (2822, 442, 2);
INSERT INTO `ModulerDatabase`.`Feedback` (`feedback_ID`, `feedback_set_ID`, `feedback_score`) VALUES (2823, 443, 5);
INSERT INTO `ModulerDatabase`.`Feedback` (`feedback_ID`, `feedback_set_ID`, `feedback_score`) VALUES (2824, 444, 2);
INSERT INTO `ModulerDatabase`.`Feedback` (`feedback_ID`, `feedback_set_ID`, `feedback_score`) VALUES (2825, 445, 2);
INSERT INTO `ModulerDatabase`.`Feedback` (`feedback_ID`, `feedback_set_ID`, `feedback_score`) VALUES (2826, 446, 1);
INSERT INTO `ModulerDatabase`.`Feedback` (`feedback_ID`, `feedback_set_ID`, `feedback_score`) VALUES (2827, 447, 3);
INSERT INTO `ModulerDatabase`.`Feedback` (`feedback_ID`, `feedback_set_ID`, `feedback_score`) VALUES (2828, 448, 5);
INSERT INTO `ModulerDatabase`.`Feedback` (`feedback_ID`, `feedback_set_ID`, `feedback_score`) VALUES (2829, 449, 4);
INSERT INTO `ModulerDatabase`.`Feedback` (`feedback_ID`, `feedback_set_ID`, `feedback_score`) VALUES (2830, 450, 2);
INSERT INTO `ModulerDatabase`.`Feedback` (`feedback_ID`, `feedback_set_ID`, `feedback_score`) VALUES (2831, 451, 2);
INSERT INTO `ModulerDatabase`.`Feedback` (`feedback_ID`, `feedback_set_ID`, `feedback_score`) VALUES (2832, 452, 4);
INSERT INTO `ModulerDatabase`.`Feedback` (`feedback_ID`, `feedback_set_ID`, `feedback_score`) VALUES (2833, 453, 1);
INSERT INTO `ModulerDatabase`.`Feedback` (`feedback_ID`, `feedback_set_ID`, `feedback_score`) VALUES (2834, 454, 2);
INSERT INTO `ModulerDatabase`.`Feedback` (`feedback_ID`, `feedback_set_ID`, `feedback_score`) VALUES (2835, 455, 3);
INSERT INTO `ModulerDatabase`.`Feedback` (`feedback_ID`, `feedback_set_ID`, `feedback_score`) VALUES (2836, 456, 5);
INSERT INTO `ModulerDatabase`.`Feedback` (`feedback_ID`, `feedback_set_ID`, `feedback_score`) VALUES (2837, 457, 2);
INSERT INTO `ModulerDatabase`.`Feedback` (`feedback_ID`, `feedback_set_ID`, `feedback_score`) VALUES (2838, 458, 4);
INSERT INTO `ModulerDatabase`.`Feedback` (`feedback_ID`, `feedback_set_ID`, `feedback_score`) VALUES (2839, 459, 1);
INSERT INTO `ModulerDatabase`.`Feedback` (`feedback_ID`, `feedback_set_ID`, `feedback_score`) VALUES (2840, 460, 5);
INSERT INTO `ModulerDatabase`.`Feedback` (`feedback_ID`, `feedback_set_ID`, `feedback_score`) VALUES (2841, 461, 5);
INSERT INTO `ModulerDatabase`.`Feedback` (`feedback_ID`, `feedback_set_ID`, `feedback_score`) VALUES (2842, 462, 4);
INSERT INTO `ModulerDatabase`.`Feedback` (`feedback_ID`, `feedback_set_ID`, `feedback_score`) VALUES (2843, 463, 3);
INSERT INTO `ModulerDatabase`.`Feedback` (`feedback_ID`, `feedback_set_ID`, `feedback_score`) VALUES (2844, 464, 1);
INSERT INTO `ModulerDatabase`.`Feedback` (`feedback_ID`, `feedback_set_ID`, `feedback_score`) VALUES (2845, 465, 1);
INSERT INTO `ModulerDatabase`.`Feedback` (`feedback_ID`, `feedback_set_ID`, `feedback_score`) VALUES (2846, 466, 2);
INSERT INTO `ModulerDatabase`.`Feedback` (`feedback_ID`, `feedback_set_ID`, `feedback_score`) VALUES (2847, 467, 1);
INSERT INTO `ModulerDatabase`.`Feedback` (`feedback_ID`, `feedback_set_ID`, `feedback_score`) VALUES (2848, 468, 3);
INSERT INTO `ModulerDatabase`.`Feedback` (`feedback_ID`, `feedback_set_ID`, `feedback_score`) VALUES (2849, 469, 4);
INSERT INTO `ModulerDatabase`.`Feedback` (`feedback_ID`, `feedback_set_ID`, `feedback_score`) VALUES (2850, 470, 4);
INSERT INTO `ModulerDatabase`.`Feedback` (`feedback_ID`, `feedback_set_ID`, `feedback_score`) VALUES (2851, 471, 3);
INSERT INTO `ModulerDatabase`.`Feedback` (`feedback_ID`, `feedback_set_ID`, `feedback_score`) VALUES (2852, 472, 1);
INSERT INTO `ModulerDatabase`.`Feedback` (`feedback_ID`, `feedback_set_ID`, `feedback_score`) VALUES (2853, 473, 4);
INSERT INTO `ModulerDatabase`.`Feedback` (`feedback_ID`, `feedback_set_ID`, `feedback_score`) VALUES (2854, 474, 1);
INSERT INTO `ModulerDatabase`.`Feedback` (`feedback_ID`, `feedback_set_ID`, `feedback_score`) VALUES (2855, 475, 4);
INSERT INTO `ModulerDatabase`.`Feedback` (`feedback_ID`, `feedback_set_ID`, `feedback_score`) VALUES (2856, 476, 4);

COMMIT;


-- -----------------------------------------------------
-- Data for table `ModulerDatabase`.`Lecture_Notes`
-- -----------------------------------------------------
START TRANSACTION;
USE `ModulerDatabase`;
INSERT INTO `ModulerDatabase`.`Lecture_Notes` (`note_ID`, `note_lecture_ID`, `note_lecture_date`, `note_text`) VALUES (1, 1, '2019-02-18', 'Note 1');
INSERT INTO `ModulerDatabase`.`Lecture_Notes` (`note_ID`, `note_lecture_ID`, `note_lecture_date`, `note_text`) VALUES (2, 1, '2019-02-18', 'Note 2');
INSERT INTO `ModulerDatabase`.`Lecture_Notes` (`note_ID`, `note_lecture_ID`, `note_lecture_date`, `note_text`) VALUES (3, 1, '2019-02-18', 'Note 3');

COMMIT;


-- -----------------------------------------------------
-- Data for table `ModulerDatabase`.`Activity_Notes`
-- -----------------------------------------------------
START TRANSACTION;
USE `ModulerDatabase`;
INSERT INTO `ModulerDatabase`.`Activity_Notes` (`note_ID`, `note_activity_ID`, `note_text`) VALUES (1, 1, 'Activity note one');

COMMIT;


-- -----------------------------------------------------
-- Data for table `ModulerDatabase`.`Module_Contributors`
-- -----------------------------------------------------
START TRANSACTION;
USE `ModulerDatabase`;
INSERT INTO `ModulerDatabase`.`Module_Contributors` (`staff_ID`, `module_ID`) VALUES (9, 4);
INSERT INTO `ModulerDatabase`.`Module_Contributors` (`staff_ID`, `module_ID`) VALUES (9, 5);
INSERT INTO `ModulerDatabase`.`Module_Contributors` (`staff_ID`, `module_ID`) VALUES (4, 9);
INSERT INTO `ModulerDatabase`.`Module_Contributors` (`staff_ID`, `module_ID`) VALUES (5, 9);

COMMIT;


-- -----------------------------------------------------
-- Data for table `ModulerDatabase`.`Distribution`
-- -----------------------------------------------------
START TRANSACTION;
USE `ModulerDatabase`;
INSERT INTO `ModulerDatabase`.`Distribution` (`distribution_ID`, `distribution`) VALUES (1, 'Linear');
INSERT INTO `ModulerDatabase`.`Distribution` (`distribution_ID`, `distribution`) VALUES (2, 'Triangular');

COMMIT;

