-- MySQL Script generated by MySQL Workbench
-- Sun Apr 19 19:13:43 2020
-- Model: New Model    Version: 1.0
-- MySQL Workbench Forward Engineering

SET @OLD_UNIQUE_CHECKS=@@UNIQUE_CHECKS, UNIQUE_CHECKS=0;
SET @OLD_FOREIGN_KEY_CHECKS=@@FOREIGN_KEY_CHECKS, FOREIGN_KEY_CHECKS=0;
SET @OLD_SQL_MODE=@@SQL_MODE, SQL_MODE='ONLY_FULL_GROUP_BY,STRICT_TRANS_TABLES,NO_ZERO_IN_DATE,NO_ZERO_DATE,ERROR_FOR_DIVISION_BY_ZERO,NO_ENGINE_SUBSTITUTION';

-- -----------------------------------------------------
-- Schema ModulerDatabase
-- -----------------------------------------------------
DROP SCHEMA IF EXISTS `ModulerDatabase` ;

-- -----------------------------------------------------
-- Schema ModulerDatabase
-- -----------------------------------------------------
CREATE SCHEMA IF NOT EXISTS `ModulerDatabase` DEFAULT CHARACTER SET utf8 ;
USE `ModulerDatabase` ;

-- -----------------------------------------------------
-- Table `ModulerDatabase`.`Staff`
-- -----------------------------------------------------
DROP TABLE IF EXISTS `ModulerDatabase`.`Staff` ;

CREATE TABLE IF NOT EXISTS `ModulerDatabase`.`Staff` (
  `staff_ID` INT NOT NULL,
  `staff_name` VARCHAR(45) NOT NULL,
  `staff_email` VARCHAR(45) NULL,
  PRIMARY KEY (`staff_ID`),
  UNIQUE INDEX `ID_UNIQUE` (`staff_ID` ASC) VISIBLE)
ENGINE = InnoDB;


-- -----------------------------------------------------
-- Table `ModulerDatabase`.`Courses`
-- -----------------------------------------------------
DROP TABLE IF EXISTS `ModulerDatabase`.`Courses` ;

CREATE TABLE IF NOT EXISTS `ModulerDatabase`.`Courses` (
  `course_ID` INT NOT NULL,
  `course_name` VARCHAR(40) NOT NULL,
  `staff_ID` INT NOT NULL,
  PRIMARY KEY (`course_ID`),
  UNIQUE INDEX `idCourses_UNIQUE` (`course_ID` ASC) VISIBLE,
  UNIQUE INDEX `Name_UNIQUE` (`course_name` ASC) VISIBLE,
  UNIQUE INDEX `Coordinator_UNIQUE` (`staff_ID` ASC) VISIBLE,
  CONSTRAINT `coordinator`
    FOREIGN KEY (`staff_ID`)
    REFERENCES `ModulerDatabase`.`Staff` (`staff_ID`)
    ON DELETE NO ACTION
    ON UPDATE NO ACTION)
ENGINE = InnoDB;


-- -----------------------------------------------------
-- Table `ModulerDatabase`.`Modules`
-- -----------------------------------------------------
DROP TABLE IF EXISTS `ModulerDatabase`.`Modules` ;

CREATE TABLE IF NOT EXISTS `ModulerDatabase`.`Modules` (
  `module_ID` INT NOT NULL,
  `module_code` VARCHAR(15) NOT NULL,
  `course_ID` INT NOT NULL,
  `module_name` VARCHAR(45) NOT NULL,
  `staff_ID` INT NOT NULL,
  `module_credits` INT NOT NULL,
  PRIMARY KEY (`module_ID`),
  UNIQUE INDEX `idModules_UNIQUE` (`module_ID` ASC) VISIBLE,
  UNIQUE INDEX `name_UNIQUE` (`module_name` ASC) VISIBLE,
  INDEX `staff_idx` (`staff_ID` ASC) VISIBLE,
  INDEX `course_idx` (`course_ID` ASC) VISIBLE,
  CONSTRAINT `staff`
    FOREIGN KEY (`staff_ID`)
    REFERENCES `ModulerDatabase`.`Staff` (`staff_ID`)
    ON DELETE NO ACTION
    ON UPDATE NO ACTION,
  CONSTRAINT `course`
    FOREIGN KEY (`course_ID`)
    REFERENCES `ModulerDatabase`.`Courses` (`course_ID`)
    ON DELETE NO ACTION
    ON UPDATE NO ACTION)
ENGINE = InnoDB;


-- -----------------------------------------------------
-- Table `ModulerDatabase`.`Activity_Type`
-- -----------------------------------------------------
DROP TABLE IF EXISTS `ModulerDatabase`.`Activity_Type` ;

CREATE TABLE IF NOT EXISTS `ModulerDatabase`.`Activity_Type` (
  `activity_type_ID` INT NOT NULL,
  `activity_type` VARCHAR(45) NOT NULL,
  PRIMARY KEY (`activity_type_ID`))
ENGINE = InnoDB;


-- -----------------------------------------------------
-- Table `ModulerDatabase`.`Group_Individual`
-- -----------------------------------------------------
DROP TABLE IF EXISTS `ModulerDatabase`.`Group_Individual` ;

CREATE TABLE IF NOT EXISTS `ModulerDatabase`.`Group_Individual` (
  `group_individual_ID` INT NOT NULL,
  `groupind` VARCHAR(45) NULL,
  PRIMARY KEY (`group_individual_ID`))
ENGINE = InnoDB;


-- -----------------------------------------------------
-- Table `ModulerDatabase`.`Activities`
-- -----------------------------------------------------
DROP TABLE IF EXISTS `ModulerDatabase`.`Activities` ;

CREATE TABLE IF NOT EXISTS `ModulerDatabase`.`Activities` (
  `activity_ID` INT NOT NULL,
  `module_ID` INT NOT NULL,
  `activity_name` VARCHAR(100) NOT NULL,
  `activity_description` VARCHAR(225) NULL,
  `activity_type_ID` INT NOT NULL,
  `start_date` DATE NOT NULL,
  `end_date` DATE NOT NULL,
  `hours` DECIMAL NULL,
  `module_value` INT NOT NULL,
  `group_individual` INT NULL,
  `student_hours` INT NULL,
  `submissions` INT NULL,
  `grading` VARCHAR(225) NULL,
  PRIMARY KEY (`activity_ID`),
  UNIQUE INDEX `ID_UNIQUE` (`activity_ID` ASC) VISIBLE,
  INDEX `module_idx` (`module_ID` ASC) VISIBLE,
  INDEX `type_idx` (`activity_type_ID` ASC) VISIBLE,
  INDEX `groupind_idx` (`group_individual` ASC) VISIBLE,
  CONSTRAINT `module`
    FOREIGN KEY (`module_ID`)
    REFERENCES `ModulerDatabase`.`Modules` (`module_ID`)
    ON DELETE NO ACTION
    ON UPDATE NO ACTION,
  CONSTRAINT `type`
    FOREIGN KEY (`activity_type_ID`)
    REFERENCES `ModulerDatabase`.`Activity_Type` (`activity_type_ID`)
    ON DELETE NO ACTION
    ON UPDATE NO ACTION,
  CONSTRAINT `groupind`
    FOREIGN KEY (`group_individual`)
    REFERENCES `ModulerDatabase`.`Group_Individual` (`group_individual_ID`)
    ON DELETE NO ACTION
    ON UPDATE NO ACTION)
ENGINE = InnoDB;


-- -----------------------------------------------------
-- Table `ModulerDatabase`.`Classes`
-- -----------------------------------------------------
DROP TABLE IF EXISTS `ModulerDatabase`.`Classes` ;

CREATE TABLE IF NOT EXISTS `ModulerDatabase`.`Classes` (
  `class_ID` INT NOT NULL,
  `module_ID` INT NULL,
  `activity_type_ID` INT NULL,
  `start_time` TIME NULL,
  `end_time` TIME NULL,
  `class_semester` INT NULL,
  `class_day` INT NULL,
  `class_location` VARCHAR(10) NULL,
  `class_name` VARCHAR(45) NULL,
  `class_description` VARCHAR(225) NULL,
  PRIMARY KEY (`class_ID`))
ENGINE = InnoDB;


-- -----------------------------------------------------
-- Table `ModulerDatabase`.`Students`
-- -----------------------------------------------------
DROP TABLE IF EXISTS `ModulerDatabase`.`Students` ;

CREATE TABLE IF NOT EXISTS `ModulerDatabase`.`Students` (
  `student_ID` INT NOT NULL,
  `student_name` VARCHAR(45) NULL,
  `course_ID` INT NULL,
  `student_email` VARCHAR(45) NULL,
  `student_number` INT NULL,
  PRIMARY KEY (`student_ID`))
ENGINE = InnoDB;


-- -----------------------------------------------------
-- Table `ModulerDatabase`.`Days`
-- -----------------------------------------------------
DROP TABLE IF EXISTS `ModulerDatabase`.`Days` ;

CREATE TABLE IF NOT EXISTS `ModulerDatabase`.`Days` (
  `day_ID` INT NOT NULL,
  `day` VARCHAR(10) NULL,
  PRIMARY KEY (`day_ID`))
ENGINE = InnoDB;


-- -----------------------------------------------------
-- Table `ModulerDatabase`.`Student_Progress`
-- -----------------------------------------------------
DROP TABLE IF EXISTS `ModulerDatabase`.`Student_Progress` ;

CREATE TABLE IF NOT EXISTS `ModulerDatabase`.`Student_Progress` (
  `student_ID` INT NOT NULL,
  `activity_ID` INT NOT NULL,
  `hours` INT NULL,
  PRIMARY KEY (`student_ID`, `activity_ID`),
  INDEX `Activity_idx` (`activity_ID` ASC) VISIBLE,
  CONSTRAINT `Activity`
    FOREIGN KEY (`activity_ID`)
    REFERENCES `ModulerDatabase`.`Activities` (`activity_ID`)
    ON DELETE NO ACTION
    ON UPDATE NO ACTION)
ENGINE = InnoDB;

USE `ModulerDatabase` ;

-- -----------------------------------------------------
-- procedure module_hours_total
-- -----------------------------------------------------

USE `ModulerDatabase`;
DROP procedure IF EXISTS `ModulerDatabase`.`module_hours_total`;

DELIMITER $$
USE `ModulerDatabase`$$
CREATE PROCEDURE `module_hours_total` ( IN ID INT)
BEGIN
	SELECT module_ID, SUM(hours) Total_Hours
    FROM Activities 
    WHERE module_ID = ID;
END$$

DELIMITER ;

-- -----------------------------------------------------
-- procedure course_hours_total
-- -----------------------------------------------------

USE `ModulerDatabase`;
DROP procedure IF EXISTS `ModulerDatabase`.`course_hours_total`;

DELIMITER $$
USE `ModulerDatabase`$$
CREATE PROCEDURE `course_hours_total` (IN ID INT)
BEGIN
	SELECT module_ID, SUM(hours) hours
    FROM Activities 
    WHERE module_ID in (
		SELECT module_ID FROM Modules WHERE course_ID = ID
	)
    GROUP BY module_ID
    ORDER BY hours DESC;
END$$

DELIMITER ;

-- -----------------------------------------------------
-- procedure module_hours_activity
-- -----------------------------------------------------

USE `ModulerDatabase`;
DROP procedure IF EXISTS `ModulerDatabase`.`module_hours_activity`;

DELIMITER $$
USE `ModulerDatabase`$$
CREATE PROCEDURE `module_hours_activity` (IN ID INT)
BEGIN
	SELECT activity_type , SUM(hours) hours
	FROM Activities
    WHERE module_ID = ID
    GROUP BY activity_type
    ORDER BY hours DESC;
END$$

DELIMITER ;

SET SQL_MODE=@OLD_SQL_MODE;
SET FOREIGN_KEY_CHECKS=@OLD_FOREIGN_KEY_CHECKS;
SET UNIQUE_CHECKS=@OLD_UNIQUE_CHECKS;

-- -----------------------------------------------------
-- Data for table `ModulerDatabase`.`Staff`
-- -----------------------------------------------------
START TRANSACTION;
USE `ModulerDatabase`;
INSERT INTO `ModulerDatabase`.`Staff` (`staff_ID`, `staff_name`, `staff_email`) VALUES (11, 'Joe', 'joe@joe.com');
INSERT INTO `ModulerDatabase`.`Staff` (`staff_ID`, `staff_name`, `staff_email`) VALUES (1, 'Mary Sharp', NULL);
INSERT INTO `ModulerDatabase`.`Staff` (`staff_ID`, `staff_name`, `staff_email`) VALUES (2, 'Robbie Fryers', NULL);
INSERT INTO `ModulerDatabase`.`Staff` (`staff_ID`, `staff_name`, `staff_email`) VALUES (3, 'Rocco Lupoi', NULL);
INSERT INTO `ModulerDatabase`.`Staff` (`staff_ID`, `staff_name`, `staff_email`) VALUES (4, 'Gareth Bennett', NULL);
INSERT INTO `ModulerDatabase`.`Staff` (`staff_ID`, `staff_name`, `staff_email`) VALUES (5, 'Dermot O`Dwyer', NULL);
INSERT INTO `ModulerDatabase`.`Staff` (`staff_ID`, `staff_name`, `staff_email`) VALUES (6, 'Naomi Harte', NULL);
INSERT INTO `ModulerDatabase`.`Staff` (`staff_ID`, `staff_name`, `staff_email`) VALUES (7, 'Niall McEvoy', NULL);
INSERT INTO `ModulerDatabase`.`Staff` (`staff_ID`, `staff_name`, `staff_email`) VALUES (8, 'Stefan Hutzler', NULL);
INSERT INTO `ModulerDatabase`.`Staff` (`staff_ID`, `staff_name`, `staff_email`) VALUES (9, 'Richard M. Timony', NULL);
INSERT INTO `ModulerDatabase`.`Staff` (`staff_ID`, `staff_name`, `staff_email`) VALUES (10, 'Alberto Ramos', NULL);

COMMIT;


-- -----------------------------------------------------
-- Data for table `ModulerDatabase`.`Courses`
-- -----------------------------------------------------
START TRANSACTION;
USE `ModulerDatabase`;
INSERT INTO `ModulerDatabase`.`Courses` (`course_ID`, `course_name`, `staff_ID`) VALUES (1, 'Engineering Year I', 1);
INSERT INTO `ModulerDatabase`.`Courses` (`course_ID`, `course_name`, `staff_ID`) VALUES (2, 'Engineering Year2', 2);

COMMIT;


-- -----------------------------------------------------
-- Data for table `ModulerDatabase`.`Modules`
-- -----------------------------------------------------
START TRANSACTION;
USE `ModulerDatabase`;
INSERT INTO `ModulerDatabase`.`Modules` (`module_ID`, `module_code`, `course_ID`, `module_name`, `staff_ID`, `module_credits`) VALUES (1, 'ST1004', 1, 'Introduction to Management Science', 1, 10);
INSERT INTO `ModulerDatabase`.`Modules` (`module_ID`, `module_code`, `course_ID`, `module_name`, `staff_ID`, `module_credits`) VALUES (2, 'ME1M04', 1, 'Introduction to Computing', 2, 5);
INSERT INTO `ModulerDatabase`.`Modules` (`module_ID`, `module_code`, `course_ID`, `module_name`, `staff_ID`, `module_credits`) VALUES (3, 'ME1M01', 1, 'Introduction to Manufacturing', 3, 5);
INSERT INTO `ModulerDatabase`.`Modules` (`module_ID`, `module_code`, `course_ID`, `module_name`, `staff_ID`, `module_credits`) VALUES (4, 'ME1E10', 1, 'Engineering Design II', 4, 10);
INSERT INTO `ModulerDatabase`.`Modules` (`module_ID`, `module_code`, `course_ID`, `module_name`, `staff_ID`, `module_credits`) VALUES (5, 'ME1E07', 1, 'Mechanics', 5, 5);
INSERT INTO `ModulerDatabase`.`Modules` (`module_ID`, `module_code`, `course_ID`, `module_name`, `staff_ID`, `module_credits`) VALUES (6, 'EE1E06', 1, 'Electrical Engineering', 6, 5);
INSERT INTO `ModulerDatabase`.`Modules` (`module_ID`, `module_code`, `course_ID`, `module_name`, `staff_ID`, `module_credits`) VALUES (7, 'CH1E05', 1, 'Chemistry', 7, 5);
INSERT INTO `ModulerDatabase`.`Modules` (`module_ID`, `module_code`, `course_ID`, `module_name`, `staff_ID`, `module_credits`) VALUES (8, 'PY1E04', 1, 'Physics', 8, 5);
INSERT INTO `ModulerDatabase`.`Modules` (`module_ID`, `module_code`, `course_ID`, `module_name`, `staff_ID`, `module_credits`) VALUES (9, 'MA1E02', 1, 'Engineering Maths II', 9, 5);
INSERT INTO `ModulerDatabase`.`Modules` (`module_ID`, `module_code`, `course_ID`, `module_name`, `staff_ID`, `module_credits`) VALUES (10, 'MA1E01', 1, 'Engineering Maths 1', 10, 5);
INSERT INTO `ModulerDatabase`.`Modules` (`module_ID`, `module_code`, `course_ID`, `module_name`, `staff_ID`, `module_credits`) VALUES (11, 'ME1E11', 1, 'Experimental Methods', 1, 5);
INSERT INTO `ModulerDatabase`.`Modules` (`module_ID`, `module_code`, `course_ID`, `module_name`, `staff_ID`, `module_credits`) VALUES (12, 'ME1E08', 1, 'Introduction to Professional Engineering', 1, 5);
INSERT INTO `ModulerDatabase`.`Modules` (`module_ID`, `module_code`, `course_ID`, `module_name`, `staff_ID`, `module_credits`) VALUES (13, 'CS1E03', 1, 'Computer Engineering I', 1, 5);
INSERT INTO `ModulerDatabase`.`Modules` (`module_ID`, `module_code`, `course_ID`, `module_name`, `staff_ID`, `module_credits`) VALUES (14, 'ME1E09', 1, 'Engineering Design I', 1, 5);

COMMIT;


-- -----------------------------------------------------
-- Data for table `ModulerDatabase`.`Activity_Type`
-- -----------------------------------------------------
START TRANSACTION;
USE `ModulerDatabase`;
INSERT INTO `ModulerDatabase`.`Activity_Type` (`activity_type_ID`, `activity_type`) VALUES (1, 'Examination');
INSERT INTO `ModulerDatabase`.`Activity_Type` (`activity_type_ID`, `activity_type`) VALUES (2, 'MCQ');
INSERT INTO `ModulerDatabase`.`Activity_Type` (`activity_type_ID`, `activity_type`) VALUES (3, 'Report');
INSERT INTO `ModulerDatabase`.`Activity_Type` (`activity_type_ID`, `activity_type`) VALUES (4, 'Homework Question');
INSERT INTO `ModulerDatabase`.`Activity_Type` (`activity_type_ID`, `activity_type`) VALUES (5, 'Performance');
INSERT INTO `ModulerDatabase`.`Activity_Type` (`activity_type_ID`, `activity_type`) VALUES (6, 'Software');
INSERT INTO `ModulerDatabase`.`Activity_Type` (`activity_type_ID`, `activity_type`) VALUES (7, 'Presentation');
INSERT INTO `ModulerDatabase`.`Activity_Type` (`activity_type_ID`, `activity_type`) VALUES (8, 'Other');
INSERT INTO `ModulerDatabase`.`Activity_Type` (`activity_type_ID`, `activity_type`) VALUES (9, 'Artefact');
INSERT INTO `ModulerDatabase`.`Activity_Type` (`activity_type_ID`, `activity_type`) VALUES (10, 'Lab Report');
INSERT INTO `ModulerDatabase`.`Activity_Type` (`activity_type_ID`, `activity_type`) VALUES (11, 'Poster');
INSERT INTO `ModulerDatabase`.`Activity_Type` (`activity_type_ID`, `activity_type`) VALUES (12, 'Simulation');
INSERT INTO `ModulerDatabase`.`Activity_Type` (`activity_type_ID`, `activity_type`) VALUES (13, 'Lecture');
INSERT INTO `ModulerDatabase`.`Activity_Type` (`activity_type_ID`, `activity_type`) VALUES (14, 'Tutorial');
INSERT INTO `ModulerDatabase`.`Activity_Type` (`activity_type_ID`, `activity_type`) VALUES (15, 'Laboratory');
INSERT INTO `ModulerDatabase`.`Activity_Type` (`activity_type_ID`, `activity_type`) VALUES (16, 'Self-Directed Study');

COMMIT;


-- -----------------------------------------------------
-- Data for table `ModulerDatabase`.`Group_Individual`
-- -----------------------------------------------------
START TRANSACTION;
USE `ModulerDatabase`;
INSERT INTO `ModulerDatabase`.`Group_Individual` (`group_individual_ID`, `groupind`) VALUES (1, 'individual');
INSERT INTO `ModulerDatabase`.`Group_Individual` (`group_individual_ID`, `groupind`) VALUES (2, 'group');

COMMIT;


-- -----------------------------------------------------
-- Data for table `ModulerDatabase`.`Activities`
-- -----------------------------------------------------
START TRANSACTION;
USE `ModulerDatabase`;
INSERT INTO `ModulerDatabase`.`Activities` (`activity_ID`, `module_ID`, `activity_name`, `activity_description`, `activity_type_ID`, `start_date`, `end_date`, `hours`, `module_value`, `group_individual`, `student_hours`, `submissions`, `grading`) VALUES (1, 1, 'In class test', 'NULL', 2, '2018-10-23', '2018-10-23', 2, 10, 1, NULL, NULL, NULL);
INSERT INTO `ModulerDatabase`.`Activities` (`activity_ID`, `module_ID`, `activity_name`, `activity_description`, `activity_type_ID`, `start_date`, `end_date`, `hours`, `module_value`, `group_individual`, `student_hours`, `submissions`, `grading`) VALUES (2, 1, 'In class test', 'NULL', 2, '2018-11-21', '2018-11-21', 2, 10, 1, NULL, NULL, NULL);
INSERT INTO `ModulerDatabase`.`Activities` (`activity_ID`, `module_ID`, `activity_name`, `activity_description`, `activity_type_ID`, `start_date`, `end_date`, `hours`, `module_value`, `group_individual`, `student_hours`, `submissions`, `grading`) VALUES (3, 1, 'Final Exam', 'NULL', 1, '2019-05-03', '2019-05-03', 2, 80, 1, NULL, NULL, NULL);
INSERT INTO `ModulerDatabase`.`Activities` (`activity_ID`, `module_ID`, `activity_name`, `activity_description`, `activity_type_ID`, `start_date`, `end_date`, `hours`, `module_value`, `group_individual`, `student_hours`, `submissions`, `grading`) VALUES (4, 2, 'Software Assignment', 'NULL', 4, '2019-02-04', '2019-02-11', 2, 4.3, 1, NULL, NULL, NULL);
INSERT INTO `ModulerDatabase`.`Activities` (`activity_ID`, `module_ID`, `activity_name`, `activity_description`, `activity_type_ID`, `start_date`, `end_date`, `hours`, `module_value`, `group_individual`, `student_hours`, `submissions`, `grading`) VALUES (5, 2, 'Software Assignment', 'NULL', 4, '2019-02-12', '2019-02-19', 2, 4.3, 1, NULL, NULL, NULL);
INSERT INTO `ModulerDatabase`.`Activities` (`activity_ID`, `module_ID`, `activity_name`, `activity_description`, `activity_type_ID`, `start_date`, `end_date`, `hours`, `module_value`, `group_individual`, `student_hours`, `submissions`, `grading`) VALUES (6, 2, 'Software Assignment', 'NULL', 4, '2019-02-21', '2019-02-28', 2, 4.3, 1, NULL, NULL, NULL);
INSERT INTO `ModulerDatabase`.`Activities` (`activity_ID`, `module_ID`, `activity_name`, `activity_description`, `activity_type_ID`, `start_date`, `end_date`, `hours`, `module_value`, `group_individual`, `student_hours`, `submissions`, `grading`) VALUES (7, 2, 'Software Assignment', 'NULL', 4, '2019-03-01', '2019-03-08', 2, 4.3, 1, NULL, NULL, NULL);
INSERT INTO `ModulerDatabase`.`Activities` (`activity_ID`, `module_ID`, `activity_name`, `activity_description`, `activity_type_ID`, `start_date`, `end_date`, `hours`, `module_value`, `group_individual`, `student_hours`, `submissions`, `grading`) VALUES (8, 2, 'Software Assignment', 'NULL', 4, '2019-03-05', '2019-03-19', 3, 4.3, 1, NULL, NULL, NULL);
INSERT INTO `ModulerDatabase`.`Activities` (`activity_ID`, `module_ID`, `activity_name`, `activity_description`, `activity_type_ID`, `start_date`, `end_date`, `hours`, `module_value`, `group_individual`, `student_hours`, `submissions`, `grading`) VALUES (9, 2, 'Software Assignment', 'NULL', 4, '2019-03-18', '2019-03-25', 3, 4.3, 1, NULL, NULL, NULL);
INSERT INTO `ModulerDatabase`.`Activities` (`activity_ID`, `module_ID`, `activity_name`, `activity_description`, `activity_type_ID`, `start_date`, `end_date`, `hours`, `module_value`, `group_individual`, `student_hours`, `submissions`, `grading`) VALUES (10, 2, 'Software Assignment', 'NULL', 4, '2019-03-29', '2019-03-29', 3, 4.3, 1, NULL, NULL, NULL);
INSERT INTO `ModulerDatabase`.`Activities` (`activity_ID`, `module_ID`, `activity_name`, `activity_description`, `activity_type_ID`, `start_date`, `end_date`, `hours`, `module_value`, `group_individual`, `student_hours`, `submissions`, `grading`) VALUES (11, 2, 'Final Assignment', 'NULL', 6, '2019-04-02', '2019-04-02', 20, 60, 1, NULL, NULL, NULL);
INSERT INTO `ModulerDatabase`.`Activities` (`activity_ID`, `module_ID`, `activity_name`, `activity_description`, `activity_type_ID`, `start_date`, `end_date`, `hours`, `module_value`, `group_individual`, `student_hours`, `submissions`, `grading`) VALUES (12, 2, 'Attendance', 'NULL', 5, '2019-01-30', '2019-04-10', 0, 10, 1, NULL, NULL, NULL);
INSERT INTO `ModulerDatabase`.`Activities` (`activity_ID`, `module_ID`, `activity_name`, `activity_description`, `activity_type_ID`, `start_date`, `end_date`, `hours`, `module_value`, `group_individual`, `student_hours`, `submissions`, `grading`) VALUES (13, 3, 'Final Exam', 'NULL', 1, '2018-12-14', '2018-12-14', 2, 2, 1, NULL, NULL, NULL);
INSERT INTO `ModulerDatabase`.`Activities` (`activity_ID`, `module_ID`, `activity_name`, `activity_description`, `activity_type_ID`, `start_date`, `end_date`, `hours`, `module_value`, `group_individual`, `student_hours`, `submissions`, `grading`) VALUES (14, 3, 'Technical Drawing Test', 'NULL', 1, '2018-10-23', '2018-10-23', 2, 1, 1, NULL, NULL, NULL);
INSERT INTO `ModulerDatabase`.`Activities` (`activity_ID`, `module_ID`, `activity_name`, `activity_description`, `activity_type_ID`, `start_date`, `end_date`, `hours`, `module_value`, `group_individual`, `student_hours`, `submissions`, `grading`) VALUES (15, 3, 'Report', 'NULL', 3, '2018-11-09', '2018-12-07', 10, 8, 2, NULL, NULL, NULL);
INSERT INTO `ModulerDatabase`.`Activities` (`activity_ID`, `module_ID`, `activity_name`, `activity_description`, `activity_type_ID`, `start_date`, `end_date`, `hours`, `module_value`, `group_individual`, `student_hours`, `submissions`, `grading`) VALUES (16, 3, 'Presentation', 'NULL', 7, '2018-11-07', '2018-12-05', 10, 2, 2, NULL, NULL, NULL);
INSERT INTO `ModulerDatabase`.`Activities` (`activity_ID`, `module_ID`, `activity_name`, `activity_description`, `activity_type_ID`, `start_date`, `end_date`, `hours`, `module_value`, `group_individual`, `student_hours`, `submissions`, `grading`) VALUES (17, 4, 'Mechanics Report', 'NULL', 3, '2018-09-21', '2018-10-05', 2, 10, 1, NULL, NULL, NULL);
INSERT INTO `ModulerDatabase`.`Activities` (`activity_ID`, `module_ID`, `activity_name`, `activity_description`, `activity_type_ID`, `start_date`, `end_date`, `hours`, `module_value`, `group_individual`, `student_hours`, `submissions`, `grading`) VALUES (18, 4, 'Mechanics Report', 'NULL', 3, '2018-09-27', '2018-10-11', 2, 10, 1, NULL, NULL, NULL);
INSERT INTO `ModulerDatabase`.`Activities` (`activity_ID`, `module_ID`, `activity_name`, `activity_description`, `activity_type_ID`, `start_date`, `end_date`, `hours`, `module_value`, `group_individual`, `student_hours`, `submissions`, `grading`) VALUES (19, 4, 'Civil Lab Report', 'NULL', 10, '2018-10-01', '2018-10-15', 2, 10, 1, NULL, NULL, NULL);
INSERT INTO `ModulerDatabase`.`Activities` (`activity_ID`, `module_ID`, `activity_name`, `activity_description`, `activity_type_ID`, `start_date`, `end_date`, `hours`, `module_value`, `group_individual`, `student_hours`, `submissions`, `grading`) VALUES (20, 4, 'Civil Lab Report', 'NULL', 10, '2018-10-10', '2018-10-24', 2, 10, 1, NULL, NULL, NULL);
INSERT INTO `ModulerDatabase`.`Activities` (`activity_ID`, `module_ID`, `activity_name`, `activity_description`, `activity_type_ID`, `start_date`, `end_date`, `hours`, `module_value`, `group_individual`, `student_hours`, `submissions`, `grading`) VALUES (21, 4, 'Software Assignment', 'NULL', 6, '2018-10-18', '2018-11-08', 1.5, 15, 2, NULL, NULL, NULL);
INSERT INTO `ModulerDatabase`.`Activities` (`activity_ID`, `module_ID`, `activity_name`, `activity_description`, `activity_type_ID`, `start_date`, `end_date`, `hours`, `module_value`, `group_individual`, `student_hours`, `submissions`, `grading`) VALUES (22, 4, 'Hardware Assignment', 'NULL', 9, '2018-11-05', '2018-11-19', 0.5, 15, 2, NULL, NULL, NULL);
INSERT INTO `ModulerDatabase`.`Activities` (`activity_ID`, `module_ID`, `activity_name`, `activity_description`, `activity_type_ID`, `start_date`, `end_date`, `hours`, `module_value`, `group_individual`, `student_hours`, `submissions`, `grading`) VALUES (23, 4, 'Hardware Assignment', 'NULL', 10, '2018-11-12', '2018-11-26', 2, 10, 1, NULL, NULL, NULL);
INSERT INTO `ModulerDatabase`.`Activities` (`activity_ID`, `module_ID`, `activity_name`, `activity_description`, `activity_type_ID`, `start_date`, `end_date`, `hours`, `module_value`, `group_individual`, `student_hours`, `submissions`, `grading`) VALUES (24, 4, 'Mechanics Test', 'NULL', 2, '2018-10-22', '2018-10-22', 1, 10, 1, NULL, NULL, NULL);
INSERT INTO `ModulerDatabase`.`Activities` (`activity_ID`, `module_ID`, `activity_name`, `activity_description`, `activity_type_ID`, `start_date`, `end_date`, `hours`, `module_value`, `group_individual`, `student_hours`, `submissions`, `grading`) VALUES (25, 4, 'Electronics Test', 'NULL', 2, '2018-11-29', '2018-11-29', 1, 10, 1, NULL, NULL, NULL);
INSERT INTO `ModulerDatabase`.`Activities` (`activity_ID`, `module_ID`, `activity_name`, `activity_description`, `activity_type_ID`, `start_date`, `end_date`, `hours`, `module_value`, `group_individual`, `student_hours`, `submissions`, `grading`) VALUES (26, 4, 'Mangonel Design & Test', 'NULL', 12, '2018-11-13', '2018-12-04', 1, 0, 2, NULL, NULL, NULL);
INSERT INTO `ModulerDatabase`.`Activities` (`activity_ID`, `module_ID`, `activity_name`, `activity_description`, `activity_type_ID`, `start_date`, `end_date`, `hours`, `module_value`, `group_individual`, `student_hours`, `submissions`, `grading`) VALUES (27, 4, 'Mangonel Assembly', 'NULL', 8, '2018-11-16', '2018-11-16', 1, 0, 2, NULL, NULL, NULL);
INSERT INTO `ModulerDatabase`.`Activities` (`activity_ID`, `module_ID`, `activity_name`, `activity_description`, `activity_type_ID`, `start_date`, `end_date`, `hours`, `module_value`, `group_individual`, `student_hours`, `submissions`, `grading`) VALUES (28, 5, 'Final Exam', 'NULL', 1, '2019-05-02', '2019-05-02', 2, 80, 1, NULL, NULL, NULL);
INSERT INTO `ModulerDatabase`.`Activities` (`activity_ID`, `module_ID`, `activity_name`, `activity_description`, `activity_type_ID`, `start_date`, `end_date`, `hours`, `module_value`, `group_individual`, `student_hours`, `submissions`, `grading`) VALUES (29, 5, 'Model Bridge Lab', 'NULL', 3, '2019-02-11', '2019-02-25', 5, 5, 1, NULL, NULL, NULL);
INSERT INTO `ModulerDatabase`.`Activities` (`activity_ID`, `module_ID`, `activity_name`, `activity_description`, `activity_type_ID`, `start_date`, `end_date`, `hours`, `module_value`, `group_individual`, `student_hours`, `submissions`, `grading`) VALUES (30, 5, 'Inertia Lab', 'NULL', 3, '2019-03-01', '2019-03-22', 6, 5, 1, NULL, NULL, NULL);
INSERT INTO `ModulerDatabase`.`Activities` (`activity_ID`, `module_ID`, `activity_name`, `activity_description`, `activity_type_ID`, `start_date`, `end_date`, `hours`, `module_value`, `group_individual`, `student_hours`, `submissions`, `grading`) VALUES (31, 5, 'Class Test', 'NULL', 2, '2019-04-23', '2019-04-23', 2, 10, 1, NULL, NULL, NULL);
INSERT INTO `ModulerDatabase`.`Activities` (`activity_ID`, `module_ID`, `activity_name`, `activity_description`, `activity_type_ID`, `start_date`, `end_date`, `hours`, `module_value`, `group_individual`, `student_hours`, `submissions`, `grading`) VALUES (32, 6, 'Building Security Systems Lab', 'NULL', 3, '2019-02-18', '2019-02-25', 3, 5, 1, NULL, NULL, NULL);
INSERT INTO `ModulerDatabase`.`Activities` (`activity_ID`, `module_ID`, `activity_name`, `activity_description`, `activity_type_ID`, `start_date`, `end_date`, `hours`, `module_value`, `group_individual`, `student_hours`, `submissions`, `grading`) VALUES (33, 6, 'DC Circuit Theory Lab', 'NULL', 3, '2019-02-05', '2019-02-12', 3, 5, 1, NULL, NULL, NULL);
INSERT INTO `ModulerDatabase`.`Activities` (`activity_ID`, `module_ID`, `activity_name`, `activity_description`, `activity_type_ID`, `start_date`, `end_date`, `hours`, `module_value`, `group_individual`, `student_hours`, `submissions`, `grading`) VALUES (34, 6, 'Class Test 1', 'NULL', 2, '2019-03-08', '2019-03-08', 2, 5, 1, NULL, NULL, NULL);
INSERT INTO `ModulerDatabase`.`Activities` (`activity_ID`, `module_ID`, `activity_name`, `activity_description`, `activity_type_ID`, `start_date`, `end_date`, `hours`, `module_value`, `group_individual`, `student_hours`, `submissions`, `grading`) VALUES (35, 6, 'Class Test 2', 'NULL', 2, '2019-04-19', '2019-04-19', 3, 5, 1, NULL, NULL, NULL);
INSERT INTO `ModulerDatabase`.`Activities` (`activity_ID`, `module_ID`, `activity_name`, `activity_description`, `activity_type_ID`, `start_date`, `end_date`, `hours`, `module_value`, `group_individual`, `student_hours`, `submissions`, `grading`) VALUES (36, 6, 'Final Exam', 'NULL', 1, '2019-05-01', '2019-05-01', 2, 80, 1, NULL, NULL, NULL);
INSERT INTO `ModulerDatabase`.`Activities` (`activity_ID`, `module_ID`, `activity_name`, `activity_description`, `activity_type_ID`, `start_date`, `end_date`, `hours`, `module_value`, `group_individual`, `student_hours`, `submissions`, `grading`) VALUES (37, 7, 'Exam', 'NULL', 1, '2018-12-18', '2018-12-18', 2, 80, 1, NULL, NULL, NULL);
INSERT INTO `ModulerDatabase`.`Activities` (`activity_ID`, `module_ID`, `activity_name`, `activity_description`, `activity_type_ID`, `start_date`, `end_date`, `hours`, `module_value`, `group_individual`, `student_hours`, `submissions`, `grading`) VALUES (38, 7, 'Acids & Bases Lab', 'NULL', 3, '2018-09-28', '2018-10-12', 3, 5, 2, NULL, NULL, NULL);
INSERT INTO `ModulerDatabase`.`Activities` (`activity_ID`, `module_ID`, `activity_name`, `activity_description`, `activity_type_ID`, `start_date`, `end_date`, `hours`, `module_value`, `group_individual`, `student_hours`, `submissions`, `grading`) VALUES (39, 7, 'Spectrometry Lab', 'NULL', 3, '2018-10-22', '2018-11-05', 3, 5, 2, NULL, NULL, NULL);
INSERT INTO `ModulerDatabase`.`Activities` (`activity_ID`, `module_ID`, `activity_name`, `activity_description`, `activity_type_ID`, `start_date`, `end_date`, `hours`, `module_value`, `group_individual`, `student_hours`, `submissions`, `grading`) VALUES (40, 7, 'Crystal Structures Lab', 'NULL', 3, '2018-11-07', '2018-11-21', 3, 5, 2, NULL, NULL, NULL);
INSERT INTO `ModulerDatabase`.`Activities` (`activity_ID`, `module_ID`, `activity_name`, `activity_description`, `activity_type_ID`, `start_date`, `end_date`, `hours`, `module_value`, `group_individual`, `student_hours`, `submissions`, `grading`) VALUES (41, 7, 'Thermochemistry Lab', 'NULL', 3, '2018-11-19', '2018-12-03', 3, 5, 2, NULL, NULL, NULL);
INSERT INTO `ModulerDatabase`.`Activities` (`activity_ID`, `module_ID`, `activity_name`, `activity_description`, `activity_type_ID`, `start_date`, `end_date`, `hours`, `module_value`, `group_individual`, `student_hours`, `submissions`, `grading`) VALUES (42, 8, 'Exam', 'NULL', 3, '2019-05-02', '2019-05-02', 2, 60, 1, NULL, NULL, NULL);
INSERT INTO `ModulerDatabase`.`Activities` (`activity_ID`, `module_ID`, `activity_name`, `activity_description`, `activity_type_ID`, `start_date`, `end_date`, `hours`, `module_value`, `group_individual`, `student_hours`, `submissions`, `grading`) VALUES (43, 8, 'Oscillations & Waves Lab', 'NULL', 3, '2019-02-04', '2019-02-18', 4, 8, 1, NULL, NULL, NULL);
INSERT INTO `ModulerDatabase`.`Activities` (`activity_ID`, `module_ID`, `activity_name`, `activity_description`, `activity_type_ID`, `start_date`, `end_date`, `hours`, `module_value`, `group_individual`, `student_hours`, `submissions`, `grading`) VALUES (44, 8, 'Pendulum Lab', 'NULL', 3, '2019-02-22', '2019-03-08', 4, 8, 1, NULL, NULL, NULL);
INSERT INTO `ModulerDatabase`.`Activities` (`activity_ID`, `module_ID`, `activity_name`, `activity_description`, `activity_type_ID`, `start_date`, `end_date`, `hours`, `module_value`, `group_individual`, `student_hours`, `submissions`, `grading`) VALUES (45, 8, 'Leslies Cube Lab', 'NULL', 3, '2019-03-08', '2019-03-22', 4, 8, 1, NULL, NULL, NULL);
INSERT INTO `ModulerDatabase`.`Activities` (`activity_ID`, `module_ID`, `activity_name`, `activity_description`, `activity_type_ID`, `start_date`, `end_date`, `hours`, `module_value`, `group_individual`, `student_hours`, `submissions`, `grading`) VALUES (46, 8, 'Momentum Lab', 'NULL', 3, '2019-03-21', '2019-04-04', 4, 8, 1, NULL, NULL, NULL);
INSERT INTO `ModulerDatabase`.`Activities` (`activity_ID`, `module_ID`, `activity_name`, `activity_description`, `activity_type_ID`, `start_date`, `end_date`, `hours`, `module_value`, `group_individual`, `student_hours`, `submissions`, `grading`) VALUES (47, 8, 'Resistance Lab', 'NULL', 3, '2019-04-05', '2019-04-19', 4, 8, 1, NULL, NULL, NULL);
INSERT INTO `ModulerDatabase`.`Activities` (`activity_ID`, `module_ID`, `activity_name`, `activity_description`, `activity_type_ID`, `start_date`, `end_date`, `hours`, `module_value`, `group_individual`, `student_hours`, `submissions`, `grading`) VALUES (48, 9, 'Exam', 'NULL', 1, '2019-04-29', '2019-04-29', 2, 80, 1, NULL, NULL, NULL);
INSERT INTO `ModulerDatabase`.`Activities` (`activity_ID`, `module_ID`, `activity_name`, `activity_description`, `activity_type_ID`, `start_date`, `end_date`, `hours`, `module_value`, `group_individual`, `student_hours`, `submissions`, `grading`) VALUES (49, 9, 'Assignment 1', 'NULL', 4, '2019-01-28', '2019-02-04', 2, 2.22, 1, NULL, NULL, NULL);
INSERT INTO `ModulerDatabase`.`Activities` (`activity_ID`, `module_ID`, `activity_name`, `activity_description`, `activity_type_ID`, `start_date`, `end_date`, `hours`, `module_value`, `group_individual`, `student_hours`, `submissions`, `grading`) VALUES (50, 9, 'Assignment 2', 'NULL', 4, '2019-02-07', '2019-02-14', 2, 2.22, 1, NULL, NULL, NULL);
INSERT INTO `ModulerDatabase`.`Activities` (`activity_ID`, `module_ID`, `activity_name`, `activity_description`, `activity_type_ID`, `start_date`, `end_date`, `hours`, `module_value`, `group_individual`, `student_hours`, `submissions`, `grading`) VALUES (51, 9, 'Assignment 3', 'NULL', 4, '2019-02-13', '2019-02-20', 2, 2.22, 1, NULL, NULL, NULL);
INSERT INTO `ModulerDatabase`.`Activities` (`activity_ID`, `module_ID`, `activity_name`, `activity_description`, `activity_type_ID`, `start_date`, `end_date`, `hours`, `module_value`, `group_individual`, `student_hours`, `submissions`, `grading`) VALUES (52, 9, 'Assignment 4', 'NULL', 4, '2019-02-22', '2019-03-01', 2, 2.22, 1, NULL, NULL, NULL);
INSERT INTO `ModulerDatabase`.`Activities` (`activity_ID`, `module_ID`, `activity_name`, `activity_description`, `activity_type_ID`, `start_date`, `end_date`, `hours`, `module_value`, `group_individual`, `student_hours`, `submissions`, `grading`) VALUES (53, 9, 'Assignment 5', 'NULL', 4, '2019-02-27', '2019-03-06', 2, 2.22, 1, NULL, NULL, NULL);
INSERT INTO `ModulerDatabase`.`Activities` (`activity_ID`, `module_ID`, `activity_name`, `activity_description`, `activity_type_ID`, `start_date`, `end_date`, `hours`, `module_value`, `group_individual`, `student_hours`, `submissions`, `grading`) VALUES (54, 9, 'Assignment 6', 'NULL', 4, '2019-03-08', '2019-03-22', 2, 2.22, 1, NULL, NULL, NULL);
INSERT INTO `ModulerDatabase`.`Activities` (`activity_ID`, `module_ID`, `activity_name`, `activity_description`, `activity_type_ID`, `start_date`, `end_date`, `hours`, `module_value`, `group_individual`, `student_hours`, `submissions`, `grading`) VALUES (55, 9, 'Assignment 7', 'NULL', 4, '2019-03-20', '2019-03-27', 2, 2.22, 1, NULL, NULL, NULL);
INSERT INTO `ModulerDatabase`.`Activities` (`activity_ID`, `module_ID`, `activity_name`, `activity_description`, `activity_type_ID`, `start_date`, `end_date`, `hours`, `module_value`, `group_individual`, `student_hours`, `submissions`, `grading`) VALUES (56, 9, 'Assignment 8', 'NULL', 4, '2019-03-29', '2019-04-05', 2, 2.22, 1, NULL, NULL, NULL);
INSERT INTO `ModulerDatabase`.`Activities` (`activity_ID`, `module_ID`, `activity_name`, `activity_description`, `activity_type_ID`, `start_date`, `end_date`, `hours`, `module_value`, `group_individual`, `student_hours`, `submissions`, `grading`) VALUES (57, 9, 'Assignment 9', 'NULL', 4, '2019-04-04', '2019-04-11', 2, 2.22, 1, NULL, NULL, NULL);
INSERT INTO `ModulerDatabase`.`Activities` (`activity_ID`, `module_ID`, `activity_name`, `activity_description`, `activity_type_ID`, `start_date`, `end_date`, `hours`, `module_value`, `group_individual`, `student_hours`, `submissions`, `grading`) VALUES (58, 10, 'Exam', 'NULL', 1, '2018-12-17', '2018-12-17', 2, 80, 1, NULL, NULL, NULL);
INSERT INTO `ModulerDatabase`.`Activities` (`activity_ID`, `module_ID`, `activity_name`, `activity_description`, `activity_type_ID`, `start_date`, `end_date`, `hours`, `module_value`, `group_individual`, `student_hours`, `submissions`, `grading`) VALUES (59, 10, 'Assignment 1', 'NULL', 4, '2018-09-21', '2018-09-28', 1.5, 1.11, 1, NULL, NULL, NULL);
INSERT INTO `ModulerDatabase`.`Activities` (`activity_ID`, `module_ID`, `activity_name`, `activity_description`, `activity_type_ID`, `start_date`, `end_date`, `hours`, `module_value`, `group_individual`, `student_hours`, `submissions`, `grading`) VALUES (60, 10, 'Assignment 2', 'NULL', 4, '2018-09-28', '2018-10-05', 1.5, 1.11, 1, NULL, NULL, NULL);
INSERT INTO `ModulerDatabase`.`Activities` (`activity_ID`, `module_ID`, `activity_name`, `activity_description`, `activity_type_ID`, `start_date`, `end_date`, `hours`, `module_value`, `group_individual`, `student_hours`, `submissions`, `grading`) VALUES (61, 10, 'Assignment 3', 'NULL', 4, '2018-10-04', '2018-10-11', 1.5, 1.11, 1, NULL, NULL, NULL);
INSERT INTO `ModulerDatabase`.`Activities` (`activity_ID`, `module_ID`, `activity_name`, `activity_description`, `activity_type_ID`, `start_date`, `end_date`, `hours`, `module_value`, `group_individual`, `student_hours`, `submissions`, `grading`) VALUES (62, 10, 'Assignment 4', 'NULL', 4, '2018-10-12', '2018-10-19', 1.5, 1.11, 1, NULL, NULL, NULL);
INSERT INTO `ModulerDatabase`.`Activities` (`activity_ID`, `module_ID`, `activity_name`, `activity_description`, `activity_type_ID`, `start_date`, `end_date`, `hours`, `module_value`, `group_individual`, `student_hours`, `submissions`, `grading`) VALUES (63, 10, 'Assignment 5', 'NULL', 4, '2018-10-17', '2018-10-24', 1.5, 1.11, 1, NULL, NULL, NULL);
INSERT INTO `ModulerDatabase`.`Activities` (`activity_ID`, `module_ID`, `activity_name`, `activity_description`, `activity_type_ID`, `start_date`, `end_date`, `hours`, `module_value`, `group_individual`, `student_hours`, `submissions`, `grading`) VALUES (64, 10, 'Assignment 6', 'NULL', 4, '2018-10-24', '2018-11-07', 1.5, 1.11, 1, NULL, NULL, NULL);
INSERT INTO `ModulerDatabase`.`Activities` (`activity_ID`, `module_ID`, `activity_name`, `activity_description`, `activity_type_ID`, `start_date`, `end_date`, `hours`, `module_value`, `group_individual`, `student_hours`, `submissions`, `grading`) VALUES (65, 10, 'Assignment 7', 'NULL', 4, '2018-11-06', '2018-11-13', 1.5, 1.11, 1, NULL, NULL, NULL);
INSERT INTO `ModulerDatabase`.`Activities` (`activity_ID`, `module_ID`, `activity_name`, `activity_description`, `activity_type_ID`, `start_date`, `end_date`, `hours`, `module_value`, `group_individual`, `student_hours`, `submissions`, `grading`) VALUES (66, 10, 'Assignment 8', 'NULL', 4, '2018-11-12', '2018-11-19', 1.5, 1.11, 1, NULL, NULL, NULL);
INSERT INTO `ModulerDatabase`.`Activities` (`activity_ID`, `module_ID`, `activity_name`, `activity_description`, `activity_type_ID`, `start_date`, `end_date`, `hours`, `module_value`, `group_individual`, `student_hours`, `submissions`, `grading`) VALUES (67, 10, 'Assignment 9', 'NULL', 4, '2018-11-23', '2018-11-30', 1.5, 1.11, 1, NULL, NULL, NULL);
INSERT INTO `ModulerDatabase`.`Activities` (`activity_ID`, `module_ID`, `activity_name`, `activity_description`, `activity_type_ID`, `start_date`, `end_date`, `hours`, `module_value`, `group_individual`, `student_hours`, `submissions`, `grading`) VALUES (68, 10, 'Assignment 10', 'NULL', 4, '2018-11-30', '2018-12-07', 1.5, 0, 1, NULL, NULL, NULL);
INSERT INTO `ModulerDatabase`.`Activities` (`activity_ID`, `module_ID`, `activity_name`, `activity_description`, `activity_type_ID`, `start_date`, `end_date`, `hours`, `module_value`, `group_individual`, `student_hours`, `submissions`, `grading`) VALUES (69, 10, 'Project', 'NULL', 11, '2018-09-21', '2018-12-07', 2, 10, 1, NULL, NULL, NULL);

COMMIT;


-- -----------------------------------------------------
-- Data for table `ModulerDatabase`.`Classes`
-- -----------------------------------------------------
START TRANSACTION;
USE `ModulerDatabase`;
INSERT INTO `ModulerDatabase`.`Classes` (`class_ID`, `module_ID`, `activity_type_ID`, `start_time`, `end_time`, `class_semester`, `class_day`, `class_location`, `class_name`, `class_description`) VALUES (1, 4, 13, '09:00', '10:00', 1, 1, 'HAM3', NULL, NULL);
INSERT INTO `ModulerDatabase`.`Classes` (`class_ID`, `module_ID`, `activity_type_ID`, `start_time`, `end_time`, `class_semester`, `class_day`, `class_location`, `class_name`, `class_description`) VALUES (2, 10, 13, '11:00', '12:00', 1, 1, 'HAM3', NULL, NULL);
INSERT INTO `ModulerDatabase`.`Classes` (`class_ID`, `module_ID`, `activity_type_ID`, `start_time`, `end_time`, `class_semester`, `class_day`, `class_location`, `class_name`, `class_description`) VALUES (3, 12, 13, '13:00', '14:00', 1, 1, 'HAM4', NULL, NULL);
INSERT INTO `ModulerDatabase`.`Classes` (`class_ID`, `module_ID`, `activity_type_ID`, `start_time`, `end_time`, `class_semester`, `class_day`, `class_location`, `class_name`, `class_description`) VALUES (4, 11, 13, '17:00', '18:00', 1, 1, '2043', NULL, NULL);
INSERT INTO `ModulerDatabase`.`Classes` (`class_ID`, `module_ID`, `activity_type_ID`, `start_time`, `end_time`, `class_semester`, `class_day`, `class_location`, `class_name`, `class_description`) VALUES (5, 7, 13, '10:00', '11:00', 1, 2, 'HAM3', NULL, NULL);
INSERT INTO `ModulerDatabase`.`Classes` (`class_ID`, `module_ID`, `activity_type_ID`, `start_time`, `end_time`, `class_semester`, `class_day`, `class_location`, `class_name`, `class_description`) VALUES (6, 10, 13, '11:00', '12:00', 1, 2, 'HAM3', NULL, NULL);
INSERT INTO `ModulerDatabase`.`Classes` (`class_ID`, `module_ID`, `activity_type_ID`, `start_time`, `end_time`, `class_semester`, `class_day`, `class_location`, `class_name`, `class_description`) VALUES (7, 11, 13, '13:00', '14:00', 1, 2, 'HAM3', NULL, NULL);
INSERT INTO `ModulerDatabase`.`Classes` (`class_ID`, `module_ID`, `activity_type_ID`, `start_time`, `end_time`, `class_semester`, `class_day`, `class_location`, `class_name`, `class_description`) VALUES (8, 12, 13, '13:00', '14:00', 1, 3, 'GOLDHALL', NULL, NULL);
INSERT INTO `ModulerDatabase`.`Classes` (`class_ID`, `module_ID`, `activity_type_ID`, `start_time`, `end_time`, `class_semester`, `class_day`, `class_location`, `class_name`, `class_description`) VALUES (9, 7, 13, '17:00', '18:00', 1, 3, 'HAM3', NULL, NULL);
INSERT INTO `ModulerDatabase`.`Classes` (`class_ID`, `module_ID`, `activity_type_ID`, `start_time`, `end_time`, `class_semester`, `class_day`, `class_location`, `class_name`, `class_description`) VALUES (10, 11, 13, '09:00', '10:00', 1, 4, '2039', NULL, NULL);
INSERT INTO `ModulerDatabase`.`Classes` (`class_ID`, `module_ID`, `activity_type_ID`, `start_time`, `end_time`, `class_semester`, `class_day`, `class_location`, `class_name`, `class_description`) VALUES (11, 7, 13, '10:00', '11:00', 1, 4, 'HAM3', NULL, NULL);
INSERT INTO `ModulerDatabase`.`Classes` (`class_ID`, `module_ID`, `activity_type_ID`, `start_time`, `end_time`, `class_semester`, `class_day`, `class_location`, `class_name`, `class_description`) VALUES (12, 10, 13, '11:00', '12:00', 1, 4, 'HAM3', NULL, NULL);
INSERT INTO `ModulerDatabase`.`Classes` (`class_ID`, `module_ID`, `activity_type_ID`, `start_time`, `end_time`, `class_semester`, `class_day`, `class_location`, `class_name`, `class_description`) VALUES (13, 12, 13, '16:00', '17:00', 1, 4, 'HAM3', NULL, NULL);
INSERT INTO `ModulerDatabase`.`Classes` (`class_ID`, `module_ID`, `activity_type_ID`, `start_time`, `end_time`, `class_semester`, `class_day`, `class_location`, `class_name`, `class_description`) VALUES (14, 12, 13, '13:00', '14:00', 1, 5, '2039', NULL, NULL);
INSERT INTO `ModulerDatabase`.`Classes` (`class_ID`, `module_ID`, `activity_type_ID`, `start_time`, `end_time`, `class_semester`, `class_day`, `class_location`, `class_name`, `class_description`) VALUES (15, 12, 14, '13:00', '14:00', 1, 1, 'DO/M17', NULL, NULL);
INSERT INTO `ModulerDatabase`.`Classes` (`class_ID`, `module_ID`, `activity_type_ID`, `start_time`, `end_time`, `class_semester`, `class_day`, `class_location`, `class_name`, `class_description`) VALUES (16, 11, 14, '16:00', '17:00', 1, 2, 'DO/M17/M21', NULL, NULL);
INSERT INTO `ModulerDatabase`.`Classes` (`class_ID`, `module_ID`, `activity_type_ID`, `start_time`, `end_time`, `class_semester`, `class_day`, `class_location`, `class_name`, `class_description`) VALUES (17, 10, 14, '09:00', '10:00', 1, 3, 'M20/M21', NULL, NULL);
INSERT INTO `ModulerDatabase`.`Classes` (`class_ID`, `module_ID`, `activity_type_ID`, `start_time`, `end_time`, `class_semester`, `class_day`, `class_location`, `class_name`, `class_description`) VALUES (18, 7, 14, '13:00', '14:00', 1, 4, 'M17', NULL, NULL);
INSERT INTO `ModulerDatabase`.`Classes` (`class_ID`, `module_ID`, `activity_type_ID`, `start_time`, `end_time`, `class_semester`, `class_day`, `class_location`, `class_name`, `class_description`) VALUES (19, 7, 15, '14:00', '17:00', 1, 1, 'PCTL', NULL, NULL);
INSERT INTO `ModulerDatabase`.`Classes` (`class_ID`, `module_ID`, `activity_type_ID`, `start_time`, `end_time`, `class_semester`, `class_day`, `class_location`, `class_name`, `class_description`) VALUES (20, 11, 15, '14:00', '16:00', 1, 2, 'LAB', NULL, NULL);
INSERT INTO `ModulerDatabase`.`Classes` (`class_ID`, `module_ID`, `activity_type_ID`, `start_time`, `end_time`, `class_semester`, `class_day`, `class_location`, `class_name`, `class_description`) VALUES (21, 11, 15, '14:00', '16:00', 1, 5, 'LAB', NULL, NULL);
INSERT INTO `ModulerDatabase`.`Classes` (`class_ID`, `module_ID`, `activity_type_ID`, `start_time`, `end_time`, `class_semester`, `class_day`, `class_location`, `class_name`, `class_description`) VALUES (22, 4, 15, '09:00', '12:00', 1, 5, 'CADLAB', NULL, NULL);
INSERT INTO `ModulerDatabase`.`Classes` (`class_ID`, `module_ID`, `activity_type_ID`, `start_time`, `end_time`, `class_semester`, `class_day`, `class_location`, `class_name`, `class_description`) VALUES (23, 9, 13, '09:00', '10:00', 2, 1, 'HAM3', NULL, NULL);
INSERT INTO `ModulerDatabase`.`Classes` (`class_ID`, `module_ID`, `activity_type_ID`, `start_time`, `end_time`, `class_semester`, `class_day`, `class_location`, `class_name`, `class_description`) VALUES (24, 8, 13, '10:00', '11:00', 2, 1, 'HAM3', NULL, NULL);
INSERT INTO `ModulerDatabase`.`Classes` (`class_ID`, `module_ID`, `activity_type_ID`, `start_time`, `end_time`, `class_semester`, `class_day`, `class_location`, `class_name`, `class_description`) VALUES (25, 6, 13, '11:00', '12:00', 2, 1, 'HAM3', NULL, NULL);
INSERT INTO `ModulerDatabase`.`Classes` (`class_ID`, `module_ID`, `activity_type_ID`, `start_time`, `end_time`, `class_semester`, `class_day`, `class_location`, `class_name`, `class_description`) VALUES (26, 13, 13, '13:00', '14:00', 2, 1, 'GOLDHALL', NULL, NULL);
INSERT INTO `ModulerDatabase`.`Classes` (`class_ID`, `module_ID`, `activity_type_ID`, `start_time`, `end_time`, `class_semester`, `class_day`, `class_location`, `class_name`, `class_description`) VALUES (27, 6, 13, '12:00', '13:00', 2, 2, 'GOLDHALL', NULL, NULL);
INSERT INTO `ModulerDatabase`.`Classes` (`class_ID`, `module_ID`, `activity_type_ID`, `start_time`, `end_time`, `class_semester`, `class_day`, `class_location`, `class_name`, `class_description`) VALUES (28, 9, 13, '09:00', '10:00', 2, 3, 'HAM3', NULL, NULL);
INSERT INTO `ModulerDatabase`.`Classes` (`class_ID`, `module_ID`, `activity_type_ID`, `start_time`, `end_time`, `class_semester`, `class_day`, `class_location`, `class_name`, `class_description`) VALUES (29, 5, 13, '10:00', '11:00', 2, 3, 'HAM3', NULL, NULL);
INSERT INTO `ModulerDatabase`.`Classes` (`class_ID`, `module_ID`, `activity_type_ID`, `start_time`, `end_time`, `class_semester`, `class_day`, `class_location`, `class_name`, `class_description`) VALUES (30, 8, 13, '11:00', '12:00', 2, 3, 'HAM3', NULL, NULL);
INSERT INTO `ModulerDatabase`.`Classes` (`class_ID`, `module_ID`, `activity_type_ID`, `start_time`, `end_time`, `class_semester`, `class_day`, `class_location`, `class_name`, `class_description`) VALUES (31, 13, 13, '13:00', '14:00', 2, 3, 'GOLDHALL', NULL, NULL);
INSERT INTO `ModulerDatabase`.`Classes` (`class_ID`, `module_ID`, `activity_type_ID`, `start_time`, `end_time`, `class_semester`, `class_day`, `class_location`, `class_name`, `class_description`) VALUES (32, 5, 13, '17:00', '18:00', 2, 4, '2039', NULL, NULL);
INSERT INTO `ModulerDatabase`.`Classes` (`class_ID`, `module_ID`, `activity_type_ID`, `start_time`, `end_time`, `class_semester`, `class_day`, `class_location`, `class_name`, `class_description`) VALUES (33, 9, 13, '09:00', '10:00', 2, 5, '1008', NULL, NULL);
INSERT INTO `ModulerDatabase`.`Classes` (`class_ID`, `module_ID`, `activity_type_ID`, `start_time`, `end_time`, `class_semester`, `class_day`, `class_location`, `class_name`, `class_description`) VALUES (34, 8, 13, '10:00', '11:00', 2, 5, 'HAM3', NULL, NULL);
INSERT INTO `ModulerDatabase`.`Classes` (`class_ID`, `module_ID`, `activity_type_ID`, `start_time`, `end_time`, `class_semester`, `class_day`, `class_location`, `class_name`, `class_description`) VALUES (35, 13, 13, '11:00', '12:00', 2, 5, 'HAM3', NULL, NULL);
INSERT INTO `ModulerDatabase`.`Classes` (`class_ID`, `module_ID`, `activity_type_ID`, `start_time`, `end_time`, `class_semester`, `class_day`, `class_location`, `class_name`, `class_description`) VALUES (36, 6, 13, '12:00', '13:00', 2, 5, 'HAM3', NULL, NULL);
INSERT INTO `ModulerDatabase`.`Classes` (`class_ID`, `module_ID`, `activity_type_ID`, `start_time`, `end_time`, `class_semester`, `class_day`, `class_location`, `class_name`, `class_description`) VALUES (37, 5, 13, '14:00', '15:00', 2, 5, 'HAM4', NULL, NULL);
INSERT INTO `ModulerDatabase`.`Classes` (`class_ID`, `module_ID`, `activity_type_ID`, `start_time`, `end_time`, `class_semester`, `class_day`, `class_location`, `class_name`, `class_description`) VALUES (38, 14, 13, '15:00', '16:00', 2, 5, 'HAM4', NULL, NULL);
INSERT INTO `ModulerDatabase`.`Classes` (`class_ID`, `module_ID`, `activity_type_ID`, `start_time`, `end_time`, `class_semester`, `class_day`, `class_location`, `class_name`, `class_description`) VALUES (39, 9, 14, '09:00', '10:00', 2, 1, 'M17/M20', NULL, NULL);
INSERT INTO `ModulerDatabase`.`Classes` (`class_ID`, `module_ID`, `activity_type_ID`, `start_time`, `end_time`, `class_semester`, `class_day`, `class_location`, `class_name`, `class_description`) VALUES (40, 6, 14, '11:00', '12:00', 2, 1, 'LB04', NULL, NULL);
INSERT INTO `ModulerDatabase`.`Classes` (`class_ID`, `module_ID`, `activity_type_ID`, `start_time`, `end_time`, `class_semester`, `class_day`, `class_location`, `class_name`, `class_description`) VALUES (41, 5, 14, '15:00', '16:00', 2, 4, 'DO', NULL, NULL);
INSERT INTO `ModulerDatabase`.`Classes` (`class_ID`, `module_ID`, `activity_type_ID`, `start_time`, `end_time`, `class_semester`, `class_day`, `class_location`, `class_name`, `class_description`) VALUES (42, 8, 15, '14:00', '17:00', 2, 1, 'SNIAM', NULL, NULL);
INSERT INTO `ModulerDatabase`.`Classes` (`class_ID`, `module_ID`, `activity_type_ID`, `start_time`, `end_time`, `class_semester`, `class_day`, `class_location`, `class_name`, `class_description`) VALUES (43, 5, 15, '14:00', '16:00', 2, 2, 'LAB', NULL, NULL);
INSERT INTO `ModulerDatabase`.`Classes` (`class_ID`, `module_ID`, `activity_type_ID`, `start_time`, `end_time`, `class_semester`, `class_day`, `class_location`, `class_name`, `class_description`) VALUES (44, 13, 15, '14:00', '16:00', 2, 3, 'EEMAC', NULL, NULL);
INSERT INTO `ModulerDatabase`.`Classes` (`class_ID`, `module_ID`, `activity_type_ID`, `start_time`, `end_time`, `class_semester`, `class_day`, `class_location`, `class_name`, `class_description`) VALUES (45, 14, 15, '09:00', '12:00', 2, 4, 'DO', NULL, NULL);
INSERT INTO `ModulerDatabase`.`Classes` (`class_ID`, `module_ID`, `activity_type_ID`, `start_time`, `end_time`, `class_semester`, `class_day`, `class_location`, `class_name`, `class_description`) VALUES (46, 6, 15, '13:00', '14:00', 2, 4, 'UGLAB', NULL, NULL);

COMMIT;


-- -----------------------------------------------------
-- Data for table `ModulerDatabase`.`Students`
-- -----------------------------------------------------
START TRANSACTION;
USE `ModulerDatabase`;
INSERT INTO `ModulerDatabase`.`Students` (`student_ID`, `student_name`, `course_ID`, `student_email`, `student_number`) VALUES (1, 'Cian Wallnutt', 1, 'wallnutc@tcd.ie', 15317717);
INSERT INTO `ModulerDatabase`.`Students` (`student_ID`, `student_name`, `course_ID`, `student_email`, `student_number`) VALUES (2, 'Harry Lo', 1, 'lots@tcd.ie', 15316589);

COMMIT;


-- -----------------------------------------------------
-- Data for table `ModulerDatabase`.`Days`
-- -----------------------------------------------------
START TRANSACTION;
USE `ModulerDatabase`;
INSERT INTO `ModulerDatabase`.`Days` (`day_ID`, `day`) VALUES (1, 'Monday');
INSERT INTO `ModulerDatabase`.`Days` (`day_ID`, `day`) VALUES (2, 'Tuesday');
INSERT INTO `ModulerDatabase`.`Days` (`day_ID`, `day`) VALUES (3, 'Wednesday');
INSERT INTO `ModulerDatabase`.`Days` (`day_ID`, `day`) VALUES (4, 'Thursday');
INSERT INTO `ModulerDatabase`.`Days` (`day_ID`, `day`) VALUES (5, 'Friday');

COMMIT;

